Recipe,Lot,Wafer,MAX Area Void,MAX Diameter Void,Total NG,DieId,BumpId,Area Percent,Diameter Percent
G9,d26,126173086.17,28.45,53.34,890.00,60,1525,12.66,35.58
G9,d26,126173086.17,28.45,53.34,890.00,60,1550,9.70,31.15
G9,d26,126173086.17,28.45,53.34,890.00,60,1589,13.94,37.34
G9,d26,126173086.17,28.45,53.34,890.00,60,1652,9.84,31.36
G9,d26,126173086.17,28.45,53.34,890.00,60,1786,9.56,30.91
G9,d26,126173086.17,28.45,53.34,890.00,60,1793,10.51,32.41
G9,d26,126173086.17,28.45,53.34,890.00,60,1843,8.68,29.47
G9,d26,126173086.17,28.45,53.34,890.00,60,1850,9.02,30.03
G9,d26,126173086.17,28.45,53.34,890.00,60,1936,11.78,34.33
G9,d26,126173086.17,28.45,53.34,890.00,60,2043,10.56,32.49
G9,d26,126173086.17,28.45,53.34,890.00,60,2119,9.01,30.02
G9,d26,126173086.17,28.45,53.34,890.00,60,2162,13.02,36.08
G9,d26,126173086.17,28.45,53.34,890.00,60,2163,10.30,32.09
G9,d26,126173086.17,28.45,53.34,890.00,60,2202,9.24,30.40
G9,d26,126173086.17,28.45,53.34,890.00,60,2210,8.41,29.00
G9,d26,126173086.17,28.45,53.34,890.00,60,2211,9.82,31.34
G9,d26,126173086.17,28.45,53.34,890.00,60,2212,8.65,29.41
G9,d26,126173086.17,28.45,53.34,890.00,60,2307,14.51,38.09
G9,d26,126173086.17,28.45,53.34,890.00,60,2345,11.59,34.04
G9,d26,126173086.17,28.45,53.34,890.00,60,2346,8.16,28.57
G9,d26,126173086.17,28.45,53.34,890.00,60,2349,8.13,28.51
G9,d26,126173086.17,28.45,53.34,890.00,60,2350,9.32,30.53
G9,d26,126173086.17,28.45,53.34,890.00,60,2394,8.71,29.52
G9,d26,126173086.17,28.45,53.34,890.00,60,2396,8.07,28.41
G9,d26,126173086.17,28.45,53.34,890.00,60,2398,11.76,34.30
G9,d26,126173086.17,28.45,53.34,890.00,60,2405,9.50,30.81
G9,d26,126173086.17,28.45,53.34,890.00,60,2413,9.52,30.86
G9,d26,126173086.17,28.45,53.34,890.00,60,2416,8.07,28.41
G9,d26,126173086.17,28.45,53.34,890.00,60,2499,10.11,31.80
G9,d26,126173086.17,28.45,53.34,890.00,60,2500,11.50,33.91
G9,d26,126173086.17,28.45,53.34,890.00,60,2502,9.38,30.63
G9,d26,126173086.17,28.45,53.34,890.00,60,2584,8.72,29.53
G9,d26,126173086.17,28.45,53.34,890.00,60,2588,12.37,35.16
G9,d26,126173086.17,28.45,53.34,890.00,60,2589,10.23,31.99
G9,d26,126173086.17,28.45,53.34,890.00,60,2685,9.22,30.36
G9,d26,126173086.17,28.45,53.34,890.00,60,2687,9.15,30.26
G9,d26,126173086.17,28.45,53.34,890.00,60,2689,11.77,34.31
G9,d26,126173086.17,28.45,53.34,890.00,60,2690,12.40,35.22
G9,d26,126173086.17,28.45,53.34,890.00,60,2694,8.46,29.08
G9,d26,126173086.17,28.45,53.34,890.00,60,2696,10.00,31.62
G9,d26,126173086.17,28.45,53.34,890.00,60,2697,8.54,29.23
G9,d26,126173086.17,28.45,53.34,890.00,60,2698,10.07,31.74
G9,d26,126173086.17,28.45,53.34,890.00,60,2699,8.34,28.88
G9,d26,126173086.17,28.45,53.34,890.00,60,2700,10.78,32.83
G9,d26,126173086.17,28.45,53.34,890.00,60,2701,11.14,33.38
G9,d26,126173086.17,28.45,53.34,890.00,60,2758,8.70,29.50
G9,d26,126173086.17,28.45,53.34,890.00,60,2759,10.96,33.10
G9,d26,126173086.17,28.45,53.34,890.00,60,2773,12.80,35.78
G9,d26,126173086.17,28.45,53.34,890.00,60,2774,12.20,34.93
G9,d26,126173086.17,28.45,53.34,890.00,60,2776,8.30,28.81
G9,d26,126173086.17,28.45,53.34,890.00,60,2779,9.10,30.16
G9,d26,126173086.17,28.45,53.34,890.00,60,2780,8.27,28.75
G9,d26,126173086.17,28.45,53.34,890.00,60,2850,9.34,30.56
G9,d26,126173086.17,28.45,53.34,890.00,60,2851,8.59,29.31
G9,d26,126173086.17,28.45,53.34,890.00,60,2852,12.77,35.74
G9,d26,126173086.17,28.45,53.34,890.00,60,2860,10.87,32.97
G9,d26,126173086.17,28.45,53.34,890.00,60,2861,10.27,32.05
G9,d26,126173086.17,28.45,53.34,890.00,60,2919,10.02,31.66
G9,d26,126173086.17,28.45,53.34,890.00,60,2941,9.31,30.52
G9,d26,126173086.17,28.45,53.34,890.00,60,2944,11.38,33.73
G9,d26,126173086.17,28.45,53.34,890.00,60,2946,14.52,38.10
G9,d26,126173086.17,28.45,53.34,890.00,60,2950,12.76,35.72
G9,d26,126173086.17,28.45,53.34,890.00,60,2951,11.88,34.46
G9,d26,126173086.17,28.45,53.34,890.00,60,2954,9.53,30.87
G9,d26,126173086.17,28.45,53.34,890.00,60,3026,11.41,33.78
G9,d26,126173086.17,28.45,53.34,890.00,60,3043,12.02,34.67
G9,d26,126173086.17,28.45,53.34,890.00,60,3044,8.26,28.74
G9,d26,126173086.17,28.45,53.34,890.00,60,3045,8.69,29.48
G9,d26,126173086.17,28.45,53.34,890.00,60,3053,8.22,28.67
G9,d26,126173086.17,28.45,53.34,890.00,60,3054,9.86,31.40
G9,d26,126173086.17,28.45,53.34,890.00,60,3055,11.88,34.47
G9,d26,126173086.17,28.45,53.34,890.00,60,3058,8.24,28.71
G9,d26,126173086.17,28.45,53.34,890.00,60,3059,12.32,35.10
G9,d26,126173086.17,28.45,53.34,890.00,60,3060,9.67,31.10
G9,d26,126173086.17,28.45,53.34,890.00,60,3135,12.05,34.72
G9,d26,126173086.17,28.45,53.34,890.00,60,3136,14.05,37.48
G9,d26,126173086.17,28.45,53.34,890.00,60,3138,9.15,30.25
G9,d26,126173086.17,28.45,53.34,890.00,60,3139,11.78,34.33
G9,d26,126173086.17,28.45,53.34,890.00,60,3170,13.13,36.23
G9,d26,126173086.17,28.45,53.34,890.00,60,3171,9.00,30.00
G9,d26,126173086.17,28.45,53.34,890.00,60,3200,9.58,30.96
G9,d26,126173086.17,28.45,53.34,890.00,60,3210,12.52,35.39
G9,d26,126173086.17,28.45,53.34,890.00,60,3225,8.35,28.89
G9,d26,126173086.17,28.45,53.34,890.00,60,3288,8.01,28.30
G9,d26,126173086.17,28.45,53.34,890.00,60,3301,11.96,34.58
G9,d26,126173086.17,28.45,53.34,890.00,60,3303,10.16,31.87
G9,d26,126173086.17,28.45,53.34,890.00,60,3304,8.37,28.92
G9,d26,126173086.17,28.45,53.34,890.00,60,3305,10.42,32.27
G9,d26,126173086.17,28.45,53.34,890.00,60,3307,9.94,31.53
G9,d26,126173086.17,28.45,53.34,890.00,60,3310,10.68,32.68
G9,d26,126173086.17,28.45,53.34,890.00,60,3311,12.04,34.69
G9,d26,126173086.17,28.45,53.34,890.00,60,3312,13.96,37.37
G9,d26,126173086.17,28.45,53.34,890.00,60,3314,11.91,34.51
G9,d26,126173086.17,28.45,53.34,890.00,60,3315,10.70,32.71
G9,d26,126173086.17,28.45,53.34,890.00,60,3317,9.20,30.33
G9,d26,126173086.17,28.45,53.34,890.00,60,3389,11.64,34.12
G9,d26,126173086.17,28.45,53.34,890.00,60,3408,9.39,30.64
G9,d26,126173086.17,28.45,53.34,890.00,60,3411,11.98,34.62
G9,d26,126173086.17,28.45,53.34,890.00,60,3413,9.95,31.54
G9,d26,126173086.17,28.45,53.34,890.00,60,3415,10.30,32.09
G9,d26,126173086.17,28.45,53.34,890.00,60,3416,13.19,36.32
G9,d26,126173086.17,28.45,53.34,890.00,60,3418,13.08,36.17
G9,d26,126173086.17,28.45,53.34,890.00,60,3419,12.91,35.93
G9,d26,126173086.17,28.45,53.34,890.00,60,3420,11.05,33.25
G9,d26,126173086.17,28.45,53.34,890.00,60,3421,8.58,29.29
G9,d26,126173086.17,28.45,53.34,890.00,60,3422,12.67,35.60
G9,d26,126173086.17,28.45,53.34,890.00,60,3484,9.92,31.50
G9,d26,126173086.17,28.45,53.34,890.00,60,3485,10.70,32.72
G9,d26,126173086.17,28.45,53.34,890.00,60,3486,14.45,38.01
G9,d26,126173086.17,28.45,53.34,890.00,60,3508,8.32,28.84
G9,d26,126173086.17,28.45,53.34,890.00,60,3510,18.16,42.61
G9,d26,126173086.17,28.45,53.34,890.00,60,3511,9.65,31.07
G9,d26,126173086.17,28.45,53.34,890.00,60,3512,11.56,34.00
G9,d26,126173086.17,28.45,53.34,890.00,60,3513,9.62,31.02
G9,d26,126173086.17,28.45,53.34,890.00,60,3567,10.91,33.03
G9,d26,126173086.17,28.45,53.34,890.00,60,3584,14.26,37.77
G9,d26,126173086.17,28.45,53.34,890.00,60,3591,9.53,30.87
G9,d26,126173086.17,28.45,53.34,890.00,60,3592,10.28,32.06
G9,d26,126173086.17,28.45,53.34,890.00,60,3596,8.03,28.33
G9,d26,126173086.17,28.45,53.34,890.00,60,3656,12.62,35.53
G9,d26,126173086.17,28.45,53.34,890.00,60,3658,9.43,30.71
G9,d26,126173086.17,28.45,53.34,890.00,60,3659,9.01,30.01
G9,d26,126173086.17,28.45,53.34,890.00,60,3672,10.22,31.97
G9,d26,126173086.17,28.45,53.34,890.00,60,3677,12.30,35.07
G9,d26,126173086.17,28.45,53.34,890.00,60,3678,12.39,35.20
G9,d26,126173086.17,28.45,53.34,890.00,60,3680,13.92,37.31
G9,d26,126173086.17,28.45,53.34,890.00,60,3682,9.72,31.18
G9,d26,126173086.17,28.45,53.34,890.00,60,3683,12.47,35.31
G9,d26,126173086.17,28.45,53.34,890.00,60,3684,13.91,37.29
G9,d26,126173086.17,28.45,53.34,890.00,60,3688,10.02,31.65
G9,d26,126173086.17,28.45,53.34,890.00,60,3764,9.50,30.83
G9,d26,126173086.17,28.45,53.34,890.00,60,3779,12.81,35.79
G9,d26,126173086.17,28.45,53.34,890.00,60,3780,8.38,28.94
G9,d26,126173086.17,28.45,53.34,890.00,60,3785,10.04,31.68
G9,d26,126173086.17,28.45,53.34,890.00,60,3787,12.88,35.89
G9,d26,126173086.17,28.45,53.34,890.00,60,3790,16.86,41.07
G9,d26,126173086.17,28.45,53.34,890.00,60,3791,8.22,28.66
G9,d26,126173086.17,28.45,53.34,890.00,60,3792,13.24,36.38
G9,d26,126173086.17,28.45,53.34,890.00,60,3854,10.98,33.14
G9,d26,126173086.17,28.45,53.34,890.00,60,3855,8.34,28.88
G9,d26,126173086.17,28.45,53.34,890.00,60,3871,10.60,32.56
G9,d26,126173086.17,28.45,53.34,890.00,60,3872,11.15,33.39
G9,d26,126173086.17,28.45,53.34,890.00,60,3873,14.12,37.58
G9,d26,126173086.17,28.45,53.34,890.00,60,3875,11.74,34.26
G9,d26,126173086.17,28.45,53.34,890.00,60,3876,9.78,31.28
G9,d26,126173086.17,28.45,53.34,890.00,60,3877,8.60,29.33
G9,d26,126173086.17,28.45,53.34,890.00,60,3878,11.74,34.27
G9,d26,126173086.17,28.45,53.34,890.00,60,3880,14.05,37.49
G9,d26,126173086.17,28.45,53.34,890.00,60,3935,9.87,31.41
G9,d26,126173086.17,28.45,53.34,890.00,60,3960,8.50,29.16
G9,d26,126173086.17,28.45,53.34,890.00,60,3961,10.81,32.88
G9,d26,126173086.17,28.45,53.34,890.00,60,3962,8.09,28.43
G9,d26,126173086.17,28.45,53.34,890.00,60,3963,11.07,33.27
G9,d26,126173086.17,28.45,53.34,890.00,60,4042,13.24,36.38
G9,d26,126173086.17,28.45,53.34,890.00,60,4044,11.54,33.96
G9,d26,126173086.17,28.45,53.34,890.00,60,4046,10.74,32.77
G9,d26,126173086.17,28.45,53.34,890.00,60,4047,9.66,31.09
G9,d26,126173086.17,28.45,53.34,890.00,60,4048,11.89,34.49
G9,d26,126173086.17,28.45,53.34,890.00,60,4050,14.95,38.66
G9,d26,126173086.17,28.45,53.34,890.00,60,4053,13.68,36.98
G9,d26,126173086.17,28.45,53.34,890.00,60,4054,8.48,29.12
G9,d26,126173086.17,28.45,53.34,890.00,60,4056,10.06,31.72
G9,d26,126173086.17,28.45,53.34,890.00,60,4121,10.58,32.53
G9,d26,126173086.17,28.45,53.34,890.00,60,4149,11.77,34.31
G9,d26,126173086.17,28.45,53.34,890.00,60,4152,8.13,28.52
G9,d26,126173086.17,28.45,53.34,890.00,60,4153,14.79,38.46
G9,d26,126173086.17,28.45,53.34,890.00,60,4154,11.65,34.14
G9,d26,126173086.17,28.45,53.34,890.00,60,4155,10.76,32.80
G9,d26,126173086.17,28.45,53.34,890.00,60,4157,10.62,32.58
G9,d26,126173086.17,28.45,53.34,890.00,60,4158,9.19,30.31
G9,d26,126173086.17,28.45,53.34,890.00,60,4159,13.58,36.85
G9,d26,126173086.17,28.45,53.34,890.00,60,4160,14.49,38.07
G9,d26,126173086.17,28.45,53.34,890.00,60,4164,8.87,29.78
G9,d26,126173086.17,28.45,53.34,890.00,60,4222,8.41,29.01
G9,d26,126173086.17,28.45,53.34,890.00,60,4238,12.07,34.75
G9,d26,126173086.17,28.45,53.34,890.00,60,4240,12.27,35.02
G9,d26,126173086.17,28.45,53.34,890.00,60,4241,8.94,29.90
G9,d26,126173086.17,28.45,53.34,890.00,60,4243,8.33,28.87
G9,d26,126173086.17,28.45,53.34,890.00,60,4247,9.72,31.18
G9,d26,126173086.17,28.45,53.34,890.00,60,4294,8.15,28.54
G9,d26,126173086.17,28.45,53.34,890.00,60,4295,15.38,39.22
G9,d26,126173086.17,28.45,53.34,890.00,60,4327,11.85,34.42
G9,d26,126173086.17,28.45,53.34,890.00,60,4328,13.74,37.06
G9,d26,126173086.17,28.45,53.34,890.00,60,4329,11.51,33.93
G9,d26,126173086.17,28.45,53.34,890.00,60,4330,15.55,39.44
G9,d26,126173086.17,28.45,53.34,890.00,60,4331,9.55,30.90
G9,d26,126173086.17,28.45,53.34,890.00,60,4335,8.49,29.14
G9,d26,126173086.17,28.45,53.34,890.00,60,4397,11.56,33.99
G9,d26,126173086.17,28.45,53.34,890.00,60,4398,15.11,38.88
G9,d26,126173086.17,28.45,53.34,890.00,60,4412,10.53,32.44
G9,d26,126173086.17,28.45,53.34,890.00,60,4413,28.45,53.34
G9,d26,126173086.17,28.45,53.34,890.00,60,4414,9.43,30.71
G9,d26,126173086.17,28.45,53.34,890.00,60,4416,16.40,40.50
G9,d26,126173086.17,28.45,53.34,890.00,60,4418,17.26,41.54
G9,d26,126173086.17,28.45,53.34,890.00,60,4420,9.95,31.54
G9,d26,126173086.17,28.45,53.34,890.00,60,4421,8.46,29.09
G9,d26,126173086.17,28.45,53.34,890.00,60,4429,11.56,34.00
G9,d26,126173086.17,28.45,53.34,890.00,60,4430,8.84,29.74
G9,d26,126173086.17,28.45,53.34,890.00,60,4431,12.79,35.77
G9,d26,126173086.17,28.45,53.34,890.00,60,4432,13.94,37.34
G9,d26,126173086.17,28.45,53.34,890.00,60,4433,18.81,43.37
G9,d26,126173086.17,28.45,53.34,890.00,60,4523,8.35,28.90
G9,d26,126173086.17,28.45,53.34,890.00,60,4526,16.27,40.34
G9,d26,126173086.17,28.45,53.34,890.00,60,4527,11.99,34.62
G9,d26,126173086.17,28.45,53.34,890.00,60,4528,8.99,29.98
G9,d26,126173086.17,28.45,53.34,890.00,60,4530,9.25,30.42
G9,d26,126173086.17,28.45,53.34,890.00,60,4531,14.84,38.53
G9,d26,126173086.17,28.45,53.34,890.00,60,4533,13.81,37.16
G9,d26,126173086.17,28.45,53.34,890.00,60,4612,13.79,37.13
G9,d26,126173086.17,28.45,53.34,890.00,60,4614,8.04,28.35
G9,d26,126173086.17,28.45,53.34,890.00,60,4615,11.17,33.41
G9,d26,126173086.17,28.45,53.34,890.00,60,4621,14.45,38.02
G9,d26,126173086.17,28.45,53.34,890.00,60,4622,10.98,33.14
G9,d26,126173086.17,28.45,53.34,890.00,60,4623,13.02,36.08
G9,d26,126173086.17,28.45,53.34,890.00,60,4691,9.47,30.77
G9,d26,126173086.17,28.45,53.34,890.00,60,4693,8.42,29.02
G9,d26,126173086.17,28.45,53.34,890.00,60,4694,9.89,31.44
G9,d26,126173086.17,28.45,53.34,890.00,60,4698,14.65,38.27
G9,d26,126173086.17,28.45,53.34,890.00,60,4699,12.15,34.85
G9,d26,126173086.17,28.45,53.34,890.00,60,4763,13.60,36.88
G9,d26,126173086.17,28.45,53.34,890.00,60,4764,12.01,34.66
G9,d26,126173086.17,28.45,53.34,890.00,60,4778,16.58,40.72
G9,d26,126173086.17,28.45,53.34,890.00,60,4779,11.89,34.49
G9,d26,126173086.17,28.45,53.34,890.00,60,4780,10.55,32.48
G9,d26,126173086.17,28.45,53.34,890.00,60,4781,12.04,34.70
G9,d26,126173086.17,28.45,53.34,890.00,60,4788,8.50,29.16
G9,d26,126173086.17,28.45,53.34,890.00,60,4789,10.98,33.14
G9,d26,126173086.17,28.45,53.34,890.00,60,4791,8.96,29.94
G9,d26,126173086.17,28.45,53.34,890.00,60,4793,8.11,28.47
G9,d26,126173086.17,28.45,53.34,890.00,60,4794,10.63,32.60
G9,d26,126173086.17,28.45,53.34,890.00,60,4795,9.79,31.30
G9,d26,126173086.17,28.45,53.34,890.00,60,4797,8.86,29.76
G9,d26,126173086.17,28.45,53.34,890.00,60,4894,13.01,36.07
G9,d26,126173086.17,28.45,53.34,890.00,60,4897,12.12,34.82
G9,d26,126173086.17,28.45,53.34,890.00,60,4898,13.84,37.20
G9,d26,126173086.17,28.45,53.34,890.00,60,4903,9.90,31.46
G9,d26,126173086.17,28.45,53.34,890.00,60,4964,10.22,31.97
G9,d26,126173086.17,28.45,53.34,890.00,60,4966,10.89,33.00
G9,d26,126173086.17,28.45,53.34,890.00,60,4976,8.37,28.93
G9,d26,126173086.17,28.45,53.34,890.00,60,4988,10.60,32.55
G9,d26,126173086.17,28.45,53.34,890.00,60,4989,10.66,32.65
G9,d26,126173086.17,28.45,53.34,890.00,60,4991,8.14,28.52
G9,d26,126173086.17,28.45,53.34,890.00,60,4992,9.20,30.33
G9,d26,126173086.17,28.45,53.34,890.00,60,5067,8.19,28.62
G9,d26,126173086.17,28.45,53.34,890.00,60,5070,14.54,38.13
G9,d26,126173086.17,28.45,53.34,890.00,60,5072,9.37,30.61
G9,d26,126173086.17,28.45,53.34,890.00,60,5077,9.50,30.82
G9,d26,126173086.17,28.45,53.34,890.00,60,5079,11.51,33.93
G9,d26,126173086.17,28.45,53.34,890.00,60,5134,8.29,28.79
G9,d26,126173086.17,28.45,53.34,890.00,60,5138,12.03,34.69
G9,d26,126173086.17,28.45,53.34,890.00,60,5147,9.96,31.55
G9,d26,126173086.17,28.45,53.34,890.00,60,5148,14.24,37.74
G9,d26,126173086.17,28.45,53.34,890.00,60,5160,8.64,29.39
G9,d26,126173086.17,28.45,53.34,890.00,60,5161,12.34,35.12
G9,d26,126173086.17,28.45,53.34,890.00,60,5162,10.03,31.68
G9,d26,126173086.17,28.45,53.34,890.00,60,5163,19.19,43.81
G9,d26,126173086.17,28.45,53.34,890.00,60,5164,9.58,30.94
G9,d26,126173086.17,28.45,53.34,890.00,60,5259,9.65,31.07
G9,d26,126173086.17,28.45,53.34,890.00,60,5261,9.91,31.48
G9,d26,126173086.17,28.45,53.34,890.00,60,5262,11.79,34.34
G9,d26,126173086.17,28.45,53.34,890.00,60,5263,12.34,35.12
G9,d26,126173086.17,28.45,53.34,890.00,60,5266,8.51,29.18
G9,d26,126173086.17,28.45,53.34,890.00,60,5267,13.76,37.09
G9,d26,126173086.17,28.45,53.34,890.00,60,5268,8.46,29.09
G9,d26,126173086.17,28.45,53.34,890.00,60,5278,11.39,33.75
G9,d26,126173086.17,28.45,53.34,890.00,60,5279,8.53,29.21
G9,d26,126173086.17,28.45,53.34,890.00,60,5334,8.99,29.99
G9,d26,126173086.17,28.45,53.34,890.00,60,5337,10.73,32.76
G9,d26,126173086.17,28.45,53.34,890.00,60,5344,15.36,39.19
G9,d26,126173086.17,28.45,53.34,890.00,60,5351,9.39,30.64
G9,d26,126173086.17,28.45,53.34,890.00,60,5354,10.23,31.99
G9,d26,126173086.17,28.45,53.34,890.00,60,5355,12.70,35.64
G9,d26,126173086.17,28.45,53.34,890.00,60,5356,10.20,31.94
G9,d26,126173086.17,28.45,53.34,890.00,60,5425,12.23,34.97
G9,d26,126173086.17,28.45,53.34,890.00,60,5427,8.55,29.24
G9,d26,126173086.17,28.45,53.34,890.00,60,5430,9.95,31.55
G9,d26,126173086.17,28.45,53.34,890.00,60,5433,10.03,31.68
G9,d26,126173086.17,28.45,53.34,890.00,60,5434,11.77,34.31
G9,d26,126173086.17,28.45,53.34,890.00,60,5436,11.41,33.78
G9,d26,126173086.17,28.45,53.34,890.00,60,5499,14.93,38.65
G9,d26,126173086.17,28.45,53.34,890.00,60,5513,15.85,39.81
G9,d26,126173086.17,28.45,53.34,890.00,60,5515,8.83,29.72
G9,d26,126173086.17,28.45,53.34,890.00,60,5516,10.79,32.85
G9,d26,126173086.17,28.45,53.34,890.00,60,5521,11.99,34.62
G9,d26,126173086.17,28.45,53.34,890.00,60,5523,10.01,31.64
G9,d26,126173086.17,28.45,53.34,890.00,60,5524,10.45,32.33
G9,d26,126173086.17,28.45,53.34,890.00,60,5526,11.06,33.26
G9,d26,126173086.17,28.45,53.34,890.00,60,5620,14.80,38.46
G9,d26,126173086.17,28.45,53.34,890.00,60,5629,9.76,31.24
G9,d26,126173086.17,28.45,53.34,890.00,60,5630,10.40,32.25
G9,d26,126173086.17,28.45,53.34,890.00,60,5632,10.07,31.74
G9,d26,126173086.17,28.45,53.34,890.00,60,5633,9.02,30.03
G9,d26,126173086.17,28.45,53.34,890.00,60,5634,9.46,30.76
G9,d26,126173086.17,28.45,53.34,890.00,60,5636,10.30,32.10
G9,d26,126173086.17,28.45,53.34,890.00,60,5697,8.21,28.65
G9,d26,126173086.17,28.45,53.34,890.00,60,5719,12.14,34.85
G9,d26,126173086.17,28.45,53.34,890.00,60,5776,11.87,34.45
G9,d26,126173086.17,28.45,53.34,890.00,60,5802,8.58,29.29
G9,d26,126173086.17,28.45,53.34,890.00,60,5803,9.43,30.71
G9,d26,126173086.17,28.45,53.34,890.00,60,5866,10.96,33.11
G9,d26,126173086.17,28.45,53.34,890.00,60,5890,9.54,30.89
G9,d26,126173086.17,28.45,53.34,890.00,60,5897,9.96,31.56
G9,d26,126173086.17,28.45,53.34,890.00,60,5898,12.18,34.90
G9,d26,126173086.17,28.45,53.34,890.00,60,5899,13.50,36.74
G9,d26,126173086.17,28.45,53.34,890.00,60,5900,10.38,32.22
G9,d26,126173086.17,28.45,53.34,890.00,60,5999,8.36,28.92
G9,d26,126173086.17,28.45,53.34,890.00,60,6000,17.48,41.81
G9,d26,126173086.17,28.45,53.34,890.00,60,6001,8.46,29.08
G9,d26,126173086.17,28.45,53.34,890.00,60,6064,8.84,29.73
G9,d26,126173086.17,28.45,53.34,890.00,60,6065,11.54,33.97
G9,d26,126173086.17,28.45,53.34,890.00,60,6066,15.63,39.54
G9,d26,126173086.17,28.45,53.34,890.00,60,6067,9.26,30.43
G9,d26,126173086.17,28.45,53.34,890.00,60,6081,10.03,31.68
G9,d26,126173086.17,28.45,53.34,890.00,60,6084,11.58,34.03
G9,d26,126173086.17,28.45,53.34,890.00,60,6087,11.33,33.65
G9,d26,126173086.17,28.45,53.34,890.00,60,6162,12.91,35.93
G9,d26,126173086.17,28.45,53.34,890.00,60,6163,11.99,34.63
G9,d26,126173086.17,28.45,53.34,890.00,60,6164,10.29,32.08
G9,d26,126173086.17,28.45,53.34,890.00,60,6247,8.79,29.65
G9,d26,126173086.17,28.45,53.34,890.00,60,6251,12.46,35.29
G9,d26,126173086.17,28.45,53.34,890.00,60,6254,12.34,35.13
G9,d26,126173086.17,28.45,53.34,890.00,60,6255,10.30,32.10
G9,d26,126173086.17,28.45,53.34,890.00,60,6259,8.07,28.41
G9,d26,126173086.17,28.45,53.34,890.00,60,6260,8.22,28.67
G9,d26,126173086.17,28.45,53.34,890.00,60,6358,8.16,28.57
G9,d26,126173086.17,28.45,53.34,890.00,60,6364,8.53,29.21
G9,d26,126173086.17,28.45,53.34,890.00,60,6369,8.22,28.67
G9,d26,126173086.17,28.45,53.34,890.00,60,6511,8.47,29.10
G9,d26,126173086.17,28.45,53.34,890.00,60,6514,8.45,29.07
G9,d26,126173086.17,28.45,53.34,890.00,60,6515,8.61,29.34
G9,d26,126173086.17,28.45,53.34,890.00,60,6591,15.11,38.87
G9,d26,126173086.17,28.45,53.34,890.00,60,6671,9.38,30.63
G9,d26,126173086.17,28.45,53.34,890.00,60,6767,13.53,36.78
G9,d26,126173086.17,28.45,53.34,890.00,60,6791,10.00,31.62
G9,d26,126173086.17,28.45,53.34,890.00,60,6792,8.31,28.83
G9,d26,126173086.17,28.45,53.34,890.00,60,6968,8.92,29.87
G9,d26,126173086.17,28.45,53.34,890.00,60,6969,9.16,30.26
G9,d26,126173086.17,28.45,53.34,890.00,60,7045,8.81,29.68
G9,d26,126173086.17,28.45,53.34,890.00,60,7052,8.49,29.13
G9,d26,126173086.17,28.45,53.34,890.00,60,7087,11.17,33.42
G9,d26,126173086.17,28.45,53.34,890.00,60,7154,8.88,29.80
G9,d26,126173086.17,28.45,53.34,890.00,60,7159,10.75,32.78
G9,d26,126173086.17,28.45,53.34,890.00,60,7161,8.10,28.45
G9,d26,126173086.17,28.45,53.34,890.00,228,1549,8.58,29.29
G9,d26,126173086.17,28.45,53.34,890.00,228,1735,8.04,28.36
G9,d26,126173086.17,28.45,53.34,890.00,228,1841,8.91,29.84
G9,d26,126173086.17,28.45,53.34,890.00,228,1918,8.11,28.47
G9,d26,126173086.17,28.45,53.34,890.00,228,1981,8.36,28.91
G9,d26,126173086.17,28.45,53.34,890.00,228,2027,10.07,31.73
G9,d26,126173086.17,28.45,53.34,890.00,228,2290,9.94,31.53
G9,d26,126173086.17,28.45,53.34,890.00,228,2346,11.62,34.08
G9,d26,126173086.17,28.45,53.34,890.00,228,2412,9.93,31.51
G9,d26,126173086.17,28.45,53.34,890.00,228,2692,9.93,31.51
G9,d26,126173086.17,28.45,53.34,890.00,228,2848,9.79,31.30
G9,d26,126173086.17,28.45,53.34,890.00,228,2860,9.35,30.58
G9,d26,126173086.17,28.45,53.34,890.00,228,2918,9.94,31.53
G9,d26,126173086.17,28.45,53.34,890.00,228,3052,10.30,32.09
G9,d26,126173086.17,28.45,53.34,890.00,228,3059,9.25,30.42
G9,d26,126173086.17,28.45,53.34,890.00,228,3119,14.11,37.56
G9,d26,126173086.17,28.45,53.34,890.00,228,3140,10.77,32.81
G9,d26,126173086.17,28.45,53.34,890.00,228,3211,14.24,37.73
G9,d26,126173086.17,28.45,53.34,890.00,228,3224,10.66,32.65
G9,d26,126173086.17,28.45,53.34,890.00,228,3288,11.85,34.43
G9,d26,126173086.17,28.45,53.34,890.00,228,3306,8.24,28.70
G9,d26,126173086.17,28.45,53.34,890.00,228,3410,12.22,34.95
G9,d26,126173086.17,28.45,53.34,890.00,228,3419,13.84,37.20
G9,d26,126173086.17,28.45,53.34,890.00,228,3486,9.38,30.63
G9,d26,126173086.17,28.45,53.34,890.00,228,3509,10.40,32.25
G9,d26,126173086.17,28.45,53.34,890.00,228,3512,9.64,31.05
G9,d26,126173086.17,28.45,53.34,890.00,228,3513,9.48,30.79
G9,d26,126173086.17,28.45,53.34,890.00,228,3514,10.03,31.66
G9,d26,126173086.17,28.45,53.34,890.00,228,3591,8.55,29.24
G9,d26,126173086.17,28.45,53.34,890.00,228,3659,10.31,32.11
G9,d26,126173086.17,28.45,53.34,890.00,228,3676,8.94,29.90
G9,d26,126173086.17,28.45,53.34,890.00,228,3680,9.16,30.26
G9,d26,126173086.17,28.45,53.34,890.00,228,3681,9.05,30.08
G9,d26,126173086.17,28.45,53.34,890.00,228,3684,11.36,33.71
G9,d26,126173086.17,28.45,53.34,890.00,228,3686,10.73,32.76
G9,d26,126173086.17,28.45,53.34,890.00,228,3687,9.21,30.36
G9,d26,126173086.17,28.45,53.34,890.00,228,3765,8.03,28.34
G9,d26,126173086.17,28.45,53.34,890.00,228,3786,13.89,37.26
G9,d26,126173086.17,28.45,53.34,890.00,228,3854,9.27,30.44
G9,d26,126173086.17,28.45,53.34,890.00,228,3855,12.19,34.91
G9,d26,126173086.17,28.45,53.34,890.00,228,3871,10.33,32.14
G9,d26,126173086.17,28.45,53.34,890.00,228,3873,9.26,30.43
G9,d26,126173086.17,28.45,53.34,890.00,228,3960,9.05,30.08
G9,d26,126173086.17,28.45,53.34,890.00,228,3964,10.07,31.74
G9,d26,126173086.17,28.45,53.34,890.00,228,4045,8.65,29.42
G9,d26,126173086.17,28.45,53.34,890.00,228,4054,8.24,28.71
G9,d26,126173086.17,28.45,53.34,890.00,228,4121,10.01,31.64
G9,d26,126173086.17,28.45,53.34,890.00,228,4122,13.31,36.48
G9,d26,126173086.17,28.45,53.34,890.00,228,4151,8.72,29.53
G9,d26,126173086.17,28.45,53.34,890.00,228,4153,8.22,28.68
G9,d26,126173086.17,28.45,53.34,890.00,228,4156,11.95,34.56
G9,d26,126173086.17,28.45,53.34,890.00,228,4158,11.78,34.32
G9,d26,126173086.17,28.45,53.34,890.00,228,4241,15.61,39.50
G9,d26,126173086.17,28.45,53.34,890.00,228,4244,14.44,38.01
G9,d26,126173086.17,28.45,53.34,890.00,228,4397,11.72,34.23
G9,d26,126173086.17,28.45,53.34,890.00,228,4414,9.41,30.68
G9,d26,126173086.17,28.45,53.34,890.00,228,4415,10.87,32.97
G9,d26,126173086.17,28.45,53.34,890.00,228,4418,13.60,36.88
G9,d26,126173086.17,28.45,53.34,890.00,228,4459,11.49,33.90
G9,d26,126173086.17,28.45,53.34,890.00,228,4521,8.42,29.02
G9,d26,126173086.17,28.45,53.34,890.00,228,4526,8.22,28.68
G9,d26,126173086.17,28.45,53.34,890.00,228,4529,13.14,36.25
G9,d26,126173086.17,28.45,53.34,890.00,228,4531,12.24,34.99
G9,d26,126173086.17,28.45,53.34,890.00,228,4532,10.73,32.76
G9,d26,126173086.17,28.45,53.34,890.00,228,4535,9.37,30.61
G9,d26,126173086.17,28.45,53.34,890.00,228,4597,10.65,32.63
G9,d26,126173086.17,28.45,53.34,890.00,228,4623,8.97,29.95
G9,d26,126173086.17,28.45,53.34,890.00,228,4697,9.23,30.39
G9,d26,126173086.17,28.45,53.34,890.00,228,4788,8.25,28.73
G9,d26,126173086.17,28.45,53.34,890.00,228,4840,8.06,28.40
G9,d26,126173086.17,28.45,53.34,890.00,228,4897,8.98,29.96
G9,d26,126173086.17,28.45,53.34,890.00,228,4899,13.63,36.92
G9,d26,126173086.17,28.45,53.34,890.00,228,4900,9.65,31.06
G9,d26,126173086.17,28.45,53.34,890.00,228,4903,8.93,29.88
G9,d26,126173086.17,28.45,53.34,890.00,228,5072,11.14,33.38
G9,d26,126173086.17,28.45,53.34,890.00,228,5079,9.32,30.54
G9,d26,126173086.17,28.45,53.34,890.00,228,5149,8.72,29.53
G9,d26,126173086.17,28.45,53.34,890.00,228,5161,8.24,28.71
G9,d26,126173086.17,28.45,53.34,890.00,228,5167,9.24,30.39
G9,d26,126173086.17,28.45,53.34,890.00,228,5198,11.51,33.93
G9,d26,126173086.17,28.45,53.34,890.00,228,5267,10.04,31.69
G9,d26,126173086.17,28.45,53.34,890.00,228,5334,9.29,30.48
G9,d26,126173086.17,28.45,53.34,890.00,228,5356,8.63,29.38
G9,d26,126173086.17,28.45,53.34,890.00,228,5357,12.42,35.24
G9,d26,126173086.17,28.45,53.34,890.00,228,5435,8.63,29.38
G9,d26,126173086.17,28.45,53.34,890.00,228,5499,8.05,28.37
G9,d26,126173086.17,28.45,53.34,890.00,228,5514,10.54,32.47
G9,d26,126173086.17,28.45,53.34,890.00,228,5622,9.69,31.13
G9,d26,126173086.17,28.45,53.34,890.00,228,5624,8.71,29.51
G9,d26,126173086.17,28.45,53.34,890.00,228,5636,11.41,33.78
G9,d26,126173086.17,28.45,53.34,890.00,228,5696,9.74,31.20
G9,d26,126173086.17,28.45,53.34,890.00,228,5697,9.17,30.28
G9,d26,126173086.17,28.45,53.34,890.00,228,5719,8.00,28.29
G9,d26,126173086.17,28.45,53.34,890.00,228,5720,8.21,28.65
G9,d26,126173086.17,28.45,53.34,890.00,228,5796,12.61,35.51
G9,d26,126173086.17,28.45,53.34,890.00,228,5866,9.90,31.47
G9,d26,126173086.17,28.45,53.34,890.00,228,5890,8.19,28.62
G9,d26,126173086.17,28.45,53.34,890.00,228,5893,11.69,34.19
G9,d26,126173086.17,28.45,53.34,890.00,228,6004,8.15,28.56
G9,d26,126173086.17,28.45,53.34,890.00,228,6065,8.98,29.97
G9,d26,126173086.17,28.45,53.34,890.00,228,6159,8.50,29.15
G9,d26,126173086.17,28.45,53.34,890.00,228,6358,10.32,32.13
G9,d26,126173086.17,28.45,53.34,890.00,228,6364,8.94,29.90
G9,d26,126173086.17,28.45,53.34,890.00,228,6428,9.83,31.35
G9,d26,126173086.17,28.45,53.34,890.00,228,6614,8.24,28.71
G9,d26,126173086.17,28.45,53.34,890.00,228,6672,13.45,36.68
G9,d26,126173086.17,28.45,53.34,890.00,228,6787,9.49,30.81
G9,d26,126173086.17,28.45,53.34,890.00,228,6859,12.22,34.96
G9,d26,126173086.17,28.45,53.34,890.00,228,6860,8.02,28.32
G9,d26,126173086.17,28.45,53.34,890.00,228,6862,8.04,28.36
G9,d26,126173086.17,28.45,53.34,890.00,228,7049,12.20,34.92
G9,d26,126173086.17,28.45,53.34,890.00,242,1548,9.97,31.58
G9,d26,126173086.17,28.45,53.34,890.00,242,1653,9.18,30.30
G9,d26,126173086.17,28.45,53.34,890.00,242,2119,8.66,29.42
G9,d26,126173086.17,28.45,53.34,890.00,242,2202,8.05,28.37
G9,d26,126173086.17,28.45,53.34,890.00,242,2211,9.89,31.45
G9,d26,126173086.17,28.45,53.34,890.00,242,2212,8.86,29.77
G9,d26,126173086.17,28.45,53.34,890.00,242,2213,10.10,31.78
G9,d26,126173086.17,28.45,53.34,890.00,242,2216,10.03,31.66
G9,d26,126173086.17,28.45,53.34,890.00,242,2307,10.02,31.65
G9,d26,126173086.17,28.45,53.34,890.00,242,2413,8.31,28.82
G9,d26,126173086.17,28.45,53.34,890.00,242,2414,8.86,29.77
G9,d26,126173086.17,28.45,53.34,890.00,242,2416,9.48,30.79
G9,d26,126173086.17,28.45,53.34,890.00,242,2499,8.14,28.53
G9,d26,126173086.17,28.45,53.34,890.00,242,2588,9.33,30.54
G9,d26,126173086.17,28.45,53.34,890.00,242,2593,12.08,34.75
G9,d26,126173086.17,28.45,53.34,890.00,242,2688,8.22,28.67
G9,d26,126173086.17,28.45,53.34,890.00,242,2689,8.47,29.10
G9,d26,126173086.17,28.45,53.34,890.00,242,2693,9.79,31.29
G9,d26,126173086.17,28.45,53.34,890.00,242,2759,15.11,38.87
G9,d26,126173086.17,28.45,53.34,890.00,242,2777,8.50,29.16
G9,d26,126173086.17,28.45,53.34,890.00,242,2778,9.45,30.74
G9,d26,126173086.17,28.45,53.34,890.00,242,2779,8.89,29.82
G9,d26,126173086.17,28.45,53.34,890.00,242,2920,8.56,29.26
G9,d26,126173086.17,28.45,53.34,890.00,242,2947,11.86,34.43
G9,d26,126173086.17,28.45,53.34,890.00,242,3051,10.17,31.90
G9,d26,126173086.17,28.45,53.34,890.00,242,3138,8.54,29.23
G9,d26,126173086.17,28.45,53.34,890.00,242,3141,10.01,31.64
G9,d26,126173086.17,28.45,53.34,890.00,242,3223,10.55,32.47
G9,d26,126173086.17,28.45,53.34,890.00,242,3224,8.14,28.52
G9,d26,126173086.17,28.45,53.34,890.00,242,3308,11.36,33.71
G9,d26,126173086.17,28.45,53.34,890.00,242,3310,10.54,32.46
G9,d26,126173086.17,28.45,53.34,890.00,242,3312,8.37,28.93
G9,d26,126173086.17,28.45,53.34,890.00,242,3313,9.54,30.89
G9,d26,126173086.17,28.45,53.34,890.00,242,3314,8.32,28.84
G9,d26,126173086.17,28.45,53.34,890.00,242,3316,8.53,29.21
G9,d26,126173086.17,28.45,53.34,890.00,242,3390,8.23,28.69
G9,d26,126173086.17,28.45,53.34,890.00,242,3406,12.44,35.26
G9,d26,126173086.17,28.45,53.34,890.00,242,3408,8.24,28.70
G9,d26,126173086.17,28.45,53.34,890.00,242,3421,11.53,33.95
G9,d26,126173086.17,28.45,53.34,890.00,242,3506,9.24,30.40
G9,d26,126173086.17,28.45,53.34,890.00,242,3510,9.06,30.10
G9,d26,126173086.17,28.45,53.34,890.00,242,3587,8.86,29.77
G9,d26,126173086.17,28.45,53.34,890.00,242,3591,11.03,33.21
G9,d26,126173086.17,28.45,53.34,890.00,242,3592,11.25,33.54
G9,d26,126173086.17,28.45,53.34,890.00,242,3593,8.02,28.31
G9,d26,126173086.17,28.45,53.34,890.00,242,3679,11.75,34.28
G9,d26,126173086.17,28.45,53.34,890.00,242,3786,8.92,29.87
G9,d26,126173086.17,28.45,53.34,890.00,242,3788,12.20,34.93
G9,d26,126173086.17,28.45,53.34,890.00,242,3789,10.31,32.11
G9,d26,126173086.17,28.45,53.34,890.00,242,3873,8.05,28.37
G9,d26,126173086.17,28.45,53.34,890.00,242,3874,10.66,32.65
G9,d26,126173086.17,28.45,53.34,890.00,242,3878,8.17,28.59
G9,d26,126173086.17,28.45,53.34,890.00,242,3879,9.16,30.26
G9,d26,126173086.17,28.45,53.34,890.00,242,3880,9.26,30.44
G9,d26,126173086.17,28.45,53.34,890.00,242,3954,11.23,33.51
G9,d26,126173086.17,28.45,53.34,890.00,242,3963,12.24,34.99
G9,d26,126173086.17,28.45,53.34,890.00,242,4028,10.65,32.63
G9,d26,126173086.17,28.45,53.34,890.00,242,4045,9.67,31.09
G9,d26,126173086.17,28.45,53.34,890.00,242,4049,8.69,29.48
G9,d26,126173086.17,28.45,53.34,890.00,242,4122,8.65,29.40
G9,d26,126173086.17,28.45,53.34,890.00,242,4147,10.25,32.01
G9,d26,126173086.17,28.45,53.34,890.00,242,4160,9.62,31.01
G9,d26,126173086.17,28.45,53.34,890.00,242,4161,9.39,30.64
G9,d26,126173086.17,28.45,53.34,890.00,242,4241,10.71,32.72
G9,d26,126173086.17,28.45,53.34,890.00,242,4294,9.17,30.28
G9,d26,126173086.17,28.45,53.34,890.00,242,4329,10.34,32.16
G9,d26,126173086.17,28.45,53.34,890.00,242,4330,11.32,33.64
G9,d26,126173086.17,28.45,53.34,890.00,242,4331,8.04,28.35
G9,d26,126173086.17,28.45,53.34,890.00,242,4397,8.66,29.42
G9,d26,126173086.17,28.45,53.34,890.00,242,4398,8.01,28.30
G9,d26,126173086.17,28.45,53.34,890.00,242,4410,9.31,30.52
G9,d26,126173086.17,28.45,53.34,890.00,242,4413,10.12,31.82
G9,d26,126173086.17,28.45,53.34,890.00,242,4418,12.26,35.02
G9,d26,126173086.17,28.45,53.34,890.00,242,4527,8.21,28.65
G9,d26,126173086.17,28.45,53.34,890.00,242,4533,12.45,35.28
G9,d26,126173086.17,28.45,53.34,890.00,242,4613,8.44,29.06
G9,d26,126173086.17,28.45,53.34,890.00,242,4623,8.55,29.24
G9,d26,126173086.17,28.45,53.34,890.00,242,4781,8.38,28.95
G9,d26,126173086.17,28.45,53.34,890.00,242,4794,12.28,35.04
G9,d26,126173086.17,28.45,53.34,890.00,242,4795,8.53,29.21
G9,d26,126173086.17,28.45,53.34,890.00,242,4917,8.84,29.73
G9,d26,126173086.17,28.45,53.34,890.00,242,4974,9.40,30.66
G9,d26,126173086.17,28.45,53.34,890.00,242,4993,10.31,32.12
G9,d26,126173086.17,28.45,53.34,890.00,242,5018,9.70,31.14
G9,d26,126173086.17,28.45,53.34,890.00,242,5067,9.12,30.20
G9,d26,126173086.17,28.45,53.34,890.00,242,5069,8.33,28.85
G9,d26,126173086.17,28.45,53.34,890.00,242,5079,10.81,32.87
G9,d26,126173086.17,28.45,53.34,890.00,242,5138,10.73,32.76
G9,d26,126173086.17,28.45,53.34,890.00,242,5204,10.63,32.60
G9,d26,126173086.17,28.45,53.34,890.00,242,5262,9.00,30.00
G9,d26,126173086.17,28.45,53.34,890.00,242,5355,9.84,31.37
G9,d26,126173086.17,28.45,53.34,890.00,242,5426,9.18,30.30
G9,d26,126173086.17,28.45,53.34,890.00,242,5520,10.02,31.65
G9,d26,126173086.17,28.45,53.34,890.00,242,5521,8.69,29.48
G9,d26,126173086.17,28.45,53.34,890.00,242,5522,8.41,29.00
G9,d26,126173086.17,28.45,53.34,890.00,242,5637,9.09,30.15
G9,d26,126173086.17,28.45,53.34,890.00,242,5721,9.51,30.83
G9,d26,126173086.17,28.45,53.34,890.00,242,5797,10.60,32.56
G9,d26,126173086.17,28.45,53.34,890.00,242,5866,8.62,29.36
G9,d26,126173086.17,28.45,53.34,890.00,242,5867,8.11,28.47
G9,d26,126173086.17,28.45,53.34,890.00,242,5889,13.59,36.87
G9,d26,126173086.17,28.45,53.34,890.00,242,5890,11.07,33.27
G9,d26,126173086.17,28.45,53.34,890.00,242,6001,9.93,31.51
G9,d26,126173086.17,28.45,53.34,890.00,242,6003,9.19,30.31
G9,d26,126173086.17,28.45,53.34,890.00,242,6081,10.01,31.64
G9,d26,126173086.17,28.45,53.34,890.00,242,6083,10.86,32.96
G9,d26,126173086.17,28.45,53.34,890.00,242,6233,9.43,30.71
G9,d26,126173086.17,28.45,53.34,890.00,242,6428,15.95,39.94
G9,d26,126173086.17,28.45,53.34,890.00,242,6590,10.23,31.98
G9,d26,126173086.17,28.45,53.34,890.00,242,6791,8.17,28.58
G9,d26,126173086.17,28.45,53.34,890.00,242,7044,8.30,28.80
G9,d26,126173086.17,28.45,53.34,890.00,242,7158,8.82,29.70
G9,d26,126173086.17,28.45,53.34,890.00,252,2414,9.03,30.05
G9,d26,126173086.17,28.45,53.34,890.00,252,2697,8.38,28.95
G9,d26,126173086.17,28.45,53.34,890.00,252,2949,8.11,28.48
G9,d26,126173086.17,28.45,53.34,890.00,252,3407,8.08,28.42
G9,d26,126173086.17,28.45,53.34,890.00,252,3418,10.43,32.29
G9,d26,126173086.17,28.45,53.34,890.00,252,3787,9.65,31.07
G9,d26,126173086.17,28.45,53.34,890.00,252,4053,10.57,32.51
G9,d26,126173086.17,28.45,53.34,890.00,252,4411,8.44,29.06
G9,d26,126173086.17,28.45,53.34,890.00,252,4420,8.16,28.56
G9,d26,126173086.17,28.45,53.34,890.00,252,4533,9.02,30.04
G9,d26,126173086.17,28.45,53.34,890.00,252,5134,8.95,29.91
G9,d26,126173086.17,28.45,53.34,890.00,252,5258,9.96,31.56
G9,d26,126173086.17,28.45,53.34,890.00,252,5263,12.45,35.29
G9,d26,126173086.17,28.45,53.34,890.00,252,5354,8.85,29.75
G9,d26,126173086.17,28.45,53.34,890.00,252,5721,9.52,30.86
G9,d26,126173086.17,28.45,53.34,890.00,252,6615,10.71,32.73
G9,d26,126173086.17,28.45,53.34,890.00,252,7161,9.30,30.50
G9,d26,126173086.17,28.45,53.34,890.00,263,1520,8.91,29.85
G9,d26,126173086.17,28.45,53.34,890.00,263,1549,8.01,28.31
G9,d26,126173086.17,28.45,53.34,890.00,263,1639,8.18,28.60
G9,d26,126173086.17,28.45,53.34,890.00,263,1650,9.30,30.49
G9,d26,126173086.17,28.45,53.34,890.00,263,1654,9.24,30.40
G9,d26,126173086.17,28.45,53.34,890.00,263,1847,8.98,29.97
G9,d26,126173086.17,28.45,53.34,890.00,263,1938,9.54,30.88
G9,d26,126173086.17,28.45,53.34,890.00,263,2027,8.98,29.97
G9,d26,126173086.17,28.45,53.34,890.00,263,2031,8.48,29.13
G9,d26,126173086.17,28.45,53.34,890.00,263,2040,10.10,31.78
G9,d26,126173086.17,28.45,53.34,890.00,263,2041,8.15,28.55
G9,d26,126173086.17,28.45,53.34,890.00,263,2116,8.17,28.58
G9,d26,126173086.17,28.45,53.34,890.00,263,2209,14.70,38.34
G9,d26,126173086.17,28.45,53.34,890.00,263,2348,14.56,38.15
G9,d26,126173086.17,28.45,53.34,890.00,263,2396,11.40,33.76
G9,d26,126173086.17,28.45,53.34,890.00,263,2409,12.52,35.39
G9,d26,126173086.17,28.45,53.34,890.00,263,2499,9.19,30.31
G9,d26,126173086.17,28.45,53.34,890.00,263,2590,8.61,29.35
G9,d26,126173086.17,28.45,53.34,890.00,263,2691,9.60,30.99
G9,d26,126173086.17,28.45,53.34,890.00,263,2699,8.37,28.93
G9,d26,126173086.17,28.45,53.34,890.00,263,2850,11.65,34.14
G9,d26,126173086.17,28.45,53.34,890.00,263,2852,9.47,30.78
G9,d26,126173086.17,28.45,53.34,890.00,263,2860,14.09,37.53
G9,d26,126173086.17,28.45,53.34,890.00,263,2918,10.21,31.95
G9,d26,126173086.17,28.45,53.34,890.00,263,2956,11.21,33.48
G9,d26,126173086.17,28.45,53.34,890.00,263,3043,9.14,30.24
G9,d26,126173086.17,28.45,53.34,890.00,263,3045,14.26,37.76
G9,d26,126173086.17,28.45,53.34,890.00,263,3053,8.19,28.61
G9,d26,126173086.17,28.45,53.34,890.00,263,3054,8.02,28.32
G9,d26,126173086.17,28.45,53.34,890.00,263,3056,8.54,29.22
G9,d26,126173086.17,28.45,53.34,890.00,263,3136,14.21,37.70
G9,d26,126173086.17,28.45,53.34,890.00,263,3137,12.11,34.80
G9,d26,126173086.17,28.45,53.34,890.00,263,3170,10.11,31.80
G9,d26,126173086.17,28.45,53.34,890.00,263,3211,11.08,33.29
G9,d26,126173086.17,28.45,53.34,890.00,263,3308,8.56,29.25
G9,d26,126173086.17,28.45,53.34,890.00,263,3312,12.13,34.83
G9,d26,126173086.17,28.45,53.34,890.00,263,3316,9.37,30.60
G9,d26,126173086.17,28.45,53.34,890.00,263,3317,8.80,29.66
G9,d26,126173086.17,28.45,53.34,890.00,263,3417,8.82,29.69
G9,d26,126173086.17,28.45,53.34,890.00,263,3419,13.65,36.94
G9,d26,126173086.17,28.45,53.34,890.00,263,3421,8.24,28.71
G9,d26,126173086.17,28.45,53.34,890.00,263,3422,9.66,31.08
G9,d26,126173086.17,28.45,53.34,890.00,263,3506,9.80,31.30
G9,d26,126173086.17,28.45,53.34,890.00,263,3508,13.94,37.34
G9,d26,126173086.17,28.45,53.34,890.00,263,3515,8.33,28.87
G9,d26,126173086.17,28.45,53.34,890.00,263,3587,9.20,30.34
G9,d26,126173086.17,28.45,53.34,890.00,263,3589,9.65,31.07
G9,d26,126173086.17,28.45,53.34,890.00,263,3590,9.51,30.83
G9,d26,126173086.17,28.45,53.34,890.00,263,3595,9.39,30.65
G9,d26,126173086.17,28.45,53.34,890.00,263,3596,10.19,31.92
G9,d26,126173086.17,28.45,53.34,890.00,263,3658,10.07,31.73
G9,d26,126173086.17,28.45,53.34,890.00,263,3678,9.42,30.70
G9,d26,126173086.17,28.45,53.34,890.00,263,3681,10.45,32.32
G9,d26,126173086.17,28.45,53.34,890.00,263,3682,14.43,37.98
G9,d26,126173086.17,28.45,53.34,890.00,263,3683,8.72,29.54
G9,d26,126173086.17,28.45,53.34,890.00,263,3765,9.31,30.51
G9,d26,126173086.17,28.45,53.34,890.00,263,3778,10.98,33.13
G9,d26,126173086.17,28.45,53.34,890.00,263,3779,9.46,30.76
G9,d26,126173086.17,28.45,53.34,890.00,263,3784,11.78,34.32
G9,d26,126173086.17,28.45,53.34,890.00,263,3788,10.86,32.95
G9,d26,126173086.17,28.45,53.34,890.00,263,3790,8.84,29.73
G9,d26,126173086.17,28.45,53.34,890.00,263,3792,8.30,28.81
G9,d26,126173086.17,28.45,53.34,890.00,263,3794,10.35,32.18
G9,d26,126173086.17,28.45,53.34,890.00,263,3874,10.25,32.02
G9,d26,126173086.17,28.45,53.34,890.00,263,3875,9.68,31.12
G9,d26,126173086.17,28.45,53.34,890.00,263,3934,12.51,35.37
G9,d26,126173086.17,28.45,53.34,890.00,263,3962,8.81,29.69
G9,d26,126173086.17,28.45,53.34,890.00,263,4043,8.74,29.57
G9,d26,126173086.17,28.45,53.34,890.00,263,4046,8.47,29.11
G9,d26,126173086.17,28.45,53.34,890.00,263,4048,10.59,32.55
G9,d26,126173086.17,28.45,53.34,890.00,263,4051,9.78,31.28
G9,d26,126173086.17,28.45,53.34,890.00,263,4121,8.68,29.46
G9,d26,126173086.17,28.45,53.34,890.00,263,4156,11.62,34.09
G9,d26,126173086.17,28.45,53.34,890.00,263,4157,8.75,29.58
G9,d26,126173086.17,28.45,53.34,890.00,263,4162,9.31,30.51
G9,d26,126173086.17,28.45,53.34,890.00,263,4163,9.77,31.26
G9,d26,126173086.17,28.45,53.34,890.00,263,4240,15.22,39.01
G9,d26,126173086.17,28.45,53.34,890.00,263,4241,9.13,30.21
G9,d26,126173086.17,28.45,53.34,890.00,263,4243,11.80,34.35
G9,d26,126173086.17,28.45,53.34,890.00,263,4326,8.18,28.59
G9,d26,126173086.17,28.45,53.34,890.00,263,4335,14.07,37.51
G9,d26,126173086.17,28.45,53.34,890.00,263,4412,8.80,29.67
G9,d26,126173086.17,28.45,53.34,890.00,263,4414,10.89,33.00
G9,d26,126173086.17,28.45,53.34,890.00,263,4416,9.95,31.54
G9,d26,126173086.17,28.45,53.34,890.00,263,4432,10.18,31.90
G9,d26,126173086.17,28.45,53.34,890.00,263,4459,11.13,33.37
G9,d26,126173086.17,28.45,53.34,890.00,263,4530,8.70,29.50
G9,d26,126173086.17,28.45,53.34,890.00,263,4531,13.18,36.30
G9,d26,126173086.17,28.45,53.34,890.00,263,4600,8.97,29.95
G9,d26,126173086.17,28.45,53.34,890.00,263,4623,9.67,31.10
G9,d26,126173086.17,28.45,53.34,890.00,263,4696,9.99,31.61
G9,d26,126173086.17,28.45,53.34,890.00,263,4697,11.15,33.39
G9,d26,126173086.17,28.45,53.34,890.00,263,4762,12.71,35.65
G9,d26,126173086.17,28.45,53.34,890.00,263,4765,9.32,30.53
G9,d26,126173086.17,28.45,53.34,890.00,263,4779,8.30,28.81
G9,d26,126173086.17,28.45,53.34,890.00,263,4780,10.00,31.62
G9,d26,126173086.17,28.45,53.34,890.00,263,4781,13.72,37.03
G9,d26,126173086.17,28.45,53.34,890.00,263,4789,8.60,29.33
G9,d26,126173086.17,28.45,53.34,890.00,263,4790,8.79,29.65
G9,d26,126173086.17,28.45,53.34,890.00,263,4793,9.67,31.09
G9,d26,126173086.17,28.45,53.34,890.00,263,4840,12.07,34.75
G9,d26,126173086.17,28.45,53.34,890.00,263,4893,9.97,31.58
G9,d26,126173086.17,28.45,53.34,890.00,263,4895,8.95,29.92
G9,d26,126173086.17,28.45,53.34,890.00,263,4897,16.93,41.15
G9,d26,126173086.17,28.45,53.34,890.00,263,4917,11.43,33.81
G9,d26,126173086.17,28.45,53.34,890.00,263,4988,10.22,31.97
G9,d26,126173086.17,28.45,53.34,890.00,263,4990,8.22,28.68
G9,d26,126173086.17,28.45,53.34,890.00,263,4991,9.43,30.71
G9,d26,126173086.17,28.45,53.34,890.00,263,4993,8.53,29.21
G9,d26,126173086.17,28.45,53.34,890.00,263,5019,8.75,29.58
G9,d26,126173086.17,28.45,53.34,890.00,263,5066,9.66,31.07
G9,d26,126173086.17,28.45,53.34,890.00,263,5068,9.25,30.41
G9,d26,126173086.17,28.45,53.34,890.00,263,5071,10.20,31.94
G9,d26,126173086.17,28.45,53.34,890.00,263,5147,12.24,34.98
G9,d26,126173086.17,28.45,53.34,890.00,263,5204,9.12,30.19
G9,d26,126173086.17,28.45,53.34,890.00,263,5263,11.60,34.07
G9,d26,126173086.17,28.45,53.34,890.00,263,5278,9.22,30.36
G9,d26,126173086.17,28.45,53.34,890.00,263,5351,9.12,30.20
G9,d26,126173086.17,28.45,53.34,890.00,263,5499,8.71,29.52
G9,d26,126173086.17,28.45,53.34,890.00,263,5517,11.83,34.39
G9,d26,126173086.17,28.45,53.34,890.00,263,5519,13.32,36.50
G9,d26,126173086.17,28.45,53.34,890.00,263,5524,10.48,32.37
G9,d26,126173086.17,28.45,53.34,890.00,263,5525,10.07,31.73
G9,d26,126173086.17,28.45,53.34,890.00,263,5605,9.16,30.26
G9,d26,126173086.17,28.45,53.34,890.00,263,5632,8.33,28.86
G9,d26,126173086.17,28.45,53.34,890.00,263,5635,13.63,36.92
G9,d26,126173086.17,28.45,53.34,890.00,263,5698,8.38,28.95
G9,d26,126173086.17,28.45,53.34,890.00,263,5718,11.16,33.41
G9,d26,126173086.17,28.45,53.34,890.00,263,5719,8.16,28.57
G9,d26,126173086.17,28.45,53.34,890.00,263,5721,11.14,33.38
G9,d26,126173086.17,28.45,53.34,890.00,263,5724,9.57,30.94
G9,d26,126173086.17,28.45,53.34,890.00,263,5887,8.85,29.75
G9,d26,126173086.17,28.45,53.34,890.00,263,5889,11.20,33.47
G9,d26,126173086.17,28.45,53.34,890.00,263,5891,9.80,31.30
G9,d26,126173086.17,28.45,53.34,890.00,263,5896,12.17,34.88
G9,d26,126173086.17,28.45,53.34,890.00,263,5898,10.10,31.78
G9,d26,126173086.17,28.45,53.34,890.00,263,5991,9.49,30.80
G9,d26,126173086.17,28.45,53.34,890.00,263,5999,11.39,33.76
G9,d26,126173086.17,28.45,53.34,890.00,263,6000,9.14,30.24
G9,d26,126173086.17,28.45,53.34,890.00,263,6004,17.63,41.99
G9,d26,126173086.17,28.45,53.34,890.00,263,6079,9.53,30.87
G9,d26,126173086.17,28.45,53.34,890.00,263,6083,8.01,28.30
G9,d26,126173086.17,28.45,53.34,890.00,263,6085,11.95,34.58
G9,d26,126173086.17,28.45,53.34,890.00,263,6086,10.03,31.67
G9,d26,126173086.17,28.45,53.34,890.00,263,6253,8.33,28.87
G9,d26,126173086.17,28.45,53.34,890.00,263,6357,8.57,29.27
G9,d26,126173086.17,28.45,53.34,890.00,263,6364,8.45,29.07
G9,d26,126173086.17,28.45,53.34,890.00,263,6368,8.12,28.50
G9,d26,126173086.17,28.45,53.34,890.00,263,6427,11.06,33.25
G9,d26,126173086.17,28.45,53.34,890.00,263,6513,10.76,32.81
G9,d26,126173086.17,28.45,53.34,890.00,263,6515,8.30,28.80
G9,d26,126173086.17,28.45,53.34,890.00,263,6791,8.76,29.60
G9,d26,126173086.17,28.45,53.34,890.00,263,7045,12.94,35.97
G9,d26,126173086.17,28.45,53.34,890.00,445,1981,9.28,30.46
G9,d26,126173086.17,28.45,53.34,890.00,445,2030,9.37,30.61
G9,d26,126173086.17,28.45,53.34,890.00,445,2161,12.45,35.29
G9,d26,126173086.17,28.45,53.34,890.00,445,2211,13.40,36.60
G9,d26,126173086.17,28.45,53.34,890.00,445,2219,9.68,31.11
G9,d26,126173086.17,28.45,53.34,890.00,445,2309,8.82,29.69
G9,d26,126173086.17,28.45,53.34,890.00,445,2410,9.56,30.92
G9,d26,126173086.17,28.45,53.34,890.00,445,2496,11.90,34.50
G9,d26,126173086.17,28.45,53.34,890.00,445,2498,10.72,32.74
G9,d26,126173086.17,28.45,53.34,890.00,445,2499,11.99,34.63
G9,d26,126173086.17,28.45,53.34,890.00,445,2692,8.48,29.13
G9,d26,126173086.17,28.45,53.34,890.00,445,2696,9.37,30.61
G9,d26,126173086.17,28.45,53.34,890.00,445,2698,8.40,28.98
G9,d26,126173086.17,28.45,53.34,890.00,445,2772,9.38,30.63
G9,d26,126173086.17,28.45,53.34,890.00,445,2773,8.50,29.16
G9,d26,126173086.17,28.45,53.34,890.00,445,2776,11.20,33.47
G9,d26,126173086.17,28.45,53.34,890.00,445,2861,11.32,33.64
G9,d26,126173086.17,28.45,53.34,890.00,445,2920,9.17,30.28
G9,d26,126173086.17,28.45,53.34,890.00,445,2946,8.31,28.83
G9,d26,126173086.17,28.45,53.34,890.00,445,2948,8.70,29.50
G9,d26,126173086.17,28.45,53.34,890.00,445,2952,9.02,30.02
G9,d26,126173086.17,28.45,53.34,890.00,445,3026,8.45,29.06
G9,d26,126173086.17,28.45,53.34,890.00,445,3055,8.56,29.26
G9,d26,126173086.17,28.45,53.34,890.00,445,3057,13.75,37.08
G9,d26,126173086.17,28.45,53.34,890.00,445,3058,8.12,28.50
G9,d26,126173086.17,28.45,53.34,890.00,445,3059,12.85,35.84
G9,d26,126173086.17,28.45,53.34,890.00,445,3118,12.03,34.68
G9,d26,126173086.17,28.45,53.34,890.00,445,3119,9.45,30.75
G9,d26,126173086.17,28.45,53.34,890.00,445,3140,13.00,36.06
G9,d26,126173086.17,28.45,53.34,890.00,445,3213,10.85,32.93
G9,d26,126173086.17,28.45,53.34,890.00,445,3214,8.23,28.69
G9,d26,126173086.17,28.45,53.34,890.00,445,3215,8.12,28.50
G9,d26,126173086.17,28.45,53.34,890.00,445,3222,10.50,32.40
G9,d26,126173086.17,28.45,53.34,890.00,445,3288,8.02,28.32
G9,d26,126173086.17,28.45,53.34,890.00,445,3301,10.06,31.72
G9,d26,126173086.17,28.45,53.34,890.00,445,3303,8.85,29.75
G9,d26,126173086.17,28.45,53.34,890.00,445,3308,13.26,36.42
G9,d26,126173086.17,28.45,53.34,890.00,445,3310,8.83,29.71
G9,d26,126173086.17,28.45,53.34,890.00,445,3315,10.25,32.02
G9,d26,126173086.17,28.45,53.34,890.00,445,3389,9.19,30.32
G9,d26,126173086.17,28.45,53.34,890.00,445,3406,8.36,28.91
G9,d26,126173086.17,28.45,53.34,890.00,445,3408,9.51,30.84
G9,d26,126173086.17,28.45,53.34,890.00,445,3409,9.01,30.01
G9,d26,126173086.17,28.45,53.34,890.00,445,3417,8.47,29.10
G9,d26,126173086.17,28.45,53.34,890.00,445,3486,8.90,29.84
G9,d26,126173086.17,28.45,53.34,890.00,445,3509,13.65,36.94
G9,d26,126173086.17,28.45,53.34,890.00,445,3510,8.67,29.45
G9,d26,126173086.17,28.45,53.34,890.00,445,3515,8.85,29.75
G9,d26,126173086.17,28.45,53.34,890.00,445,3565,9.12,30.20
G9,d26,126173086.17,28.45,53.34,890.00,445,3591,13.42,36.63
G9,d26,126173086.17,28.45,53.34,890.00,445,3592,10.49,32.39
G9,d26,126173086.17,28.45,53.34,890.00,445,3680,9.78,31.27
G9,d26,126173086.17,28.45,53.34,890.00,445,3681,8.95,29.92
G9,d26,126173086.17,28.45,53.34,890.00,445,3682,9.89,31.45
G9,d26,126173086.17,28.45,53.34,890.00,445,3683,9.50,30.82
G9,d26,126173086.17,28.45,53.34,890.00,445,3685,10.75,32.79
G9,d26,126173086.17,28.45,53.34,890.00,445,3687,9.62,31.01
G9,d26,126173086.17,28.45,53.34,890.00,445,3785,8.88,29.81
G9,d26,126173086.17,28.45,53.34,890.00,445,3787,10.16,31.88
G9,d26,126173086.17,28.45,53.34,890.00,445,3788,11.94,34.55
G9,d26,126173086.17,28.45,53.34,890.00,445,3790,10.77,32.81
G9,d26,126173086.17,28.45,53.34,890.00,445,3963,8.44,29.05
G9,d26,126173086.17,28.45,53.34,890.00,445,3965,9.09,30.15
G9,d26,126173086.17,28.45,53.34,890.00,445,4028,11.40,33.77
G9,d26,126173086.17,28.45,53.34,890.00,445,4047,9.10,30.17
G9,d26,126173086.17,28.45,53.34,890.00,445,4048,11.72,34.23
G9,d26,126173086.17,28.45,53.34,890.00,445,4050,9.03,30.06
G9,d26,126173086.17,28.45,53.34,890.00,445,4156,11.14,33.38
G9,d26,126173086.17,28.45,53.34,890.00,445,4159,8.20,28.64
G9,d26,126173086.17,28.45,53.34,890.00,445,4243,15.22,39.01
G9,d26,126173086.17,28.45,53.34,890.00,445,4244,8.03,28.33
G9,d26,126173086.17,28.45,53.34,890.00,445,4324,11.85,34.42
G9,d26,126173086.17,28.45,53.34,890.00,445,4329,9.34,30.56
G9,d26,126173086.17,28.45,53.34,890.00,445,4330,9.41,30.67
G9,d26,126173086.17,28.45,53.34,890.00,445,4334,10.11,31.79
G9,d26,126173086.17,28.45,53.34,890.00,445,4397,10.32,32.13
G9,d26,126173086.17,28.45,53.34,890.00,445,4398,8.66,29.43
G9,d26,126173086.17,28.45,53.34,890.00,445,4412,8.36,28.91
G9,d26,126173086.17,28.45,53.34,890.00,445,4413,8.95,29.91
G9,d26,126173086.17,28.45,53.34,890.00,445,4414,13.15,36.26
G9,d26,126173086.17,28.45,53.34,890.00,445,4415,8.95,29.91
G9,d26,126173086.17,28.45,53.34,890.00,445,4459,8.28,28.78
G9,d26,126173086.17,28.45,53.34,890.00,445,4524,8.96,29.94
G9,d26,126173086.17,28.45,53.34,890.00,445,4528,16.87,41.08
G9,d26,126173086.17,28.45,53.34,890.00,445,4530,13.06,36.13
G9,d26,126173086.17,28.45,53.34,890.00,445,4532,10.05,31.69
G9,d26,126173086.17,28.45,53.34,890.00,445,4536,8.34,28.88
G9,d26,126173086.17,28.45,53.34,890.00,445,4597,8.81,29.69
G9,d26,126173086.17,28.45,53.34,890.00,445,4600,8.18,28.60
G9,d26,126173086.17,28.45,53.34,890.00,445,4612,14.63,38.25
G9,d26,126173086.17,28.45,53.34,890.00,445,4613,11.25,33.54
G9,d26,126173086.17,28.45,53.34,890.00,445,4614,10.43,32.29
G9,d26,126173086.17,28.45,53.34,890.00,445,4615,8.08,28.43
G9,d26,126173086.17,28.45,53.34,890.00,445,4693,9.46,30.75
G9,d26,126173086.17,28.45,53.34,890.00,445,4694,13.16,36.27
G9,d26,126173086.17,28.45,53.34,890.00,445,4699,10.19,31.93
G9,d26,126173086.17,28.45,53.34,890.00,445,4779,9.97,31.58
G9,d26,126173086.17,28.45,53.34,890.00,445,4792,9.07,30.12
G9,d26,126173086.17,28.45,53.34,890.00,445,4891,8.48,29.12
G9,d26,126173086.17,28.45,53.34,890.00,445,4896,13.21,36.35
G9,d26,126173086.17,28.45,53.34,890.00,445,4898,8.76,29.59
G9,d26,126173086.17,28.45,53.34,890.00,445,4903,9.73,31.19
G9,d26,126173086.17,28.45,53.34,890.00,445,4917,8.86,29.77
G9,d26,126173086.17,28.45,53.34,890.00,445,4964,13.97,37.38
G9,d26,126173086.17,28.45,53.34,890.00,445,4965,8.58,29.29
G9,d26,126173086.17,28.45,53.34,890.00,445,4991,12.05,34.72
G9,d26,126173086.17,28.45,53.34,890.00,445,5071,9.17,30.28
G9,d26,126173086.17,28.45,53.34,890.00,445,5079,11.22,33.50
G9,d26,126173086.17,28.45,53.34,890.00,445,5134,15.13,38.89
G9,d26,126173086.17,28.45,53.34,890.00,445,5149,8.68,29.46
G9,d26,126173086.17,28.45,53.34,890.00,445,5160,11.75,34.27
G9,d26,126173086.17,28.45,53.34,890.00,445,5165,10.24,32.00
G9,d26,126173086.17,28.45,53.34,890.00,445,5260,9.52,30.85
G9,d26,126173086.17,28.45,53.34,890.00,445,5262,8.01,28.30
G9,d26,126173086.17,28.45,53.34,890.00,445,5279,10.80,32.87
G9,d26,126173086.17,28.45,53.34,890.00,445,5337,9.59,30.96
G9,d26,126173086.17,28.45,53.34,890.00,445,5351,12.57,35.45
G9,d26,126173086.17,28.45,53.34,890.00,445,5428,10.38,32.21
G9,d26,126173086.17,28.45,53.34,890.00,445,5429,8.88,29.79
G9,d26,126173086.17,28.45,53.34,890.00,445,5435,8.94,29.89
G9,d26,126173086.17,28.45,53.34,890.00,445,5519,8.85,29.75
G9,d26,126173086.17,28.45,53.34,890.00,445,5521,9.31,30.51
G9,d26,126173086.17,28.45,53.34,890.00,445,5522,8.01,28.30
G9,d26,126173086.17,28.45,53.34,890.00,445,5524,11.01,33.18
G9,d26,126173086.17,28.45,53.34,890.00,445,5527,10.42,32.28
G9,d26,126173086.17,28.45,53.34,890.00,445,5609,10.98,33.14
G9,d26,126173086.17,28.45,53.34,890.00,445,5623,8.74,29.56
G9,d26,126173086.17,28.45,53.34,890.00,445,5637,9.53,30.87
G9,d26,126173086.17,28.45,53.34,890.00,445,5717,8.16,28.56
G9,d26,126173086.17,28.45,53.34,890.00,445,5720,8.43,29.04
G9,d26,126173086.17,28.45,53.34,890.00,445,5721,10.01,31.64
G9,d26,126173086.17,28.45,53.34,890.00,445,5795,8.70,29.50
G9,d26,126173086.17,28.45,53.34,890.00,445,5896,9.68,31.11
G9,d26,126173086.17,28.45,53.34,890.00,445,5899,10.30,32.10
G9,d26,126173086.17,28.45,53.34,890.00,445,5991,8.79,29.64
G9,d26,126173086.17,28.45,53.34,890.00,445,5995,12.63,35.54
G9,d26,126173086.17,28.45,53.34,890.00,445,5996,9.86,31.40
G9,d26,126173086.17,28.45,53.34,890.00,445,5999,12.05,34.71
G9,d26,126173086.17,28.45,53.34,890.00,445,6001,8.00,28.29
G9,d26,126173086.17,28.45,53.34,890.00,445,6067,10.23,31.98
G9,d26,126173086.17,28.45,53.34,890.00,445,6085,8.15,28.54
G9,d26,126173086.17,28.45,53.34,890.00,445,6088,8.71,29.51
G9,d26,126173086.17,28.45,53.34,890.00,445,6252,9.10,30.16
G9,d26,126173086.17,28.45,53.34,890.00,445,6259,10.94,33.07
G9,d26,126173086.17,28.45,53.34,890.00,445,6327,8.70,29.49
G9,d26,126173086.17,28.45,53.34,890.00,445,6360,12.45,35.29
G9,d26,126173086.17,28.45,53.34,890.00,445,6361,14.97,38.68
G9,d26,126173086.17,28.45,53.34,890.00,445,6364,8.82,29.69
G9,d26,126173086.17,28.45,53.34,890.00,445,6365,12.71,35.65
G9,d26,126173086.17,28.45,53.34,890.00,445,6439,10.80,32.86
G9,d26,126173086.17,28.45,53.34,890.00,445,6509,9.97,31.58
G9,d26,126173086.17,28.45,53.34,890.00,445,6513,9.12,30.20
G9,d26,126173086.17,28.45,53.34,890.00,445,6567,8.79,29.65
G9,d26,126173086.17,28.45,53.34,890.00,445,6670,9.05,30.08
