BumpId,Flag,Failure,Diameter,Area,Roundness,VoidFraction,LargestVoidFraction,VoidNumber,Centre_X,Centre_Y,LargestVoidDiameterFraction
173,1,0,25.4218,507.5780,95.0588,0.0000,0.0000,0,-135.9980,-2.7091,0.0000
174,1,0,25.3591,505.0780,95.1653,0.0000,0.0000,0,-135.9500,-2.7090,0.0000
175,1,0,25.4406,508.3280,94.8483,0.0000,0.0000,0,-135.8680,-2.7088,0.0000
176,1,0,25.4593,509.0780,94.7010,0.0000,0.0000,0,-135.8200,-2.7086,0.0000
177,1,0,25.5467,512.5790,94.7726,0.0000,0.0000,0,-135.7380,-2.7083,0.0000
178,1,0,25.2963,502.5770,94.4301,0.0000,0.0000,0,-135.6900,-2.7080,0.0000
179,1,0,25.5343,512.0790,95.7223,0.0000,0.0000,0,-135.6080,-2.7075,0.0000
180,1,0,25.4343,508.0780,95.2272,0.0000,0.0000,0,-135.5600,-2.7073,0.0000
181,1,0,25.4843,510.0780,95.1336,0.0000,0.0000,0,-135.4780,-2.7071,0.0000
182,1,0,25.4281,507.8280,95.3918,0.0000,0.0000,0,-135.4300,-2.7069,0.0000
183,1,0,25.5093,511.0780,93.6548,0.0000,0.0000,0,-135.3480,-2.7066,0.0000
184,1,0,25.4719,509.5780,94.4765,0.0000,0.0000,0,-135.3000,-2.7065,0.0000
185,1,0,25.6834,518.0800,91.4625,0.0000,0.0000,0,-134.7990,-2.7047,0.0000
286,1,0,25.5592,513.0790,91.3944,0.0000,0.0000,0,-136.5790,-2.7755,0.0000
287,1,0,25.4906,510.3280,91.9545,0.0000,0.0000,0,-136.4670,-2.7752,0.0000
293,1,0,25.4030,506.8280,96.3582,0.0000,0.0000,0,-135.9330,-2.8220,0.0000
294,1,0,25.3967,506.5780,96.1125,0.0000,0.0000,0,-135.8850,-2.8219,0.0000
295,1,0,25.5031,510.8280,95.4435,0.0000,0.0000,0,-135.6730,-2.8209,0.0000
296,1,0,25.4468,508.5780,95.5711,0.0000,0.0000,0,-135.6250,-2.8207,0.0000
337,1,0,25.3905,506.3280,94.9995,0.0000,0.0000,0,-136.3040,-2.8354,0.0000
338,1,0,25.4406,508.3280,94.8421,0.0000,0.0000,0,-136.1040,-2.8349,0.0000
339,1,0,25.4030,506.8280,93.1992,0.0000,0.0000,0,-135.1050,-2.8313,0.0000
340,1,0,25.5093,511.0780,92.7188,0.0000,0.0000,0,-134.9050,-2.8305,0.0000
367,1,0,25.4406,508.3280,94.8133,0.0000,0.0000,0,-136.3040,-2.9134,0.0000
368,1,0,25.3214,503.5770,95.8363,0.0000,0.0000,0,-136.1040,-2.9129,0.0000
369,1,0,25.3842,506.0780,94.4712,0.0000,0.0000,0,-135.1050,-2.9094,0.0000
373,1,0,25.5156,511.3290,93.1208,0.0000,0.0000,0,-134.9050,-2.9087,0.0000
380,1,0,25.3717,505.5780,96.0342,0.0000,0.0000,0,-135.4160,-2.9165,0.0000
381,1,0,25.2711,501.5770,95.1270,0.0000,0.0000,0,-135.3620,-2.9163,0.0000
434,1,0,25.4093,507.0780,94.1742,0.0000,0.0000,0,-136.5790,-2.9467,0.0000
435,1,0,25.4968,510.5780,94.1674,0.0000,0.0000,0,-136.4670,-2.9465,0.0000
441,1,0,25.3779,505.8280,95.5902,0.0000,0.0000,0,-136.3030,-2.9805,0.0000
442,1,0,25.3528,504.8270,94.5567,0.0000,0.0000,0,-135.1050,-2.9765,0.0000
468,1,0,25.3403,504.3270,95.9489,0.0000,0.0000,0,-136.3030,-3.0587,0.0000
469,1,0,25.4281,507.8280,95.7696,0.0000,0.0000,0,-135.1050,-3.0545,0.0000
497,1,0,25.4030,506.8280,95.0247,0.0000,0.0000,0,-136.4660,-3.1006,0.0000
499,1,0,25.3967,506.5780,94.3350,0.0000,0.0000,0,-136.5780,-3.1008,0.0000
500,1,0,25.4656,509.3280,97.9716,0.0000,0.0000,0,-135.4770,-3.1024,0.0000
501,1,0,25.3088,503.0770,97.4912,0.0000,0.0000,0,-135.4290,-3.1023,0.0000
502,1,0,25.3779,505.8280,98.4679,0.0000,0.0000,0,-135.3470,-3.1020,0.0000
503,1,0,25.4281,507.8280,96.3451,0.0000,0.0000,0,-135.2990,-3.1018,0.0000
535,1,0,25.3591,505.0780,96.4839,0.0000,0.0000,0,-136.3030,-3.1307,0.0000
536,1,0,25.3403,504.3270,96.9958,0.0000,0.0000,0,-136.1030,-3.1301,0.0000
537,1,0,25.3340,504.0770,95.9789,0.0000,0.0000,0,-135.1050,-3.1266,0.0000
538,1,0,25.5716,513.5790,94.8335,0.0000,0.0000,0,-134.9040,-3.1258,0.0000
547,1,0,25.2774,501.8270,97.8750,0.0000,0.0000,0,-135.9730,-3.1497,0.0000
548,1,0,25.3466,504.5770,98.3889,0.0000,0.0000,0,-135.5830,-3.1481,0.0000
549,1,0,25.4968,510.5780,94.3792,0.0000,0.0000,0,-134.7740,-3.1454,0.0000
575,1,0,25.3717,505.5780,96.9379,0.0000,0.0000,0,-135.3020,-3.1771,0.0000
591,1,0,25.3214,503.5770,96.9214,0.0000,0.0000,0,-136.3030,-3.2086,0.0000
592,1,0,25.3277,503.8270,97.7946,0.0000,0.0000,0,-136.1030,-3.2081,0.0000
593,1,0,25.3466,504.5770,97.4394,0.0000,0.0000,0,-135.1040,-3.2045,0.0000
594,1,0,25.5592,513.0790,94.7120,0.0000,0.0000,0,-134.9040,-3.2039,0.0000
600,1,0,25.3277,503.8270,98.2229,0.0000,0.0000,0,-135.8670,-3.2141,0.0000
601,1,0,25.2585,501.0770,98.8964,0.0000,0.0000,0,-135.8190,-3.2141,0.0000
602,1,0,25.2963,502.5770,99.0653,0.0000,0.0000,0,-135.7370,-3.2137,0.0000
603,1,0,25.2270,499.8270,97.2205,0.0000,0.0000,0,-135.6890,-3.2134,0.0000
604,1,0,25.3528,504.8270,98.7375,0.0000,0.0000,0,-135.3410,-3.2162,0.0000
605,1,0,25.3403,504.3270,98.1285,0.0000,0.0000,0,-135.2630,-3.2159,0.0000
656,1,0,25.2837,502.0770,98.7390,0.0000,0.0000,0,-135.9730,-3.2278,0.0000
657,1,0,25.3717,505.5780,99.0827,0.0000,0.0000,0,-135.5830,-3.2262,0.0000
658,1,0,25.6090,515.0790,93.8805,0.0000,0.0000,0,-134.7740,-3.2235,0.0000
684,1,0,25.3905,506.3280,94.9814,0.0000,0.0000,0,-136.5540,-3.2477,0.0000
694,1,0,25.3779,505.8280,97.4361,0.0000,0.0000,0,-135.3020,-3.2550,0.0000
700,1,0,25.3151,503.3270,96.3927,0.0000,0.0000,0,-136.3150,-3.2742,0.0000
701,1,0,25.3967,506.5780,96.8538,0.0000,0.0000,0,-135.1160,-3.2701,0.0000
702,1,0,25.3340,504.0770,98.3386,0.0000,0.0000,0,-135.9730,-3.2798,0.0000
703,1,0,25.4218,507.5780,98.1209,0.0000,0.0000,0,-135.8620,-3.2795,0.0000
704,1,0,25.4030,506.8280,99.1356,0.0000,0.0000,0,-135.8140,-3.2794,0.0000
705,1,0,25.4281,507.8280,99.5526,0.0000,0.0000,0,-135.7410,-3.2792,0.0000
706,1,0,25.4093,507.0780,98.1299,0.0000,0.0000,0,-135.6930,-3.2789,0.0000
707,1,0,25.5592,513.0790,97.7534,0.0000,0.0000,0,-135.5830,-3.2782,0.0000
708,1,0,25.4030,506.8280,98.4725,0.0000,0.0000,0,-135.4020,-3.2775,0.0000
709,1,0,25.5530,512.8290,94.4856,0.0000,0.0000,0,-134.7740,-3.2754,0.0000
731,1,0,25.4343,508.0780,94.3681,0.0000,0.0000,0,-136.5930,-3.2867,0.0000
732,1,0,25.3654,505.3280,94.8562,0.0000,0.0000,0,-136.5150,-3.2866,0.0000
786,1,0,25.3779,505.8280,97.9762,0.0000,0.0000,0,-136.2410,-3.3007,0.0000
787,1,0,25.3528,504.8270,97.4468,0.0000,0.0000,0,-136.1290,-3.3003,0.0000
788,1,0,25.3528,504.8270,96.9439,0.0000,0.0000,0,-135.0430,-3.2966,0.0000
789,1,0,25.5156,511.3290,96.3298,0.0000,0.0000,0,-134.9310,-3.2962,0.0000
798,1,0,25.6524,516.8290,98.6733,0.0000,0.0000,0,-135.4410,-3.3166,0.0000
799,1,0,25.4155,507.3280,97.5571,0.0000,0.0000,0,-135.3630,-3.3163,0.0000
832,1,0,25.3654,505.3280,96.3998,0.0000,0.0000,0,-136.5540,-3.3257,0.0000
834,1,0,25.4281,507.8280,96.6548,0.0000,0.0000,0,-136.4280,-3.3487,0.0000
835,1,0,25.4218,507.5780,98.0573,0.0000,0.0000,0,-135.6930,-3.3569,0.0000
848,1,0,25.3340,504.0770,99.4583,0.0000,0.0000,0,-135.9720,-3.3578,0.0000
849,1,0,25.5716,513.5790,98.7537,0.0000,0.0000,0,-135.8620,-3.3575,0.0000
850,1,0,25.5592,513.0790,99.0982,0.0000,0.0000,0,-135.8140,-3.3574,0.0000
851,1,0,25.5841,514.0790,99.2648,0.0000,0.0000,0,-135.7410,-3.3571,0.0000
852,1,0,25.6276,515.8290,99.5162,0.0000,0.0000,0,-135.5830,-3.3562,0.0000
853,1,0,25.6090,515.0790,98.3773,0.0000,0.0000,0,-135.4020,-3.3555,0.0000
854,1,0,25.4155,507.3280,94.8825,0.0000,0.0000,0,-134.7730,-3.3536,0.0000
926,1,0,25.6214,515.5790,98.0940,0.0000,0.0000,0,-135.3020,-3.3773,0.0000
935,1,0,25.4406,508.3280,96.7615,0.0000,0.0000,0,-136.4670,-3.3879,0.0000
936,1,0,25.3277,503.8270,97.4468,0.0000,0.0000,0,-136.3890,-3.3876,0.0000
939,1,0,25.7268,519.8300,98.9732,0.0000,0.0000,0,-135.3410,-3.4164,0.0000
940,1,0,25.5530,512.8290,98.3455,0.0000,0.0000,0,-135.2630,-3.4161,0.0000
977,1,0,25.4093,507.0780,96.8310,0.0000,0.0000,0,-136.4280,-3.4267,0.0000
978,1,0,25.4531,508.8280,95.5167,0.0000,0.0000,0,-136.5530,-3.4480,0.0000
980,1,0,25.8379,524.3310,98.8543,0.0000,0.0000,0,-135.3020,-3.4553,0.0000
1000,1,0,25.6338,516.0790,98.5778,0.0000,0.0000,0,-136.0020,-3.4800,0.0000
1001,1,0,25.5530,512.8290,98.4993,0.0000,0.0000,0,-135.8020,-3.4794,0.0000
1002,1,0,25.6090,515.0790,99.5933,0.0000,0.0000,0,-135.6020,-3.4783,0.0000
1003,1,0,25.7268,519.8300,99.5107,0.0000,0.0000,0,-135.4020,-3.4777,0.0000
1004,1,0,25.4906,510.3280,94.9446,0.0000,0.0000,0,-134.7660,-3.4756,0.0000
1039,1,0,25.4218,507.5780,95.9299,0.0000,0.0000,0,-136.5920,-3.4872,0.0000
1040,1,0,25.4281,507.8280,96.0581,0.0000,0.0000,0,-136.5140,-3.4870,0.0000
1042,1,0,25.6648,517.3290,99.3516,0.0000,0.0000,0,-136.0410,-3.5191,0.0000
1043,1,0,25.5841,514.0790,99.4310,0.0000,0.0000,0,-135.9630,-3.5189,0.0000
1044,1,0,25.6090,515.0790,99.1971,0.0000,0.0000,0,-135.8410,-3.5184,0.0000
1045,1,0,25.4468,508.5780,99.2988,0.0000,0.0000,0,-135.7630,-3.5182,0.0000
1046,1,0,25.6090,515.0790,99.6426,0.0000,0.0000,0,-135.6410,-3.5174,0.0000
1047,1,0,25.5530,512.8290,99.2448,0.0000,0.0000,0,-135.5630,-3.5171,0.0000
1048,1,0,25.7515,520.8300,99.4789,0.0000,0.0000,0,-135.4410,-3.5168,0.0000
1049,1,0,25.6834,518.0800,99.3937,0.0000,0.0000,0,-135.3630,-3.5165,0.0000
1050,1,0,25.5530,512.8290,95.3429,0.0000,0.0000,0,-134.8050,-3.5146,0.0000
1142,1,0,25.6400,516.3290,99.4721,0.0000,0.0000,0,-136.0020,-3.5580,0.0000
1143,1,0,25.7144,519.3300,98.6004,0.0000,0.0000,0,-135.4010,-3.5556,0.0000
1144,1,0,25.5343,512.0790,94.5685,0.0000,0.0000,0,-134.7650,-3.5535,0.0000
1157,1,0,25.4906,510.3280,99.4954,0.0000,0.0000,0,-135.8020,-3.5573,0.0000
1158,1,0,25.4968,510.5780,99.5662,0.0000,0.0000,0,-135.6020,-3.5563,0.0000
1193,1,0,25.3654,505.3280,96.3975,0.0000,0.0000,0,-136.5530,-3.5636,0.0000
1196,1,0,25.5841,514.0790,98.9365,0.0000,0.0000,0,-135.9020,-3.5798,0.0000
1197,1,0,25.5093,511.0780,99.3591,0.0000,0.0000,0,-135.7010,-3.5791,0.0000
1198,1,0,25.4968,510.5780,99.4245,0.0000,0.0000,0,-135.5020,-3.5781,0.0000
1199,1,0,25.7886,522.3300,98.8022,0.0000,0.0000,0,-135.3010,-3.5775,0.0000
1233,1,0,25.3967,506.5780,97.8189,0.0000,0.0000,0,-136.2220,-3.5913,0.0000
1234,1,0,25.4531,508.8280,96.4547,0.0000,0.0000,0,-135.0230,-3.5870,0.0000
1240,1,0,25.4093,507.0780,96.5497,0.0000,0.0000,0,-136.5920,-3.6027,0.0000
1241,1,0,25.3277,503.8270,97.2483,0.0000,0.0000,0,-136.5140,-3.6025,0.0000
1259,1,0,25.5405,512.3290,99.5665,0.0000,0.0000,0,-135.9400,-3.6189,0.0000
1260,1,0,25.5031,510.8280,98.7600,0.0000,0.0000,0,-135.8630,-3.6187,0.0000
1261,1,0,25.4531,508.8280,99.8423,0.0000,0.0000,0,-135.7400,-3.6182,0.0000
1262,1,0,25.4093,507.0780,99.4957,0.0000,0.0000,0,-135.6630,-3.6176,0.0000
1263,1,0,25.4906,510.3280,99.1890,0.0000,0.0000,0,-135.5400,-3.6172,0.0000
1264,1,0,25.5031,510.8280,99.6231,0.0000,0.0000,0,-135.4620,-3.6169,0.0000
1265,1,0,25.7020,518.8300,99.5434,0.0000,0.0000,0,-135.3400,-3.6165,0.0000
1266,1,0,25.6958,518.5800,99.4415,0.0000,0.0000,0,-135.2620,-3.6164,0.0000
1334,1,0,25.2017,498.8270,98.7236,0.0000,0.0000,0,-136.3260,-3.6496,0.0000
1335,1,0,25.5530,512.8290,98.5387,0.0000,0.0000,0,-136.1170,-3.6490,0.0000
1336,1,0,25.4531,508.8280,98.1604,0.0000,0.0000,0,-135.1280,-3.6454,0.0000
1337,1,0,25.3403,504.3270,96.5756,0.0000,0.0000,0,-134.9180,-3.6448,0.0000
1343,1,0,25.4719,509.5780,99.1748,0.0000,0.0000,0,-135.9010,-3.6577,0.0000
1344,1,0,25.4155,507.3280,98.1610,0.0000,0.0000,0,-135.7010,-3.6571,0.0000
1345,1,0,25.4093,507.0780,99.3474,0.0000,0.0000,0,-135.5010,-3.6561,0.0000
1346,1,0,25.7082,519.0800,99.1287,0.0000,0.0000,0,-135.3010,-3.6554,0.0000
1388,1,0,25.4155,507.3280,96.8840,0.0000,0.0000,0,-136.5530,-3.6739,0.0000
1390,1,0,25.4719,509.5780,98.7217,0.0000,0.0000,0,-136.0010,-3.6802,0.0000
1391,1,0,25.4468,508.5780,99.3054,0.0000,0.0000,0,-135.8010,-3.6796,0.0000
1392,1,0,25.4781,509.8280,99.2477,0.0000,0.0000,0,-135.6010,-3.6785,0.0000
1393,1,0,25.5218,511.5790,98.4412,0.0000,0.0000,0,-135.4010,-3.6778,0.0000
1435,1,0,25.4656,509.3280,96.9103,0.0000,0.0000,0,-136.5920,-3.7130,0.0000
1436,1,0,25.4906,510.3280,96.9432,0.0000,0.0000,0,-136.5140,-3.7128,0.0000
1441,1,0,25.5779,513.8290,98.8849,0.0000,0.0000,0,-136.0400,-3.7192,0.0000
1442,1,0,25.4531,508.8280,99.4632,0.0000,0.0000,0,-135.9620,-3.7190,0.0000
1443,1,0,25.4343,508.0780,99.1677,0.0000,0.0000,0,-135.8400,-3.7186,0.0000
1444,1,0,25.3277,503.8270,98.7587,0.0000,0.0000,0,-135.7620,-3.7184,0.0000
1445,1,0,25.4093,507.0780,99.8108,0.0000,0.0000,0,-135.6400,-3.7175,0.0000
1446,1,0,25.3151,503.3270,99.7330,0.0000,0.0000,0,-135.5620,-3.7173,0.0000
1447,1,0,25.5218,511.5790,99.1679,0.0000,0.0000,0,-135.4400,-3.7169,0.0000
1448,1,0,25.5280,511.8290,98.8958,0.0000,0.0000,0,-135.3620,-3.7167,0.0000
1449,1,0,25.4406,508.3280,95.3139,0.0000,0.0000,0,-134.8040,-3.7149,0.0000
1519,1,0,25.2522,500.8270,99.0803,0.0000,0.0000,0,-136.2210,-3.7243,0.0000
1520,1,0,25.2837,502.0770,97.4653,0.0000,0.0000,0,-135.0230,-3.7201,0.0000
1522,1,0,25.2459,500.5770,98.2759,0.0000,0.0000,0,-136.3260,-3.7276,0.0000
1523,1,0,25.6090,515.0790,99.1947,0.0000,0.0000,0,-136.1160,-3.7270,0.0000
1524,1,0,25.4593,509.0780,98.7196,0.0000,0.0000,0,-135.1280,-3.7234,0.0000
1525,1,0,25.3088,503.0770,96.1993,0.0000,0.0000,0,-134.9180,-3.7226,0.0000
1543,1,0,25.4281,507.8280,97.0602,0.0000,0.0000,0,-136.5520,-3.7519,0.0000
1544,1,0,25.3779,505.8280,99.5644,0.0000,0.0000,0,-136.0010,-3.7582,0.0000
1545,1,0,25.3717,505.5780,99.4673,0.0000,0.0000,0,-135.8010,-3.7575,0.0000
1546,1,0,25.2333,500.0770,99.7393,0.0000,0.0000,0,-135.6010,-3.7564,0.0000
1547,1,0,25.4593,509.0780,99.5682,0.0000,0.0000,0,-135.4010,-3.7558,0.0000
1548,1,0,25.5031,510.8280,95.1211,0.0000,0.0000,0,-134.7650,-3.7538,0.0000
1588,1,0,25.4218,507.5780,99.5883,0.0000,0.0000,0,-135.9010,-3.7800,0.0000
1599,1,0,25.6214,515.5790,98.9876,0.0000,0.0000,0,-135.3010,-3.7776,0.0000
1626,1,0,25.1511,496.8260,97.7321,0.0000,0.0000,0,-136.3260,-3.7996,0.0000
1627,1,0,25.5280,511.8290,98.8883,0.0000,0.0000,0,-136.1160,-3.7990,0.0000
1628,1,0,25.4593,509.0780,98.1382,0.0000,0.0000,0,-135.1280,-3.7954,0.0000
1629,1,0,25.1954,498.5770,98.2087,0.0000,0.0000,0,-134.9180,-3.7948,0.0000
1646,1,0,25.2522,500.8270,98.0726,0.0000,0.0000,0,-135.9400,-3.8189,0.0000
1647,1,0,25.1764,497.8260,99.0472,0.0000,0.0000,0,-135.8620,-3.8187,0.0000
1648,1,0,25.0433,492.5760,98.6159,0.0000,0.0000,0,-135.7400,-3.8183,0.0000
1649,1,0,24.9222,487.8250,98.1691,0.0000,0.0000,0,-135.6620,-3.8175,0.0000
1650,1,0,25.1195,495.5760,99.1637,0.0000,0.0000,0,-135.5400,-3.8172,0.0000
1651,1,0,25.1195,495.5760,97.7744,0.0000,0.0000,0,-135.4620,-3.8170,0.0000
1652,1,0,25.2963,502.5770,97.2473,0.0000,0.0000,0,-135.3390,-3.8165,0.0000
1653,1,0,25.3779,505.8280,97.5918,0.0000,0.0000,0,-135.2610,-3.8163,0.0000
1717,1,0,25.0751,493.8260,95.5140,0.0000,0.0000,0,-136.5910,-3.8231,0.0000
1733,1,0,25.3591,505.0780,98.4629,0.0000,0.0000,0,-136.2210,-3.8571,0.0000
1734,1,0,25.3026,502.8270,96.2351,0.0000,0.0000,0,-135.0230,-3.8528,0.0000
1736,1,0,25.4155,507.3280,99.2760,0.0000,0.0000,0,-135.9010,-3.8576,0.0000
1737,1,0,25.3151,503.3270,99.7812,0.0000,0.0000,0,-135.7010,-3.8569,0.0000
1738,1,0,25.2900,502.3270,99.2214,0.0000,0.0000,0,-135.5010,-3.8558,0.0000
1783,1,0,25.3654,505.3280,97.3825,0.0000,0.0000,0,-136.3260,-3.8773,0.0000
1784,1,0,25.5405,512.3290,98.8956,0.0000,0.0000,0,-136.1160,-3.8767,0.0000
1785,1,0,25.5530,512.8290,97.0844,0.0000,0.0000,0,-135.1280,-3.8730,0.0000
1786,1,0,25.3026,502.8270,96.2210,0.0000,0.0000,0,-134.9170,-3.8723,0.0000
1788,1,0,25.5530,512.8290,99.7791,0.0000,0.0000,0,-136.0010,-3.8800,0.0000
1789,1,0,25.5654,513.3290,99.9600,0.0000,0.0000,0,-135.8010,-3.8794,0.0000
1790,1,0,25.4906,510.3280,98.8315,0.0000,0.0000,0,-135.6010,-3.8783,0.0000
1791,1,0,25.5467,512.5790,98.7165,0.0000,0.0000,0,-135.4000,-3.8777,0.0000
1792,1,0,25.5093,511.0780,94.6173,0.0000,0.0000,0,-134.7640,-3.8756,0.0000
1838,1,0,25.6338,516.0790,99.4308,0.0000,0.0000,0,-136.0400,-3.9191,0.0000
1839,1,0,25.4719,509.5780,98.7708,0.0000,0.0000,0,-135.9620,-3.9188,0.0000
1840,1,0,25.4906,510.3280,99.3612,0.0000,0.0000,0,-135.8390,-3.9185,0.0000
1841,1,0,25.4906,510.3280,98.9914,0.0000,0.0000,0,-135.7610,-3.9182,0.0000
1842,1,0,25.4218,507.5780,99.4708,0.0000,0.0000,0,-135.6400,-3.9174,0.0000
1843,1,0,25.4843,510.0780,99.2835,0.0000,0.0000,0,-135.5620,-3.9171,0.0000
1844,1,0,25.4968,510.5780,99.3618,0.0000,0.0000,0,-135.4390,-3.9168,0.0000
1845,1,0,25.5965,514.5790,99.3027,0.0000,0.0000,0,-135.3610,-3.9165,0.0000
1846,1,0,25.4968,510.5780,95.0908,0.0000,0.0000,0,-134.8030,-3.9147,0.0000
1916,1,0,25.3214,503.5770,95.6694,0.0000,0.0000,0,-136.5910,-3.9335,0.0000
1917,1,0,25.2206,499.5770,98.1525,0.0000,0.0000,0,-136.2210,-3.9352,0.0000
1918,1,0,25.3026,502.8270,98.2427,0.0000,0.0000,0,-135.0220,-3.9307,0.0000
1933,1,0,25.6400,516.3290,99.1608,0.0000,0.0000,0,-136.0000,-3.9580,0.0000
1934,1,0,25.4906,510.3280,99.6654,0.0000,0.0000,0,-135.6000,-3.9562,0.0000
1935,1,0,25.5467,512.5790,99.2901,0.0000,0.0000,0,-135.4000,-3.9556,0.0000
1936,1,0,25.3967,506.5780,95.4926,0.0000,0.0000,0,-134.7640,-3.9536,0.0000
1946,1,0,25.4218,507.5780,99.4776,0.0000,0.0000,0,-135.8000,-3.9572,0.0000
1979,1,0,25.5031,510.8280,99.7872,0.0000,0.0000,0,-135.9000,-3.9798,0.0000
1980,1,0,25.5592,513.0790,99.7284,0.0000,0.0000,0,-135.5000,-3.9781,0.0000
2035,1,0,25.6152,515.3290,99.0368,0.0000,0.0000,0,-135.9390,-4.0190,0.0000
2036,1,0,25.5156,511.3290,98.9309,0.0000,0.0000,0,-135.8610,-4.0186,0.0000
2037,1,0,25.5280,511.8290,98.9015,0.0000,0.0000,0,-135.7390,-4.0182,0.0000
2038,1,0,25.4155,507.3280,98.9854,0.0000,0.0000,0,-135.6610,-4.0175,0.0000
2039,1,0,25.5779,513.8290,98.6833,0.0000,0.0000,0,-135.5390,-4.0172,0.0000
2040,1,0,25.5280,511.8290,98.6860,0.0000,0.0000,0,-135.4610,-4.0168,0.0000
2041,1,0,25.5343,512.0790,99.4819,0.0000,0.0000,0,-135.3390,-4.0165,0.0000
2042,1,0,25.6400,516.3290,99.0894,0.0000,0.0000,0,-135.2610,-4.0162,0.0000
2108,1,0,25.3088,503.0770,96.2991,0.0000,0.0000,0,-136.5900,-4.0438,0.0000
2114,1,0,25.5654,513.3290,99.5265,0.0000,0.0000,0,-135.9000,-4.0577,0.0000
2115,1,0,25.5031,510.8280,98.1272,0.0000,0.0000,0,-135.7000,-4.0571,0.0000
2116,1,0,25.5841,514.0790,99.3167,0.0000,0.0000,0,-135.5000,-4.0560,0.0000
2117,1,0,25.7082,519.0800,98.4373,0.0000,0.0000,0,-135.3000,-4.0553,0.0000
2158,1,0,25.4030,506.8280,97.6249,0.0000,0.0000,0,-136.4000,-4.0815,0.0000
2159,1,0,25.3967,506.5780,98.4874,0.0000,0.0000,0,-136.2000,-4.0809,0.0000
2160,1,0,25.5965,514.5790,98.7686,0.0000,0.0000,0,-135.8000,-4.0795,0.0000
2161,1,0,25.6896,518.3300,99.8305,0.0000,0.0000,0,-135.4000,-4.0779,0.0000
2162,1,0,25.5031,510.8280,96.6295,0.0000,0.0000,0,-134.9990,-4.0764,0.0000
2196,1,0,25.4093,507.0780,97.0308,0.0000,0.0000,0,-136.5510,-4.1147,0.0000
2197,1,0,25.5218,511.5790,96.0004,0.0000,0.0000,0,-136.4390,-4.1207,0.0000
2198,1,0,25.3779,505.8280,97.6279,0.0000,0.0000,0,-136.3610,-4.1204,0.0000
2199,1,0,25.3528,504.8270,98.4858,0.0000,0.0000,0,-136.2390,-4.1199,0.0000
2200,1,0,25.3214,503.5770,98.7280,0.0000,0.0000,0,-136.1610,-4.1197,0.0000
2201,1,0,25.5405,512.3290,98.5167,0.0000,0.0000,0,-136.0390,-4.1193,0.0000
2202,1,0,25.5405,512.3290,98.7759,0.0000,0.0000,0,-135.9610,-4.1190,0.0000
2203,1,0,25.5031,510.8280,98.9469,0.0000,0.0000,0,-135.8390,-4.1186,0.0000
2204,1,0,25.5093,511.0780,99.3079,0.0000,0.0000,0,-135.7610,-4.1184,0.0000
2205,1,0,25.4781,509.8280,98.6589,0.0000,0.0000,0,-135.6390,-4.1175,0.0000
2206,1,0,25.4968,510.5780,99.5681,0.0000,0.0000,0,-135.5610,-4.1172,0.0000
2207,1,0,25.6462,516.5790,99.0685,0.0000,0.0000,0,-135.4390,-4.1169,0.0000
2208,1,0,25.7144,519.3300,97.7742,0.0000,0.0000,0,-135.3610,-4.1166,0.0000
2209,1,0,25.5218,511.5790,97.4579,0.0000,0.0000,0,-135.2380,-4.1162,0.0000
2210,1,0,25.3717,505.5780,97.9024,0.0000,0.0000,0,-135.1600,-4.1160,0.0000
2211,1,0,25.4281,507.8280,96.4766,0.0000,0.0000,0,-135.0380,-4.1156,0.0000
2212,1,0,25.4343,508.0780,96.5937,0.0000,0.0000,0,-134.9600,-4.1154,0.0000
2213,1,0,25.4406,508.3280,94.8440,0.0000,0.0000,0,-134.8030,-4.1148,0.0000
2300,1,0,25.4468,508.5780,95.5684,0.0000,0.0000,0,-136.5900,-4.1538,0.0000
2301,1,0,25.3466,504.5770,96.0159,0.0000,0.0000,0,-136.5120,-4.1536,0.0000
2304,1,0,25.2963,502.5770,97.0478,0.0000,0.0000,0,-136.4000,-4.1595,0.0000
2305,1,0,25.5779,513.8290,98.6579,0.0000,0.0000,0,-136.0000,-4.1581,0.0000
2306,1,0,25.5467,512.5790,98.4386,0.0000,0.0000,0,-135.6000,-4.1564,0.0000
2307,1,0,25.4343,508.0780,97.6663,0.0000,0.0000,0,-135.1990,-4.1551,0.0000
2308,1,0,25.5779,513.8290,94.8184,0.0000,0.0000,0,-134.7630,-4.1538,0.0000
2342,1,0,25.3528,504.8270,97.6519,0.0000,0.0000,0,-136.3000,-4.1813,0.0000
2343,1,0,25.6462,516.5790,99.2314,0.0000,0.0000,0,-135.9000,-4.1800,0.0000
2344,1,0,25.4843,510.0780,97.2442,0.0000,0.0000,0,-135.7000,-4.1793,0.0000
2345,1,0,25.7144,519.3300,99.3588,0.0000,0.0000,0,-135.5000,-4.1782,0.0000
2346,1,0,25.5405,512.3290,97.7062,0.0000,0.0000,0,-135.2990,-4.1775,0.0000
2347,1,0,25.3591,505.0780,98.0902,0.0000,0.0000,0,-135.0990,-4.1769,0.0000
2348,1,0,25.3967,506.5780,96.9949,0.0000,0.0000,0,-134.8980,-4.1764,0.0000
2390,1,0,25.3088,503.0770,96.4299,0.0000,0.0000,0,-136.5510,-4.1927,0.0000
2394,1,0,25.6338,516.0790,98.9181,0.0000,0.0000,0,-135.4600,-4.2170,0.0000
2395,1,0,25.6524,516.8290,97.8031,0.0000,0.0000,0,-135.3380,-4.2166,0.0000
2404,1,0,25.4155,507.3280,98.6503,0.0000,0.0000,0,-136.2610,-4.2201,0.0000
2405,1,0,25.5592,513.0790,98.2678,0.0000,0.0000,0,-135.9380,-4.2191,0.0000
2406,1,0,25.5841,514.0790,99.4635,0.0000,0.0000,0,-135.8610,-4.2188,0.0000
2407,1,0,25.8564,525.0810,99.4029,0.0000,0.0000,0,-135.7380,-4.2185,0.0000
2408,1,0,25.6524,516.8290,99.0096,0.0000,0.0000,0,-135.6610,-4.2177,0.0000
2409,1,0,25.6276,515.8290,98.5023,0.0000,0.0000,0,-135.5380,-4.2173,0.0000
2410,1,0,25.4406,508.3280,97.0015,0.0000,0.0000,0,-135.2600,-4.2164,0.0000
2411,1,0,25.5031,510.8280,97.7283,0.0000,0.0000,0,-135.1380,-4.2160,0.0000
2412,1,0,25.4656,509.3280,97.2927,0.0000,0.0000,0,-135.0600,-4.2158,0.0000
2413,1,0,25.6090,515.0790,96.0218,0.0000,0.0000,0,-134.9370,-4.2154,0.0000
2414,1,0,25.4968,510.5780,95.3686,0.0000,0.0000,0,-134.8590,-4.2151,0.0000
2492,1,0,25.4155,507.3280,97.6582,0.0000,0.0000,0,-136.2990,-4.2594,0.0000
2493,1,0,25.4593,509.0780,98.4259,0.0000,0.0000,0,-135.8990,-4.2579,0.0000
2494,1,0,25.5779,513.8290,97.2932,0.0000,0.0000,0,-135.6990,-4.2571,0.0000
2495,1,0,25.6027,514.8290,98.5406,0.0000,0.0000,0,-135.4990,-4.2561,0.0000
2496,1,0,25.5716,513.5790,98.6058,0.0000,0.0000,0,-135.2990,-4.2554,0.0000
2497,1,0,25.5031,510.8280,97.1367,0.0000,0.0000,0,-135.0990,-4.2549,0.0000
2498,1,0,25.5031,510.8280,96.4974,0.0000,0.0000,0,-134.8980,-4.2543,0.0000
2520,1,0,25.3466,504.5770,96.0426,0.0000,0.0000,0,-136.5370,-4.2830,0.0000
2521,1,0,25.3842,506.0780,96.6397,0.0000,0.0000,0,-136.3990,-4.2818,0.0000
2567,1,0,25.4906,510.3280,96.0530,0.0000,0.0000,0,-136.4380,-4.3209,0.0000
2568,1,0,25.3277,503.8270,97.3682,0.0000,0.0000,0,-136.3600,-4.3207,0.0000
2578,1,0,25.3591,505.0780,97.3567,0.0000,0.0000,0,-136.0390,-4.3398,0.0000
2579,1,0,25.2396,500.3270,98.4336,0.0000,0.0000,0,-135.9610,-4.3395,0.0000
2580,1,0,25.4906,510.3280,98.2288,0.0000,0.0000,0,-135.7920,-4.3389,0.0000
2581,1,0,25.4531,508.8280,98.6045,0.0000,0.0000,0,-135.7140,-4.3386,0.0000
2582,1,0,25.4343,508.0780,98.9991,0.0000,0.0000,0,-135.5450,-4.3377,0.0000
2583,1,0,25.3654,505.3280,98.5164,0.0000,0.0000,0,-135.4670,-4.3374,0.0000
2584,1,0,25.3591,505.0780,97.9563,0.0000,0.0000,0,-135.2980,-4.3369,0.0000
2585,1,0,25.4093,507.0780,97.5406,0.0000,0.0000,0,-135.2200,-4.3366,0.0000
2586,1,0,25.4093,507.0780,96.1901,0.0000,0.0000,0,-135.0510,-4.3362,0.0000
2587,1,0,25.4593,509.0780,95.8392,0.0000,0.0000,0,-134.9730,-4.3358,0.0000
2588,1,0,25.5530,512.8290,94.7499,0.0000,0.0000,0,-134.8040,-4.3354,0.0000
2620,1,0,25.4406,508.3280,95.9654,0.0000,0.0000,0,-136.3990,-4.3598,0.0000
2621,1,0,25.3528,504.8270,95.3229,0.0000,0.0000,0,-136.5370,-4.3610,0.0000
2665,1,0,25.3151,503.3270,97.6576,0.0000,0.0000,0,-136.1230,-4.3640,0.0000
2674,1,0,25.4593,509.0780,97.2437,0.0000,0.0000,0,-136.2990,-4.3816,0.0000
2685,1,0,25.3026,502.8270,97.2488,0.0000,0.0000,0,-136.0380,-4.3878,0.0000
2686,1,0,25.4030,506.8280,97.5146,0.0000,0.0000,0,-135.9600,-4.3875,0.0000
2687,1,0,25.3340,504.0770,99.0668,0.0000,0.0000,0,-135.7920,-4.3869,0.0000
2688,1,0,25.3779,505.8280,97.5008,0.0000,0.0000,0,-135.7140,-4.3866,0.0000
2689,1,0,25.3340,504.0770,97.9128,0.0000,0.0000,0,-135.5450,-4.3856,0.0000
2690,1,0,25.3905,506.3280,98.6122,0.0000,0.0000,0,-135.4670,-4.3855,0.0000
2691,1,0,25.4343,508.0780,97.4121,0.0000,0.0000,0,-135.2980,-4.3849,0.0000
2692,1,0,25.3842,506.0780,96.7377,0.0000,0.0000,0,-135.2200,-4.3847,0.0000
2693,1,0,25.3905,506.3280,96.8204,0.0000,0.0000,0,-135.0510,-4.3842,0.0000
2694,1,0,25.5530,512.8290,95.1574,0.0000,0.0000,0,-134.9730,-4.3839,0.0000
2695,1,0,25.4468,508.5780,94.7238,0.0000,0.0000,0,-134.8040,-4.3834,0.0000
2757,1,0,25.3466,504.5770,98.5556,0.0000,0.0000,0,-135.6290,-4.4047,0.0000
2758,1,0,25.4968,510.5780,96.5383,0.0000,0.0000,0,-135.1350,-4.4031,0.0000
2769,1,0,25.3591,505.0780,96.5535,0.0000,0.0000,0,-136.1620,-4.4172,0.0000
2770,1,0,25.3842,506.0780,98.5491,0.0000,0.0000,0,-136.0840,-4.4169,0.0000
2771,1,0,25.3842,506.0780,97.6465,0.0000,0.0000,0,-135.9150,-4.4164,0.0000
2772,1,0,25.4468,508.5780,97.8257,0.0000,0.0000,0,-135.8370,-4.4161,0.0000
2773,1,0,25.4593,509.0780,98.4974,0.0000,0.0000,0,-135.4220,-4.4142,0.0000
2774,1,0,25.4843,510.0780,97.7286,0.0000,0.0000,0,-135.3440,-4.4141,0.0000
2775,1,0,25.5903,514.3290,95.1929,0.0000,0.0000,0,-134.9270,-4.4128,0.0000
2776,1,0,25.6152,515.3290,95.1848,0.0000,0.0000,0,-134.8490,-4.4126,0.0000
2797,1,0,25.3905,506.3280,96.9932,0.0000,0.0000,0,-136.2600,-4.4204,0.0000
2800,1,0,25.4843,510.0780,97.7286,0.0000,0.0000,0,-135.3440,-4.4141,0.0000
2844,1,0,25.4218,507.5780,96.0520,0.0000,0.0000,0,-136.2990,-4.4596,0.0000
2846,1,0,25.3340,504.0770,98.3654,0.0000,0.0000,0,-135.4210,-4.4622,0.0000
2855,1,0,25.4030,506.8280,97.0868,0.0000,0.0000,0,-136.1620,-4.4652,0.0000
2856,1,0,25.4531,508.8280,96.8570,0.0000,0.0000,0,-136.0840,-4.4649,0.0000
2857,1,0,25.3905,506.3280,97.2279,0.0000,0.0000,0,-135.9150,-4.4644,0.0000
2858,1,0,25.4030,506.8280,98.5929,0.0000,0.0000,0,-135.8370,-4.4641,0.0000
2859,1,0,25.4843,510.0780,97.1018,0.0000,0.0000,0,-135.3430,-4.4620,0.0000
2860,1,0,25.5592,513.0790,94.9506,0.0000,0.0000,0,-134.9270,-4.4608,0.0000
2861,1,0,25.4968,510.5780,96.0812,0.0000,0.0000,0,-134.8490,-4.4605,0.0000
2919,1,0,25.3277,503.8270,98.7383,0.0000,0.0000,0,-135.6290,-4.4732,0.0000
2920,1,0,25.4531,508.8280,96.4859,0.0000,0.0000,0,-135.1350,-4.4716,0.0000
2927,1,0,25.4281,507.8280,95.6391,0.0000,0.0000,0,-136.3990,-4.4820,0.0000
2939,1,0,25.4343,508.0780,93.9501,0.0000,0.0000,0,-136.5370,-4.4959,0.0000
2940,1,0,25.3026,502.8270,97.1803,0.0000,0.0000,0,-136.0380,-4.4938,0.0000
2941,1,0,25.3466,504.5770,96.0194,0.0000,0.0000,0,-135.9600,-4.4935,0.0000
2942,1,0,25.4155,507.3280,97.5348,0.0000,0.0000,0,-135.7910,-4.4929,0.0000
2943,1,0,25.2459,500.5770,98.2081,0.0000,0.0000,0,-135.7130,-4.4927,0.0000
2944,1,0,25.3779,505.8280,97.2720,0.0000,0.0000,0,-135.5450,-4.4917,0.0000
2945,1,0,25.4281,507.8280,97.6275,0.0000,0.0000,0,-135.4670,-4.4915,0.0000
2946,1,0,25.4030,506.8280,96.4442,0.0000,0.0000,0,-135.2980,-4.4909,0.0000
2947,1,0,25.4155,507.3280,97.2276,0.0000,0.0000,0,-135.2200,-4.4907,0.0000
2948,1,0,25.5093,511.0780,95.9666,0.0000,0.0000,0,-135.0510,-4.4902,0.0000
2949,1,0,25.6400,516.3290,95.4442,0.0000,0.0000,0,-134.9720,-4.4900,0.0000
2950,1,0,25.6276,515.8290,93.8855,0.0000,0.0000,0,-134.8030,-4.4894,0.0000
2982,1,0,25.4155,507.3280,97.2276,0.0000,0.0000,0,-135.2200,-4.4907,0.0000
3025,1,0,25.2206,499.5770,97.7231,0.0000,0.0000,0,-136.1220,-4.5181,0.0000
3031,1,0,25.5031,510.8280,95.1202,0.0000,0.0000,0,-136.4380,-4.5212,0.0000
3032,1,0,25.4218,507.5780,95.8996,0.0000,0.0000,0,-136.3600,-4.5209,0.0000
3049,1,0,25.3842,506.0780,96.7466,0.0000,0.0000,0,-136.0380,-4.5418,0.0000
3050,1,0,25.3779,505.8280,97.1047,0.0000,0.0000,0,-135.9600,-4.5416,0.0000
3051,1,0,25.3967,506.5780,96.6660,0.0000,0.0000,0,-135.7910,-4.5410,0.0000
3052,1,0,25.3403,504.3270,97.7424,0.0000,0.0000,0,-135.7130,-4.5407,0.0000
3053,1,0,25.4155,507.3280,96.3312,0.0000,0.0000,0,-135.5440,-4.5396,0.0000
3054,1,0,25.3340,504.0770,97.3198,0.0000,0.0000,0,-135.4660,-4.5394,0.0000
3055,1,0,25.3905,506.3280,97.7441,0.0000,0.0000,0,-135.2970,-4.5389,0.0000
3056,1,0,25.5156,511.3290,96.5349,0.0000,0.0000,0,-135.2190,-4.5387,0.0000
3057,1,0,25.4719,509.5780,96.2988,0.0000,0.0000,0,-135.0500,-4.5381,0.0000
3058,1,0,25.5280,511.8290,95.9341,0.0000,0.0000,0,-134.9720,-4.5380,0.0000
3059,1,0,25.5156,511.3290,94.4122,0.0000,0.0000,0,-134.8030,-4.5374,0.0000
3116,1,0,25.4155,507.3280,94.1853,0.0000,0.0000,0,-136.3990,-4.5601,0.0000
3118,1,0,25.3466,504.5770,96.6505,0.0000,0.0000,0,-135.3820,-4.5580,0.0000
3119,1,0,25.4030,506.8280,94.3775,0.0000,0.0000,0,-134.8880,-4.5565,0.0000
3124,1,0,25.3466,504.5770,96.6505,0.0000,0.0000,0,-135.3820,-4.5580,0.0000
3131,1,0,25.4781,509.8280,96.8419,0.0000,0.0000,0,-136.1610,-4.5712,0.0000
3132,1,0,25.4843,510.0780,96.0189,0.0000,0.0000,0,-136.0830,-4.5710,0.0000
3133,1,0,25.4719,509.5780,96.2444,0.0000,0.0000,0,-135.6680,-4.5691,0.0000
3134,1,0,25.5280,511.8290,97.3531,0.0000,0.0000,0,-135.5900,-4.5689,0.0000
3135,1,0,25.4406,508.3280,96.2959,0.0000,0.0000,0,-135.1740,-4.5676,0.0000
3136,1,0,25.6276,515.8290,95.8980,0.0000,0.0000,0,-135.0960,-4.5674,0.0000
3161,1,0,25.4281,507.8280,94.3424,0.0000,0.0000,0,-136.5370,-4.5740,0.0000
3163,1,0,25.3779,505.8280,94.4723,0.0000,0.0000,0,-136.2980,-4.5818,0.0000
3200,1,0,25.3466,504.5770,97.0924,0.0000,0.0000,0,-136.0380,-4.5947,0.0000
3217,1,0,25.4719,509.5780,93.3390,0.0000,0.0000,0,-136.5360,-4.6219,0.0000
3218,1,0,25.4719,509.5780,94.9678,0.0000,0.0000,0,-136.3370,-4.6209,0.0000
3219,1,0,25.2396,500.3270,96.4695,0.0000,0.0000,0,-136.2590,-4.6207,0.0000
3220,1,0,25.4531,508.8280,95.7635,0.0000,0.0000,0,-136.1610,-4.6193,0.0000
3221,1,0,25.4906,510.3280,96.3372,0.0000,0.0000,0,-136.0830,-4.6189,0.0000
3222,1,0,25.4343,508.0780,95.6705,0.0000,0.0000,0,-135.6680,-4.6171,0.0000
3223,1,0,25.4843,510.0780,96.6553,0.0000,0.0000,0,-135.5900,-4.6169,0.0000
3224,1,0,25.3528,504.8270,96.5270,0.0000,0.0000,0,-135.1740,-4.6156,0.0000
3225,1,0,25.5405,512.3290,94.9517,0.0000,0.0000,0,-135.0960,-4.6154,0.0000
3287,1,0,25.4218,507.5780,97.1530,0.0000,0.0000,0,-135.3820,-4.6265,0.0000
3288,1,0,25.4281,507.8280,94.1210,0.0000,0.0000,0,-134.8870,-4.6251,0.0000
3301,1,0,25.3151,503.3270,96.0136,0.0000,0.0000,0,-136.0380,-4.6478,0.0000
3302,1,0,25.4343,508.0780,96.1647,0.0000,0.0000,0,-135.9600,-4.6476,0.0000
3303,1,0,25.4781,509.8280,97.8025,0.0000,0.0000,0,-135.7910,-4.6469,0.0000
3304,1,0,25.4531,508.8280,96.8779,0.0000,0.0000,0,-135.7130,-4.6467,0.0000
3305,1,0,25.4468,508.5780,95.6232,0.0000,0.0000,0,-135.5440,-4.6458,0.0000
3306,1,0,25.3214,503.5770,96.6685,0.0000,0.0000,0,-135.4660,-4.6455,0.0000
3307,1,0,25.4155,507.3280,95.7560,0.0000,0.0000,0,-135.2970,-4.6450,0.0000
3308,1,0,25.4656,509.3280,95.7549,0.0000,0.0000,0,-135.2190,-4.6448,0.0000
3309,1,0,25.5654,513.3290,94.6022,0.0000,0.0000,0,-135.0500,-4.6443,0.0000
3310,1,0,25.5093,511.0780,94.3783,0.0000,0.0000,0,-134.9720,-4.6439,0.0000
3311,1,0,25.5779,513.8290,92.6305,0.0000,0.0000,0,-134.8030,-4.6434,0.0000
3343,1,0,25.4343,508.0780,94.4741,0.0000,0.0000,0,-136.2980,-4.6599,0.0000
3388,1,0,25.3277,503.8270,95.8559,0.0000,0.0000,0,-136.1220,-4.6722,0.0000
3394,1,0,25.4906,510.3280,93.6698,0.0000,0.0000,0,-136.3980,-4.6822,0.0000
3411,1,0,25.5031,510.8280,93.9583,0.0000,0.0000,0,-136.0370,-4.6958,0.0000
3412,1,0,25.4155,507.3280,96.4337,0.0000,0.0000,0,-135.9590,-4.6956,0.0000
3413,1,0,25.3967,506.5780,96.3486,0.0000,0.0000,0,-135.7910,-4.6950,0.0000
3414,1,0,25.3340,504.0770,96.5526,0.0000,0.0000,0,-135.7130,-4.6947,0.0000
3415,1,0,25.5280,511.8290,95.8680,0.0000,0.0000,0,-135.5440,-4.6938,0.0000
3416,1,0,25.4719,509.5780,96.0335,0.0000,0.0000,0,-135.4660,-4.6935,0.0000
3417,1,0,25.4030,506.8280,95.0167,0.0000,0.0000,0,-135.2970,-4.6930,0.0000
3418,1,0,25.4218,507.5780,95.4165,0.0000,0.0000,0,-135.2190,-4.6928,0.0000
3419,1,0,25.5093,511.0780,94.1520,0.0000,0.0000,0,-135.0500,-4.6923,0.0000
3420,1,0,25.4843,510.0780,93.5308,0.0000,0.0000,0,-134.9720,-4.6920,0.0000
3421,1,0,25.4406,508.3280,93.7558,0.0000,0.0000,0,-134.8030,-4.6914,0.0000
3448,1,0,25.4531,508.8280,93.6044,0.0000,0.0000,0,-136.5360,-4.7000,0.0000
3484,1,0,25.5156,511.3290,95.7411,0.0000,0.0000,0,-135.6280,-4.7128,0.0000
3485,1,0,25.4531,508.8280,94.7213,0.0000,0.0000,0,-135.1340,-4.7112,0.0000
3493,1,0,25.4468,508.5780,93.9882,0.0000,0.0000,0,-136.4370,-4.7215,0.0000
3494,1,0,25.3905,506.3280,93.9651,0.0000,0.0000,0,-136.3590,-4.7212,0.0000
3503,1,0,25.3151,503.3270,95.5300,0.0000,0.0000,0,-136.1610,-4.7253,0.0000
3504,1,0,25.4719,509.5780,95.1933,0.0000,0.0000,0,-136.0830,-4.7250,0.0000
3505,1,0,25.3466,504.5770,94.7062,0.0000,0.0000,0,-135.9140,-4.7245,0.0000
3506,1,0,25.4343,508.0780,95.8346,0.0000,0.0000,0,-135.8360,-4.7242,0.0000
3507,1,0,25.4719,509.5780,96.1366,0.0000,0.0000,0,-135.4200,-4.7225,0.0000
3508,1,0,25.5093,511.0780,95.4956,0.0000,0.0000,0,-135.3420,-4.7222,0.0000
3509,1,0,25.4593,509.0780,94.4381,0.0000,0.0000,0,-134.9260,-4.7209,0.0000
3510,1,0,25.6152,515.3290,93.1601,0.0000,0.0000,0,-134.8480,-4.7206,0.0000
3534,1,0,25.5031,510.8280,93.3721,0.0000,0.0000,0,-136.5360,-4.7479,0.0000
3565,1,0,25.4030,506.8280,95.7553,0.0000,0.0000,0,-136.0370,-4.7488,0.0000
3580,1,0,25.5530,512.8290,91.9247,0.0000,0.0000,0,-136.3980,-4.7603,0.0000
3585,1,0,25.4719,509.5780,94.2788,0.0000,0.0000,0,-136.1610,-4.7733,0.0000
3586,1,0,25.4968,510.5780,95.7312,0.0000,0.0000,0,-136.0820,-4.7730,0.0000
3587,1,0,25.3340,504.0770,95.4250,0.0000,0.0000,0,-135.9140,-4.7724,0.0000
3588,1,0,25.4719,509.5780,94.8518,0.0000,0.0000,0,-135.8360,-4.7722,0.0000
3589,1,0,25.4531,508.8280,95.5739,0.0000,0.0000,0,-135.4200,-4.7704,0.0000
3590,1,0,25.4906,510.3280,94.5356,0.0000,0.0000,0,-135.3420,-4.7702,0.0000
3591,1,0,25.5779,513.8290,92.7770,0.0000,0.0000,0,-134.9260,-4.7689,0.0000
3592,1,0,25.6648,517.3290,93.6049,0.0000,0.0000,0,-134.8480,-4.7687,0.0000
3655,1,0,25.3779,505.8280,94.3401,0.0000,0.0000,0,-136.2980,-4.7821,0.0000
3658,1,0,25.4406,508.3280,94.9623,0.0000,0.0000,0,-135.6280,-4.7813,0.0000
3659,1,0,25.3654,505.3280,93.7903,0.0000,0.0000,0,-135.1340,-4.7799,0.0000
3672,1,0,25.4968,510.5780,94.3587,0.0000,0.0000,0,-136.0370,-4.8019,0.0000
3673,1,0,25.4155,507.3280,96.2240,0.0000,0.0000,0,-135.9590,-4.8016,0.0000
3674,1,0,25.3466,504.5770,95.4394,0.0000,0.0000,0,-135.7900,-4.8011,0.0000
3675,1,0,25.3340,504.0770,95.7881,0.0000,0.0000,0,-135.7120,-4.8008,0.0000
3676,1,0,25.5405,512.3290,95.1533,0.0000,0.0000,0,-135.5430,-4.7999,0.0000
3677,1,0,25.5467,512.5790,95.0458,0.0000,0.0000,0,-135.4650,-4.7996,0.0000
3678,1,0,25.3967,506.5780,94.7058,0.0000,0.0000,0,-135.2960,-4.7991,0.0000
3679,1,0,25.5467,512.5790,94.7467,0.0000,0.0000,0,-135.2180,-4.7989,0.0000
3680,1,0,25.5965,514.5790,93.8693,0.0000,0.0000,0,-135.0490,-4.7983,0.0000
3681,1,0,25.6214,515.5790,91.9861,0.0000,0.0000,0,-134.9710,-4.7983,0.0000
3682,1,0,25.6152,515.3290,92.3329,0.0000,0.0000,0,-134.8020,-4.7976,0.0000
3717,1,0,25.3591,505.0780,94.4173,0.0000,0.0000,0,-136.2590,-4.8209,0.0000
3720,1,0,25.4593,509.0780,93.0562,0.0000,0.0000,0,-136.5360,-4.8261,0.0000
3763,1,0,25.3403,504.3270,94.0706,0.0000,0.0000,0,-136.1210,-4.8262,0.0000
3780,1,0,25.3967,506.5780,93.9192,0.0000,0.0000,0,-136.0370,-4.8500,0.0000
3781,1,0,25.3905,506.3280,93.9489,0.0000,0.0000,0,-135.9590,-4.8498,0.0000
3782,1,0,25.4531,508.8280,94.9154,0.0000,0.0000,0,-135.7900,-4.8491,0.0000
3783,1,0,25.4531,508.8280,94.5771,0.0000,0.0000,0,-135.7120,-4.8488,0.0000
3784,1,0,25.4968,510.5780,96.0333,0.0000,0.0000,0,-135.5430,-4.8479,0.0000
3785,1,0,25.5405,512.3290,94.2956,0.0000,0.0000,0,-135.4650,-4.8477,0.0000
3786,1,0,25.6214,515.5790,94.3645,0.0000,0.0000,0,-135.2960,-4.8472,0.0000
3787,1,0,25.5592,513.0790,93.8824,0.0000,0.0000,0,-135.2180,-4.8469,0.0000
3788,1,0,25.5156,511.3290,93.9226,0.0000,0.0000,0,-135.0490,-4.8464,0.0000
3789,1,0,25.6524,516.8290,92.9895,0.0000,0.0000,0,-134.9710,-4.8462,0.0000
3790,1,0,25.7268,519.8300,91.6796,0.0000,0.0000,0,-134.8020,-4.8457,0.0000
3850,1,0,25.4656,509.3280,93.6704,0.0000,0.0000,0,-136.2970,-4.8601,0.0000
3853,1,0,25.4281,507.8280,95.9955,0.0000,0.0000,0,-135.8740,-4.8682,0.0000
3854,1,0,25.5654,513.3290,95.0004,0.0000,0.0000,0,-135.3810,-4.8662,0.0000
3855,1,0,25.6524,516.8290,92.0669,0.0000,0.0000,0,-134.8860,-4.8647,0.0000
3862,1,0,25.5031,510.8280,91.9268,0.0000,0.0000,0,-136.5360,-4.8772,0.0000
3869,1,0,25.4531,508.8280,93.3598,0.0000,0.0000,0,-136.1600,-4.8794,0.0000
3870,1,0,25.5965,514.5790,93.8460,0.0000,0.0000,0,-136.0820,-4.8792,0.0000
3871,1,0,25.7515,520.8300,93.6744,0.0000,0.0000,0,-135.6670,-4.8773,0.0000
3872,1,0,25.6400,516.3290,94.3337,0.0000,0.0000,0,-135.5890,-4.8771,0.0000
3873,1,0,25.6214,515.5790,93.3959,0.0000,0.0000,0,-135.1730,-4.8759,0.0000
3874,1,0,25.5965,514.5790,93.4636,0.0000,0.0000,0,-135.0940,-4.8756,0.0000
3890,1,0,25.5343,512.0790,92.2243,0.0000,0.0000,0,-136.3980,-4.8827,0.0000
3933,1,0,25.4468,508.5780,94.8099,0.0000,0.0000,0,-136.0370,-4.9029,0.0000
3946,1,0,25.6338,516.0790,91.7745,0.0000,0.0000,0,-136.4360,-4.9217,0.0000
3947,1,0,25.4906,510.3280,93.5647,0.0000,0.0000,0,-136.3580,-4.9214,0.0000
3956,1,0,25.5654,513.3290,92.8354,0.0000,0.0000,0,-136.1600,-4.9274,0.0000
3957,1,0,25.5841,514.0790,93.9393,0.0000,0.0000,0,-136.0820,-4.9272,0.0000
3958,1,0,25.6772,517.8290,93.7177,0.0000,0.0000,0,-135.6660,-4.9253,0.0000
3959,1,0,25.6710,517.5790,93.7842,0.0000,0.0000,0,-135.5880,-4.9251,0.0000
3960,1,0,25.4781,509.8280,93.1844,0.0000,0.0000,0,-135.1720,-4.9239,0.0000
3961,1,0,25.6834,518.0800,92.1909,0.0000,0.0000,0,-135.0940,-4.9237,0.0000
4027,1,0,25.6027,514.8290,94.1586,0.0000,0.0000,0,-135.3800,-4.9348,0.0000
4028,1,0,25.5716,513.5790,91.9284,0.0000,0.0000,0,-134.8860,-4.9333,0.0000
