BumpId,VoidId,Bump_X,Bump_Y,X(um),Y(um),Diam_X,Diam_Y,Diameter(%),Area(um2),Area(%)
1449,1,-6.1760,126.6420,0.0000,0.0000,4.3344,4.3344,18.3021,14.7554,3.3497
1449,2,-6.1760,126.6420,0.0015,-0.0047,2.9506,2.9506,12.4591,6.8379,1.5523
1450,1,-6.0985,126.6420,0.0028,0.0016,4.4389,4.4389,19.4385,15.4752,3.7786
1520,1,-6.3943,126.6350,-0.0015,0.0000,4.8814,4.8814,20.8864,18.7142,4.3624
1525,1,-6.2907,126.6330,0.0004,-0.0008,7.9808,7.9808,35.5800,50.0245,12.6594
1534,1,-5.3184,126.6270,0.0019,0.0013,5.7836,5.7836,24.1854,26.2718,5.8493
1546,1,-6.9726,126.5990,-0.0006,0.0011,5.1107,5.1107,21.8859,20.5137,4.7899
1547,1,-6.7728,126.6000,-0.0005,0.0010,6.1298,6.1298,26.9620,29.5109,7.2695
1548,1,-6.1376,126.6020,0.0010,0.0031,1.5136,1.5136,6.5261,1.7994,0.4259
1548,2,-6.1376,126.6020,-0.0006,-0.0018,3.3162,3.3162,14.2979,8.6374,2.0443
1549,1,-5.9372,126.6030,-0.0017,0.0024,5.1107,5.1107,22.1385,20.5137,4.9011
1550,1,-5.7368,126.6040,0.0010,0.0000,7.2592,7.2592,31.1523,41.3874,9.7047
1551,1,-5.5354,126.6060,-0.0004,-0.0013,2.3449,2.3449,10.2284,4.3186,1.0462
1588,1,-7.2730,126.5750,0.0003,0.0027,4.8342,4.8342,20.7807,18.3543,4.3184
1589,1,-6.0370,126.5810,-0.0013,0.0002,8.6424,8.6424,37.3411,58.6620,13.9436
1590,1,-5.4354,126.5830,0.0009,0.0022,4.3344,4.3344,18.0963,14.7554,3.2748
1599,1,-6.6726,126.5780,-0.0016,-0.0006,5.5821,5.5821,23.9550,24.4726,5.7384
1628,1,-6.4999,126.5600,0.0014,-0.0008,4.6408,4.6408,20.0085,16.9148,4.0034
1637,1,-5.9978,126.5420,0.0000,0.0004,3.5174,3.5174,15.6386,9.7170,2.4457
1638,1,-5.8754,126.5420,-0.0013,-0.0008,5.6635,5.6635,24.7472,25.1922,6.1242
1639,1,-5.7982,126.5430,0.0000,0.0001,3.0273,3.0273,13.7102,7.1978,1.8797
1640,1,-5.6758,126.5430,0.0011,-0.0015,1.5136,1.5136,6.7760,1.7994,0.4591
1641,1,-5.5977,126.5430,0.0033,0.0016,3.6454,3.6454,16.1129,10.4368,2.5963
1642,1,-5.4750,126.5440,-0.0008,-0.0002,5.0202,5.0202,21.5620,19.7939,4.6492
1646,1,-7.3117,126.5370,0.0015,0.0001,5.7439,5.7439,25.5725,25.9121,6.5395
1647,1,-7.2333,126.5380,-0.0036,0.0005,2.7077,2.7077,11.8159,5.7582,1.3962
1648,1,-7.1119,126.5370,0.0013,-0.0021,2.3449,2.3449,10.1622,4.3187,1.0327
1649,1,-7.0338,126.5370,-0.0004,0.0079,3.6454,3.6454,15.2499,10.4368,2.3256
1649,2,-7.0338,126.5370,0.0012,-0.0006,1.9146,1.9146,8.0096,2.8791,0.6415
1651,1,-6.8340,126.5380,0.0004,-0.0011,5.0656,5.0656,21.6839,20.1537,4.7019
1651,2,-6.8340,126.5380,0.0054,-0.0020,3.0273,3.0273,12.9586,7.1977,1.6793
1652,1,-6.7107,126.5380,-0.0009,0.0014,7.0673,7.0673,31.3649,39.2280,9.8376
1653,1,-6.6329,126.5390,-0.0017,-0.0028,4.0047,4.0047,17.1068,12.5961,2.9264
1654,1,-6.0760,126.5410,0.0012,0.0023,4.1728,4.1728,17.9605,13.6757,3.2258
1734,1,-6.3951,126.5020,0.0011,0.0013,6.2409,6.2409,25.5606,30.5906,6.5334
1735,1,-5.8363,126.5040,-0.0036,-0.0006,2.1406,2.1406,9.8390,3.5989,0.9681
1736,1,-7.2723,126.4980,0.0007,-0.0035,4.2812,4.2812,18.6501,14.3956,3.4783
1737,1,-7.0722,126.4990,0.0000,-0.0014,3.9471,3.9471,17.8759,12.2362,3.1955
1739,1,-6.0369,126.5020,-0.0039,0.0027,5.0202,5.0202,22.4837,19.7940,5.0552
1740,1,-5.6362,126.5040,0.0057,0.0028,3.7077,3.7077,16.4399,10.7967,2.7027
1785,1,-6.5005,126.4820,0.0036,0.0016,1.9146,1.9146,8.2761,2.8791,0.6849
1786,1,-6.2898,126.4830,0.0002,0.0009,7.2907,7.2907,30.9115,41.7472,9.5552
1790,1,-6.9720,126.4760,-0.0002,-0.0037,2.1406,2.1406,9.7266,3.5989,0.9461
1792,1,-6.1371,126.4800,-0.0023,-0.0016,4.0047,4.0047,17.6698,12.5962,3.1222
1793,1,-5.9369,126.4810,-0.0015,0.0012,7.1639,7.1639,32.4138,40.3075,10.5065
1794,1,-5.5356,126.4820,-0.0008,0.0034,4.2812,4.2812,18.1668,14.3956,3.3003
1825,1,-5.3185,126.4760,0.0014,0.0011,5.2434,5.2434,22.5494,21.5934,5.0848
1838,1,-7.4109,126.4360,-0.0039,0.0015,2.5328,2.5328,11.0964,5.0384,1.2313
1841,1,-7.1337,126.4370,-0.0008,0.0021,4.7385,4.7385,21.3697,17.6346,4.5666
1843,1,-6.9329,126.4380,0.0002,0.0029,6.7353,6.7353,29.4690,35.6291,8.6842
1844,1,-6.8113,126.4380,-0.0011,0.0009,4.3344,4.3344,19.0145,14.7554,3.6155
1846,1,-6.1755,126.4410,-0.0003,-0.0002,6.1671,6.1671,26.2232,29.8708,6.8766
1847,1,-6.0984,126.4410,0.0011,-0.0014,3.5819,3.5819,15.7762,10.0769,2.4889
1848,1,-5.9756,126.4410,0.0008,0.0040,5.2434,5.2434,23.8479,21.5934,5.6872
1849,1,-5.8976,126.4420,-0.0008,0.0020,3.1020,3.1020,13.0984,7.5576,1.7157
1849,2,-5.8976,126.4420,-0.0012,-0.0028,3.8292,3.8292,16.1690,11.5164,2.6144
1849,3,-5.8976,126.4420,0.0051,-0.0030,2.7077,2.7077,11.4332,5.7582,1.3072
1850,1,-5.7748,126.4420,-0.0002,-0.0004,6.8366,6.8366,30.0309,36.7087,9.0185
1852,1,-5.5745,126.4440,-0.0004,0.0008,2.1406,2.1406,9.1902,3.5989,0.8446
1853,1,-5.4967,126.4440,0.0015,0.0004,3.9471,3.9471,16.9031,12.2363,2.8571
1918,1,-6.3951,126.4240,0.0002,0.0053,2.3449,2.3449,9.5893,4.3187,0.9195
1918,2,-6.3951,126.4240,-0.0011,-0.0021,2.7077,2.7077,11.0727,5.7582,1.2260
1934,1,-6.9715,126.3980,-0.0011,0.0004,5.0202,5.0202,22.9967,19.7940,5.2885
1935,1,-6.7720,126.4000,0.0005,0.0052,3.1021,3.1021,13.8612,7.5577,1.9213
1936,1,-6.1369,126.4010,0.0009,0.0004,8.0095,8.0095,34.3286,50.3845,11.7845
1937,1,-5.9365,126.4020,0.0012,-0.0017,3.3846,3.3846,14.8152,8.9972,2.1949
1938,1,-5.7363,126.4030,0.0016,0.0007,4.0616,4.0616,18.0253,12.9561,3.2491
1939,1,-5.5360,126.4040,0.0016,0.0046,2.9506,2.9506,12.5000,6.8379,1.5625
1939,2,-5.5360,126.4040,-0.0010,0.0005,3.6453,3.6453,15.4430,10.4368,2.3849
1946,1,-7.1720,126.3980,0.0009,-0.0016,4.7866,4.7866,21.2911,17.9945,4.5331
1974,1,-5.2792,126.3860,-0.0038,-0.0004,3.7689,3.7689,16.4975,11.1565,2.7217
1979,1,-7.2724,126.3760,0.0000,0.0011,2.5328,2.5328,11.2867,5.0385,1.2739
1981,1,-6.0371,126.3800,0.0035,0.0043,2.5328,2.5328,10.8465,5.0384,1.1765
1981,2,-6.0371,126.3800,0.0014,0.0016,2.6217,2.6217,11.2272,5.3983,1.2605
1981,3,-6.0371,126.3800,-0.0014,-0.0008,3.2464,3.2464,13.9024,8.2774,1.9328
1982,1,-5.6357,126.3820,0.0032,0.0002,2.3449,2.3449,10.3234,4.3187,1.0657
2024,1,-5.3179,126.3480,-0.0006,-0.0013,3.9471,3.9471,16.0858,12.2363,2.5875
2027,1,-5.9975,126.3410,-0.0008,-0.0004,6.4219,6.4219,27.7232,32.3901,7.6858
2028,1,-5.8756,126.3420,0.0026,-0.0013,3.5819,3.5819,15.5970,10.0769,2.4327
2029,1,-5.7971,126.3420,-0.0003,-0.0007,5.9013,5.9013,26.3331,27.3516,6.9343
2030,1,-5.6742,126.3430,0.0000,-0.0002,6.2775,6.2775,26.9395,30.9504,7.2574
2030,2,-5.6742,126.3430,-0.0014,-0.0051,2.3449,2.3449,10.0631,4.3187,1.0127
2033,1,-5.3960,126.3430,0.0075,0.0055,2.4407,2.4407,10.3142,4.6785,1.0638
2033,2,-5.3960,126.3430,0.0009,-0.0004,6.1671,6.1671,26.0617,29.8707,6.7921
2035,1,-7.3103,126.3360,-0.0009,0.0020,4.8342,4.8342,21.2539,18.3544,4.5173
2037,1,-7.1114,126.3370,-0.0021,0.0004,6.0166,6.0166,26.1192,28.4313,6.8221
2037,2,-7.1114,126.3370,0.0017,-0.0038,4.3344,4.3344,18.8164,14.7554,3.5406
2039,1,-6.9108,126.3380,-0.0004,0.0072,2.5328,2.5328,11.5691,5.0385,1.3384
2039,2,-6.9108,126.3380,0.0002,0.0001,5.6230,5.6230,25.6838,24.8324,6.5966
2040,1,-6.8331,126.3380,0.0018,0.0035,3.7689,3.7689,16.6146,11.1565,2.7604
2041,1,-6.7108,126.3380,0.0016,-0.0014,4.2812,4.2812,19.2006,14.3956,3.6866
2041,2,-6.7108,126.3380,-0.0037,-0.0015,2.1406,2.1406,9.6003,3.5989,0.9217
2042,1,-6.6330,126.3380,0.0005,0.0029,4.1176,4.1176,18.5178,13.3158,3.4291
2043,1,-6.0755,126.3410,0.0003,-0.0010,7.6285,7.6285,32.4914,45.7058,10.5569
2043,2,-6.0755,126.3410,0.0079,-0.0053,1.5136,1.5136,6.4469,1.7994,0.4156
2114,1,-7.2721,126.2970,-0.0027,0.0022,4.4389,4.4389,19.3368,15.4752,3.7391
2116,1,-6.8714,126.2990,-0.0012,0.0029,3.0273,3.0273,13.5024,7.1978,1.8231
2116,2,-6.8714,126.2990,0.0008,-0.0013,2.9506,2.9506,13.1605,6.8379,1.7320
2116,3,-6.8714,126.2990,-0.0037,-0.0025,3.3846,3.3846,15.0962,8.9973,2.2790
2117,1,-6.6716,126.2990,0.0009,-0.0032,2.1406,2.1406,9.7683,3.5989,0.9542
2118,1,-6.0363,126.3020,-0.0028,-0.0008,1.9146,1.9146,8.1718,2.8791,0.6678
2118,2,-6.0363,126.3020,0.0035,-0.0020,1.5136,1.5136,6.4604,1.7994,0.4174
2119,1,-5.8364,126.3030,0.0008,0.0009,7.0021,7.0021,30.0239,38.5082,9.0143
2120,1,-5.6353,126.3040,-0.0009,-0.0027,4.7385,4.7385,20.7870,17.6346,4.3210
2121,1,-5.4359,126.3050,0.0027,0.0044,2.8719,2.8719,12.5382,6.4781,1.5721
2121,2,-5.4359,126.3050,-0.0003,0.0011,4.0047,4.0047,17.4836,12.5961,3.0568
2156,1,-5.5353,126.2830,-0.0024,-0.0004,4.2812,4.2812,18.6501,14.3956,3.4783
2160,1,-7.1721,126.2750,0.0042,-0.0016,2.3449,2.3449,10.2463,4.3187,1.0499
2161,1,-6.7722,126.2770,0.0025,-0.0005,3.0273,3.0273,13.3215,7.1978,1.7746
2162,1,-6.3712,126.2790,0.0001,-0.0008,8.6688,8.6688,36.0775,59.0217,13.0159
2163,1,-5.9360,126.2810,-0.0003,-0.0020,7.2592,7.2592,32.0865,41.3872,10.2954
2201,1,-7.4103,126.2350,-0.0017,0.0023,1.9146,1.9146,8.2061,2.8791,0.6734
2201,2,-7.4103,126.2350,-0.0002,-0.0016,2.3449,2.3449,10.0504,4.3187,1.0101
2202,1,-7.3327,126.2360,0.0001,-0.0019,6.9364,6.9364,30.4022,37.7883,9.2429
2203,1,-7.2114,126.2360,0.0002,0.0007,4.6899,4.6899,21.6612,17.2747,4.6921
2204,1,-7.1332,126.2370,0.0052,-0.0023,2.3449,2.3449,10.2240,4.3187,1.0453
2205,1,-7.0107,126.2370,0.0003,-0.0019,3.1021,3.1021,14.1827,7.5576,2.0115
2206,1,-6.9328,126.2380,0.0013,0.0000,5.1996,5.1996,23.7385,21.2335,5.6352
2207,1,-6.8107,126.2380,0.0028,-0.0018,3.1750,3.1750,14.2923,7.9175,2.0427
2208,1,-6.7323,126.2380,0.0013,0.0019,4.2274,4.2274,19.5827,14.0357,3.8348
2208,2,-6.7323,126.2380,0.0034,-0.0018,2.7910,2.7910,12.9290,6.1181,1.6716
2209,1,-6.6102,126.2380,-0.0018,-0.0017,2.5328,2.5328,11.4013,5.0384,1.2999
2210,1,-6.5325,126.2390,0.0012,0.0025,6.4928,6.4928,28.9991,33.1097,8.4095
2211,1,-6.4097,126.2390,-0.0014,0.0012,7.4769,7.4769,31.3415,43.9066,9.8229
2212,1,-6.3324,126.2400,0.0000,0.0001,6.7692,6.7692,29.4118,35.9890,8.6505
2213,1,-6.1749,126.2400,-0.0016,0.0020,6.2041,6.2041,27.1329,30.2306,7.3619
2214,1,-6.0969,126.2410,-0.0013,0.0038,3.5820,3.5820,15.7903,10.0769,2.4933
2215,1,-5.9748,126.2410,0.0000,0.0001,5.5821,5.5821,24.2117,24.4724,5.8621
2217,1,-5.7744,126.2420,-0.0010,0.0005,2.7910,2.7910,12.5578,6.1181,1.5770
2218,1,-5.6966,126.2420,-0.0015,0.0012,1.9146,1.9146,8.5049,2.8791,0.7233
2219,1,-5.5749,126.2430,0.0007,0.0006,4.1728,4.1728,18.7664,13.6758,3.5218
2219,2,-5.5749,126.2430,0.0042,-0.0021,4.1728,4.1728,18.7664,13.6758,3.5218
2220,1,-5.4960,126.2430,-0.0014,0.0013,4.3870,4.3870,18.9143,15.1153,3.5775
2290,1,-5.2787,126.2360,0.0069,0.0044,2.3449,2.3449,9.8974,4.3187,0.9796
2290,2,-5.2787,126.2360,0.0021,0.0011,4.1176,4.1176,17.3793,13.3159,3.0204
2305,1,-7.3710,126.1960,-0.0014,0.0002,5.0202,5.0202,21.1203,19.7939,4.4607
2306,1,-6.9717,126.1990,0.0018,0.0055,1.5136,1.5136,6.7667,1.7994,0.4579
2306,2,-6.9717,126.1990,0.0023,0.0012,3.3846,3.3846,15.1307,8.9972,2.2894
2307,1,-6.5710,126.2000,-0.0007,-0.0011,8.9292,8.9292,38.0947,62.6206,14.5121
2308,1,-6.1366,126.2020,-0.0012,0.0021,4.2274,4.2274,18.8208,14.0356,3.5422
2308,2,-6.1366,126.2020,0.0039,-0.0002,3.2464,3.2464,14.4534,8.2774,2.0890
2308,3,-6.1366,126.2020,-0.0020,-0.0032,2.7910,2.7910,12.4260,6.1181,1.5441
2309,1,-5.7355,126.2030,0.0012,0.0006,5.1996,5.1996,23.3838,21.2334,5.4680
2338,1,-5.3182,126.1970,0.0010,-0.0005,3.4516,3.4516,15.1821,9.3571,2.3050
2343,1,-7.2711,126.1750,-0.0005,0.0013,3.5174,3.5174,15.3426,9.7170,2.3540
2345,1,-6.8714,126.1760,0.0008,-0.0018,7.4768,7.4768,34.0381,43.9064,11.5859
2346,1,-6.6708,126.1770,-0.0008,-0.0011,6.1671,6.1671,28.5679,29.8707,8.1612
2347,1,-6.4703,126.1780,-0.0012,-0.0056,3.3846,3.3846,15.3429,8.9972,2.3540
2348,1,-6.2701,126.1790,-0.0011,-0.0015,6.3861,6.3861,27.7470,32.0301,7.6990
2349,1,-6.0360,126.1800,-0.0002,-0.0017,6.4928,6.4928,28.5083,33.1099,8.1272
2350,1,-5.8355,126.1810,0.0033,0.0051,2.3449,2.3449,10.5753,4.3187,1.1184
2350,2,-5.8355,126.1810,-0.0009,0.0014,6.7692,6.7692,30.5281,35.9888,9.3196
2351,1,-5.6352,126.1810,0.0043,0.0009,2.7910,2.7910,12.1006,6.1181,1.4642
2351,2,-5.6352,126.1810,-0.0003,-0.0018,3.9471,3.9471,17.1129,12.2362,2.9285
2394,1,-6.8323,126.1370,0.0017,-0.0014,6.7353,6.7353,29.5208,35.6290,8.7148
2395,1,-6.7102,126.1380,0.0016,0.0004,6.2775,6.2775,27.6118,30.9505,7.6241
2396,1,-5.9962,126.1410,0.0017,0.0053,1.9146,1.9146,8.2867,2.8791,0.6867
2396,2,-5.9962,126.1410,-0.0012,-0.0006,6.5630,6.5630,28.4054,33.8296,8.0687
2396,3,-5.9962,126.1410,0.0081,-0.0022,2.7910,2.7910,12.0798,6.1181,1.4592
2397,1,-5.7964,126.1420,0.0021,-0.0009,3.4516,3.4516,15.1352,9.3571,2.2907
2398,1,-5.6743,126.1420,0.0002,0.0000,7.6585,7.6585,34.2997,46.0657,11.7647
2399,1,-5.5953,126.1430,-0.0006,0.0078,3.7689,3.7689,15.6420,11.1565,2.4467
2399,2,-5.5953,126.1430,-0.0010,-0.0014,4.0047,4.0047,16.6206,12.5962,2.7624
2400,1,-5.4737,126.1440,0.0017,-0.0003,2.8719,2.8719,12.2628,6.4780,1.5038
2400,2,-5.4737,126.1440,0.0018,-0.0049,1.5136,1.5136,6.4631,1.7994,0.4177
2401,1,-5.3955,126.1430,0.0012,-0.0003,6.0166,6.0166,26.8233,28.4312,7.1949
2402,1,-5.2568,126.1440,0.0014,0.0027,3.3162,3.3162,13.8620,8.6374,1.9216
2402,2,-5.2568,126.1440,0.0078,-0.0029,4.0047,4.0047,16.7399,12.5961,2.8022
2405,1,-7.3103,126.1350,-0.0007,-0.0012,7.1318,7.1318,30.8144,39.9476,9.4953
2406,1,-7.2322,126.1360,0.0016,-0.0021,4.2812,4.2812,18.6258,14.3955,3.4692
2409,1,-6.9094,126.1370,0.0017,0.0002,2.5328,2.5328,11.4332,5.0384,1.3072
2410,1,-6.6319,126.1380,-0.0001,0.0006,5.7439,5.7439,24.0096,25.9120,5.7646
2412,1,-6.4323,126.1390,0.0013,-0.0008,5.7439,5.7439,25.2088,25.9121,6.3548
2413,1,-6.3098,126.1400,-0.0010,0.0000,6.9033,6.9033,30.8607,37.4285,9.5238
2414,1,-6.2325,126.1410,0.0028,0.0002,5.7439,5.7439,25.1644,25.9121,6.3325
2415,1,-6.0750,126.1410,0.0002,-0.0030,2.9506,2.9506,13.1545,6.8378,1.7304
2416,1,-5.8742,126.1420,-0.0002,-0.0002,6.6325,6.6325,28.4148,34.5493,8.0740
2493,1,-7.2713,126.0970,0.0012,-0.0036,3.5174,3.5174,15.9599,9.7170,2.5472
2494,1,-7.0711,126.0980,0.0007,0.0002,5.0656,5.0656,22.5426,20.1539,5.0817
2495,1,-6.8708,126.0990,-0.0022,0.0011,5.0656,5.0656,22.2222,20.1537,4.9383
2496,1,-6.6711,126.0990,-0.0008,0.0015,4.8342,4.8342,22.0599,18.3543,4.8664
2497,1,-6.4707,126.1000,0.0003,-0.0006,6.5280,6.5280,27.7580,33.4697,7.7051
2499,1,-6.0358,126.1020,0.0002,0.0006,7.5379,7.5379,31.8028,44.6262,10.1142
2500,1,-5.8354,126.1030,-0.0010,0.0009,7.8942,7.8942,33.9060,48.9448,11.4962
2501,1,-5.6351,126.1030,0.0043,0.0026,2.6217,2.6217,11.2795,5.3984,1.2723
2501,2,-5.6351,126.1030,-0.0037,-0.0016,4.9281,4.9281,21.2022,19.0741,4.4953
2502,1,-5.4351,126.1040,-0.0017,-0.0005,6.9364,6.9364,30.6323,37.7884,9.3834
2581,1,-7.0863,126.0160,0.0006,-0.0048,1.5136,1.5136,6.6815,1.7994,0.4464
2582,1,-6.9175,126.0170,0.0009,-0.0012,5.5821,5.5821,25.1040,24.4723,6.3021
2583,1,-6.8386,126.0170,0.0034,-0.0004,3.6453,3.6453,15.7168,10.4367,2.4702
2584,1,-6.6703,126.0180,-0.0006,-0.0031,6.8700,6.8700,29.5321,37.0687,8.7214
2585,1,-6.5925,126.0180,-0.0029,0.0024,3.3162,3.3162,14.4905,8.6374,2.0997
2585,2,-6.5925,126.0180,0.0040,-0.0011,3.6453,3.6453,15.9285,10.4367,2.5372
2585,3,-6.5925,126.0180,-0.0021,-0.0032,5.4575,5.4575,23.8470,23.3928,5.6868
2586,1,-6.4231,126.0180,-0.0004,0.0005,6.1671,6.1671,24.7863,29.8708,6.1436
2587,1,-6.3463,126.0190,-0.0003,0.0046,1.5136,1.5136,5.6906,1.7994,0.3238
2587,2,-6.3463,126.0190,0.0050,-0.0007,2.9506,2.9506,11.0931,6.8379,1.2306
2588,1,-6.1766,126.0200,-0.0007,-0.0008,8.5892,8.5892,35.1647,57.9421,12.3656
2589,1,-6.0985,126.0200,-0.0009,0.0002,7.7773,7.7773,31.9884,47.5055,10.2326
2590,1,-5.9299,126.0210,0.0023,0.0030,6.1298,6.1298,25.7052,29.5109,6.6076
2590,2,-5.9299,126.0210,-0.0030,-0.0018,2.3449,2.3449,9.8334,4.3187,0.9670
2591,1,-5.8513,126.0210,0.0003,-0.0016,5.6635,5.6635,24.6183,25.1922,6.0606
2592,1,-5.5022,126.0230,0.0024,-0.0003,3.7077,3.7077,17.0087,10.7967,2.8930
2593,1,-5.4245,126.0230,-0.0014,-0.0014,6.0546,6.0546,26.9680,28.7911,7.2727
2594,1,-5.2548,126.0240,0.0009,0.0020,3.8293,3.8293,16.1361,11.5164,2.6037
2666,1,-5.7671,125.9980,-0.0016,-0.0019,5.6636,5.6636,25.1011,25.1923,6.3007
2667,1,-5.5865,125.9980,-0.0027,-0.0029,5.9400,5.9400,25.8872,27.7115,6.7015
2685,1,-7.4098,125.9670,0.0009,-0.0014,6.9364,6.9364,30.3622,37.7885,9.2186
2686,1,-7.3320,125.9670,-0.0046,0.0015,4.3870,4.3870,19.4345,15.1154,3.7770
2687,1,-7.1630,125.9690,0.0025,0.0072,2.5328,2.5328,11.8678,5.0384,1.4084
2687,2,-7.1630,125.9690,-0.0018,-0.0003,6.4574,6.4574,30.2571,32.7499,9.1549
2688,1,-7.0852,125.9680,0.0001,-0.0024,3.3162,3.3162,15.0471,8.6373,2.2642
2689,1,-6.9169,125.9690,0.0020,-0.0008,7.6286,7.6286,34.3077,45.7060,11.7702
2690,1,-6.8384,125.9690,0.0006,0.0004,8.1512,8.1512,35.2190,52.1839,12.4038
2691,1,-6.6700,125.9700,0.0021,-0.0012,6.1671,6.1671,27.6201,29.8709,7.6287
2692,1,-6.5916,125.9700,0.0000,-0.0020,5.5820,5.5820,23.9955,24.4725,5.7578
2693,1,-6.4234,125.9700,0.0002,0.0034,5.5820,5.5820,22.0863,24.4724,4.8780
2693,2,-6.4234,125.9700,0.0007,-0.0034,6.0546,6.0546,23.9560,28.7912,5.7389
2694,1,-6.3453,125.9710,0.0009,0.0018,7.6884,7.6884,29.0844,46.4257,8.4590
2695,1,-6.1772,125.9720,0.0012,-0.0010,6.5280,6.5280,25.7922,33.4698,6.6524
2696,1,-6.0983,125.9720,0.0008,-0.0014,8.0095,8.0095,31.6228,50.3846,10.0000
2697,1,-5.9290,125.9730,-0.0002,-0.0005,7.0673,7.0673,29.2272,39.2277,8.5423
2698,1,-5.8515,125.9740,0.0014,0.0005,7.5074,7.5074,31.7391,44.2664,10.0737
2699,1,-5.5023,125.9750,0.0013,0.0026,6.4219,6.4219,28.8809,32.3900,8.3411
2700,1,-5.4243,125.9750,0.0008,-0.0007,7.3533,7.3533,32.8272,42.4669,10.7763
2701,1,-5.2555,125.9760,0.0020,0.0016,7.5379,7.5379,33.3782,44.6262,11.1410
2701,2,-5.2555,125.9760,-0.0053,-0.0005,3.3162,3.3162,14.6845,8.6374,2.1563
2757,1,-7.0015,125.9490,-0.0008,-0.0007,4.2812,4.2812,19.9900,14.3956,3.9960
2758,1,-6.5075,125.9510,-0.0001,0.0002,7.1639,7.1639,29.4998,40.3074,8.7024
2759,1,-6.0140,125.9540,0.0000,0.0017,8.1231,8.1231,33.1042,51.8239,10.9589
2767,1,-5.6254,125.9460,0.0035,0.0043,1.5136,1.5136,6.6815,1.7994,0.4464
2768,1,-5.3788,125.9460,-0.0013,0.0016,6.5280,6.5280,27.2437,33.4697,7.4222
2768,2,-5.3788,125.9460,0.0005,-0.0060,4.6899,4.6899,19.5724,17.2746,3.8308
2771,1,-7.2863,125.9380,0.0025,-0.0024,3.8886,3.8886,17.0514,11.8764,2.9075
2772,1,-7.2087,125.9390,0.0000,-0.0011,6.1671,6.1671,27.3450,29.8709,7.4775
2773,1,-6.7929,125.9410,-0.0001,0.0003,8.2073,8.2073,35.7839,52.9037,12.8049
2774,1,-6.7154,125.9400,0.0000,0.0000,8.3457,8.3457,34.9271,54.7031,12.1990
2775,1,-6.3002,125.9430,0.0015,0.0000,6.0166,6.0166,24.0926,28.4311,5.8045
2776,1,-6.2221,125.9430,0.0010,-0.0005,7.0673,7.0673,28.8125,39.2279,8.3016
2777,1,-5.8057,125.9450,0.0015,0.0003,5.9400,5.9400,24.9899,27.7115,6.2450
2777,2,-5.8057,125.9450,-0.0046,-0.0028,3.1020,3.1020,13.0505,7.5576,1.7032
2778,1,-5.7277,125.9440,0.0013,0.0039,2.4407,2.4407,10.8318,4.6785,1.1733
2778,2,-5.7277,125.9440,-0.0026,-0.0019,3.1020,3.1020,13.7670,7.5577,1.8953
2778,3,-5.7277,125.9440,0.0030,-0.0029,3.7689,3.7689,16.7267,11.1565,2.7978
2779,1,-5.5479,125.9450,-0.0004,-0.0008,6.9033,6.9033,30.1643,37.4284,9.0988
2780,1,-5.3004,125.9460,-0.0008,-0.0021,6.5978,6.5978,28.7542,34.1894,8.2680
2846,1,-6.7930,125.8920,-0.0005,-0.0028,1.9146,1.9146,8.1582,2.8791,0.6656
2847,1,-5.8055,125.8960,-0.0011,0.0016,4.2274,4.2274,17.2018,14.0356,2.9590
2847,2,-5.8055,125.8960,-0.0087,0.0015,2.3449,2.3449,9.5419,4.3187,0.9105
2848,1,-5.7277,125.8970,-0.0019,-0.0002,1.9146,1.9146,8.1855,2.8791,0.6700
2848,2,-5.7277,125.8970,0.0011,-0.0047,3.5819,3.5819,15.3136,10.0769,2.3451
2849,1,-5.6259,125.8970,0.0040,0.0030,5.0656,5.0656,21.8777,20.1538,4.7863
2849,2,-5.6259,125.8970,0.0000,0.0015,2.1406,2.1406,9.2450,3.5989,0.8547
2849,3,-5.6259,125.8970,-0.0034,-0.0005,2.8719,2.8719,12.4035,6.4780,1.5385
2850,1,-5.5476,125.8970,0.0000,-0.0004,7.0996,7.0996,30.5579,39.5877,9.3379
2851,1,-5.3780,125.8990,0.0028,0.0000,6.5978,6.5978,29.3079,34.1895,8.5895
2851,2,-5.3780,125.8990,-0.0047,-0.0019,3.8886,3.8886,17.2735,11.8764,2.9837
2852,1,-5.2998,125.8980,0.0007,-0.0006,8.1793,8.1793,35.7399,52.5438,12.7734
2857,1,-7.2872,125.8900,0.0017,-0.0009,5.4154,5.4154,25.0367,23.0329,6.2684
2858,1,-7.2082,125.8910,-0.0009,0.0005,6.1671,6.1671,28.2231,29.8707,7.9654
2859,1,-6.7151,125.8920,0.0003,-0.0002,6.7353,6.7353,28.0306,35.6290,7.8571
2860,1,-6.2996,125.8950,-0.0012,-0.0010,8.1793,8.1793,32.9715,52.5439,10.8712
2861,1,-6.2215,125.8950,0.0003,-0.0001,7.8942,7.8942,32.0498,48.9449,10.2719
2918,1,-6.0128,125.8850,-0.0010,0.0008,4.9743,4.9743,20.3419,19.4340,4.1379
2919,1,-7.0005,125.8810,-0.0026,0.0011,6.7012,6.7012,31.6551,35.2691,10.0205
2920,1,-6.5073,125.8830,0.0004,0.0038,4.9744,4.9744,20.2876,19.4341,4.1159
2920,2,-6.5073,125.8830,-0.0026,-0.0009,3.4516,3.4516,14.0773,9.3571,1.9817
2940,1,-7.4090,125.8600,-0.0022,0.0006,3.8293,3.8293,17.9878,11.5165,3.2356
2941,1,-7.3313,125.8610,0.0002,-0.0017,6.7353,6.7353,30.5176,35.6289,9.3132
2942,1,-7.1628,125.8620,-0.0031,0.0036,4.9281,4.9281,22.3291,19.0741,4.9859
2942,2,-7.1628,125.8620,-0.0002,-0.0009,1.5136,1.5136,6.8583,1.7994,0.4704
2942,3,-7.1628,125.8620,-0.0044,-0.0075,1.5136,1.5136,6.8583,1.7994,0.4704
2943,1,-7.0854,125.8620,-0.0014,0.0025,4.4389,4.4389,20.1505,15.4752,4.0604
2944,1,-6.9162,125.8630,-0.0006,-0.0003,7.2276,7.2276,33.7302,41.0274,11.3773
2945,1,-6.8384,125.8630,-0.0013,0.0007,5.8623,5.8623,25.5266,26.9917,6.5161
2946,1,-6.6695,125.8640,-0.0003,0.0006,9.0313,9.0313,38.1035,64.0603,14.5188
2947,1,-6.5918,125.8640,-0.0004,0.0001,7.1318,7.1318,28.1477,39.9478,7.9229
2947,2,-6.5918,125.8640,0.0015,-0.0073,2.5328,2.5328,9.9964,5.0385,0.9993
2948,1,-6.4224,125.8640,-0.0011,0.0017,6.1298,6.1298,25.1345,29.5110,6.3174
2949,1,-6.3455,125.8650,0.0001,0.0035,3.1020,3.1020,11.8678,7.5577,1.4084
2949,2,-6.3455,125.8650,0.0013,-0.0014,4.3344,4.3344,16.5826,14.7554,2.7498
2950,1,-6.1757,125.8660,-0.0011,-0.0005,8.4276,8.4276,35.7172,55.7827,12.7572
2951,1,-6.0983,125.8670,0.0013,0.0005,8.1512,8.1512,34.4609,52.1841,11.8755
2952,1,-5.9290,125.8680,0.0001,0.0002,6.7012,6.7012,26.0603,35.2691,6.7914
2952,2,-5.9290,125.8680,-0.0015,-0.0071,1.9146,1.9146,7.4458,2.8791,0.5544
2953,1,-5.8508,125.8680,-0.0013,0.0012,4.6899,4.6899,19.4794,17.2747,3.7945
2953,2,-5.8508,125.8680,-0.0008,-0.0033,1.5136,1.5136,6.2869,1.7994,0.3953
2954,1,-5.5020,125.8690,0.0007,-0.0009,6.9033,6.9033,30.8748,37.4284,9.5325
2955,1,-5.4240,125.8690,-0.0023,0.0006,1.5136,1.5136,6.6343,1.7994,0.4401
2955,2,-5.4240,125.8690,0.0017,-0.0008,2.1406,2.1406,9.3823,3.5989,0.8803
2955,3,-5.4240,125.8690,-0.0049,-0.0041,3.5174,3.5174,15.4167,9.7169,2.3767
2956,1,-5.2550,125.8690,0.0017,0.0021,3.8886,3.8886,17.3838,11.8763,3.0220
3026,1,-5.7662,125.8430,-0.0015,-0.0017,8.0380,8.0380,33.7754,50.7444,11.4078
3027,1,-5.5864,125.8450,-0.0012,-0.0014,5.2869,5.2869,23.4636,21.9532,5.5054
3043,1,-5.9285,125.8190,-0.0001,-0.0006,8.4004,8.4004,34.6725,55.4228,12.0218
3044,1,-5.8504,125.8190,0.0013,-0.0004,7.2276,7.2276,28.7417,41.0273,8.2609
3045,1,-5.5017,125.8210,0.0013,0.0003,6.6669,6.6669,29.4818,34.9093,8.6918
3046,1,-5.4234,125.8210,0.0026,0.0023,3.9471,3.9471,16.6667,12.2363,2.7778
3046,2,-5.4234,125.8210,-0.0017,0.0008,3.1020,3.1020,13.0984,7.5576,1.7157
3047,1,-5.2550,125.8220,-0.0023,0.0005,5.5409,5.5409,24.6350,24.1126,6.0688
3049,1,-7.4082,125.8130,-0.0013,0.0002,5.1996,5.1996,24.1217,21.2335,5.8186
3050,1,-7.3312,125.8130,-0.0010,0.0042,3.1020,3.1020,14.3275,7.5576,2.0528
3051,1,-7.1624,125.8140,0.0041,-0.0020,2.8719,2.8719,13.3432,6.4780,1.7804
3052,1,-7.0843,125.8150,-0.0023,0.0001,3.4517,3.4517,15.7660,9.3571,2.4857
3053,1,-6.9159,125.8140,0.0005,0.0071,3.0273,3.0273,13.3690,7.1977,1.7873
3053,2,-6.9159,125.8140,0.0016,0.0001,6.4928,6.4928,28.6734,33.1099,8.2216
3054,1,-6.8379,125.8150,-0.0004,-0.0002,7.3844,7.3844,31.3993,42.8268,9.8592
3055,1,-6.6691,125.8160,0.0000,0.0002,8.6424,8.6424,34.4681,58.6621,11.8805
3056,1,-6.5916,125.8160,0.0010,-0.0005,6.9694,6.9694,27.6449,38.1483,7.6424
3057,1,-6.4224,125.8170,0.0006,-0.0009,4.1728,4.1728,17.7141,13.6758,3.1379
3058,1,-6.3452,125.8170,-0.0001,0.0002,7.1958,7.1958,28.7092,40.6676,8.2422
3059,1,-6.1756,125.8180,-0.0012,-0.0007,8.1231,8.1231,35.0973,51.8239,12.3182
3060,1,-6.0977,125.8190,-0.0002,-0.0007,7.4153,7.4153,31.0960,43.1866,9.6696
3118,1,-6.7531,125.7970,-0.0015,-0.0012,2.7910,2.7910,11.5199,6.1181,1.3271
3119,1,-6.2603,125.7990,0.0060,0.0026,3.6453,3.6453,16.2221,10.4367,2.6316
3119,2,-6.2603,125.7990,-0.0002,-0.0021,4.8814,4.8814,21.7226,18.7143,4.7187
3133,1,-7.0394,125.7850,-0.0021,-0.0007,4.4902,4.4902,21.1353,15.8351,4.4670
3133,2,-7.0394,125.7850,0.0049,-0.0007,3.3846,3.3846,15.9313,8.9972,2.5381
3134,1,-6.9616,125.7860,-0.0003,0.0040,5.5820,5.5820,24.8294,24.4724,6.1650
3134,2,-6.9616,125.7860,0.0038,-0.0004,5.9013,5.9013,26.2494,27.3516,6.8903
3135,1,-6.5461,125.7870,-0.0002,0.0000,8.2351,8.2351,34.7162,53.2637,12.0521
3136,1,-6.4680,125.7880,0.0007,-0.0024,8.4004,8.4004,37.4848,55.4229,14.0511
3137,1,-6.0519,125.7890,0.0006,0.0020,6.6669,6.6669,27.8345,34.9092,7.7476
3137,2,-6.0519,125.7890,-0.0055,-0.0038,2.7077,2.7077,11.3047,5.7583,1.2780
3138,1,-5.9740,125.7900,0.0000,-0.0005,7.3221,7.3221,30.2453,42.1071,9.1478
3139,1,-5.8055,125.7900,0.0006,0.0009,8.5625,8.5625,34.3250,57.5823,11.7821
3140,1,-5.7275,125.7910,-0.0012,0.0005,6.8366,6.8366,27.5180,36.7088,7.5724
3141,1,-5.6250,125.7910,-0.0005,0.0007,4.0047,4.0047,17.7812,12.5962,3.1617
3142,1,-5.5474,125.7920,0.0083,-0.0005,1.5136,1.5136,6.3423,1.7994,0.4023
3170,1,-5.8503,125.7660,-0.0002,0.0009,9.0819,9.0819,36.2341,64.7800,13.1291
3171,1,-5.5014,125.7680,-0.0027,-0.0020,6.9694,6.9694,29.9972,38.1483,8.9983
3200,1,-7.4096,125.7600,0.0011,0.0000,6.8030,6.8030,30.9557,36.3488,9.5826
3210,1,-6.0522,125.7410,-0.0034,0.0041,1.5136,1.5136,6.5710,1.7994,0.4318
3210,2,-6.0522,125.7410,0.0005,-0.0006,8.1512,8.1512,35.3859,52.1841,12.5216
3211,1,-5.9741,125.7420,0.0007,-0.0018,5.7439,5.7439,24.7752,25.9120,6.1381
3212,1,-5.8049,125.7420,-0.0017,-0.0009,7.0348,7.0348,27.9751,38.8679,7.8261
3213,1,-5.7269,125.7430,0.0009,-0.0049,3.8886,3.8886,15.6988,11.8763,2.4645
3214,1,-5.6250,125.7430,0.0008,0.0005,5.6229,5.6229,24.0898,24.8323,5.8032
3222,1,-7.0386,125.7380,0.0004,-0.0008,4.4389,4.4389,19.5245,15.4753,3.8121
3223,1,-6.9609,125.7380,-0.0057,0.0026,1.9146,1.9146,8.1244,2.8791,0.6601
3223,2,-6.9609,125.7380,-0.0007,-0.0005,4.8814,4.8814,20.7134,18.7143,4.2904
3225,1,-6.4681,125.7400,0.0008,-0.0010,6.3501,6.3501,28.8949,31.6703,8.3492
3287,1,-6.7531,125.7280,-0.0004,0.0068,4.5409,4.5409,17.9348,16.1950,3.2166
3287,2,-6.7531,125.7280,-0.0014,0.0023,1.9146,1.9146,7.5620,2.8791,0.5718
3287,3,-6.7531,125.7280,-0.0001,-0.0031,5.1996,5.1996,20.5361,21.2335,4.2173
3288,1,-6.2597,125.7300,0.0002,-0.0012,6.2041,6.2041,28.2977,30.2306,8.0076
3301,1,-7.4086,125.7070,-0.0012,0.0009,7.7181,7.7181,34.5825,46.7854,11.9595
3302,1,-7.3309,125.7070,-0.0002,-0.0008,5.3729,5.3729,24.1523,22.6730,5.8333
3303,1,-7.1620,125.7080,0.0002,-0.0001,7.1319,7.1319,31.8678,39.9478,10.1556
3304,1,-7.0842,125.7080,0.0013,0.0003,6.2409,6.2409,28.9243,30.5906,8.3662
3305,1,-6.9157,125.7080,0.0005,-0.0008,7.4153,7.4153,32.2749,43.1868,10.4167
3306,1,-6.8374,125.7090,-0.0018,-0.0040,3.2464,3.2464,13.1405,8.2774,1.7267
3307,1,-6.6690,125.7090,-0.0005,-0.0011,7.3533,7.3533,31.5294,42.4669,9.9410
3308,1,-6.5907,125.7110,0.0000,0.0002,4.7866,4.7866,21.3298,17.9945,4.5496
3309,1,-6.4223,125.7110,-0.0022,0.0006,4.2274,4.2274,18.7444,14.0357,3.5135
3310,1,-6.3448,125.7110,0.0008,0.0010,7.8360,7.8360,32.6761,48.2251,10.6773
3310,2,-6.3448,125.7110,-0.0012,-0.0067,1.5136,1.5136,6.3119,1.7994,0.3984
3311,1,-6.1751,125.7120,-0.0005,-0.0009,7.7181,7.7181,34.6944,46.7855,12.0370
3312,1,-6.0972,125.7120,0.0002,-0.0002,8.2629,8.2629,37.3690,53.6237,13.9644
3313,1,-5.9285,125.7130,-0.0007,-0.0009,3.4517,3.4517,15.2704,9.3572,2.3319
3314,1,-5.8507,125.7140,0.0009,0.0012,8.4818,8.4818,34.5137,56.5025,11.9120
3314,2,-5.8507,125.7140,-0.0034,0.0041,1.5136,1.5136,6.1592,1.7994,0.3794
3315,1,-5.5014,125.7150,0.0016,0.0012,7.3844,7.3844,32.7131,42.8270,10.7015
3316,1,-5.4234,125.7150,0.0012,0.0042,3.5174,3.5174,15.1781,9.7170,2.3037
3316,2,-5.4234,125.7150,0.0034,-0.0018,3.2464,3.2464,14.0088,8.2775,1.9625
3316,3,-5.4234,125.7150,-0.0011,-0.0026,1.5136,1.5136,6.5316,1.7994,0.4266
3317,1,-5.2536,125.7150,-0.0010,-0.0019,7.0348,7.0348,30.3304,38.8681,9.1993
3389,1,-5.7659,125.6890,0.0004,-0.0010,8.5357,8.5357,34.1172,57.2224,11.6398
3390,1,-5.5861,125.6910,-0.0003,-0.0015,4.8342,4.8342,20.2967,18.3544,4.1196
3406,1,-5.9274,125.6650,-0.0012,0.0005,4.9281,4.9281,21.7051,19.0741,4.7111
3406,2,-5.9274,125.6650,-0.0035,-0.0054,1.5136,1.5136,6.6667,1.7994,0.4444
3407,1,-5.8501,125.6650,-0.0015,-0.0010,5.1995,5.1995,22.1275,21.2334,4.8963
3408,1,-5.5012,125.6670,-0.0005,-0.0002,7.1318,7.1318,30.6445,39.9477,9.3909
3409,1,-5.4227,125.6660,0.0021,0.0027,6.3501,6.3501,27.6626,31.6703,7.6522
3410,1,-5.2538,125.6680,0.0003,0.0069,2.3449,2.3449,9.9917,4.3187,0.9983
3410,2,-5.2538,125.6680,-0.0002,0.0010,4.5911,4.5911,19.5626,16.5549,3.8270
3410,3,-5.2538,125.6680,0.0051,-0.0001,2.7077,2.7077,11.5374,5.7582,1.3311
3411,1,-7.4086,125.6590,0.0014,0.0004,7.3844,7.3844,34.6178,42.8269,11.9839
3411,2,-7.4086,125.6590,-0.0043,-0.0030,2.3449,2.3449,10.9930,4.3187,1.2085
3412,1,-7.3312,125.6590,0.0024,0.0008,4.7866,4.7866,21.4768,17.9944,4.6125
3413,1,-7.1620,125.6590,0.0000,0.0001,6.7353,6.7353,31.5432,35.6290,9.9497
3414,1,-7.0834,125.6610,0.0008,-0.0001,2.1406,2.1406,10.1118,3.5989,1.0225
3415,1,-6.9150,125.6600,0.0005,-0.0015,7.6585,7.6585,32.0900,46.0659,10.2977
3416,1,-6.8377,125.6610,0.0005,-0.0004,9.2815,9.2815,36.3221,67.6590,13.1929
3417,1,-6.6688,125.6620,0.0020,0.0027,4.8814,4.8814,21.2275,18.7142,4.5061
3417,2,-6.6688,125.6620,0.0009,-0.0028,3.3162,3.3162,14.4212,8.6373,2.0797
3418,1,-6.5909,125.6620,-0.0002,0.0005,7.8651,7.8651,36.1682,48.5851,13.0814
3419,1,-6.4215,125.6630,0.0020,0.0053,1.9146,1.9146,8.2974,2.8791,0.6885
3419,2,-6.4215,125.6630,-0.0008,-0.0006,8.2906,8.2906,35.9288,53.9834,12.9088
3420,1,-6.3450,125.6630,0.0011,-0.0002,8.2073,8.2073,33.2455,52.9036,11.0526
3421,1,-6.1749,125.6640,0.0017,0.0002,6.4574,6.4574,29.2862,32.7499,8.5768
3422,1,-6.0972,125.6650,0.0001,-0.0004,7.9808,7.9808,35.5962,50.0244,12.6709
3484,1,-7.0004,125.6420,0.0021,0.0003,7.2276,7.2276,31.4987,41.0274,9.9217
3484,2,-7.0004,125.6420,-0.0046,-0.0037,1.9146,1.9146,8.3442,2.8791,0.6963
3485,1,-6.5064,125.6440,0.0016,0.0011,7.0348,7.0348,32.7165,38.8681,10.7037
3486,1,-6.0126,125.6460,0.0002,-0.0001,8.3457,8.3457,38.0114,54.7031,14.4487
3505,1,-7.2852,125.6300,-0.0017,-0.0002,3.4517,3.4517,15.7210,9.3572,2.4715
3505,2,-7.2852,125.6300,-0.0060,0.0006,2.3449,2.3449,10.6803,4.3187,1.1407
3506,1,-7.2070,125.6310,-0.0038,0.0013,3.5819,3.5819,16.4083,10.0770,2.6923
3507,1,-6.7912,125.6320,-0.0008,0.0012,6.8700,6.8700,27.6218,37.0686,7.6296
3508,1,-6.7142,125.6330,0.0021,0.0007,6.9364,6.9364,28.8446,37.7883,8.3201
3508,2,-6.7142,125.6330,-0.0037,-0.0051,1.5136,1.5136,6.2944,1.7994,0.3962
3509,1,-6.2984,125.6340,-0.0037,0.0009,5.1107,5.1107,22.2536,20.5137,4.9522
3509,2,-6.2984,125.6340,0.0017,-0.0012,2.9506,2.9506,12.8481,6.8379,1.6507
3510,1,-6.2208,125.6350,0.0007,-0.0002,9.6921,9.6921,42.6118,73.7773,18.1577
3511,1,-5.8045,125.6360,-0.0029,-0.0002,7.4769,7.4769,31.0675,43.9065,9.6519
3512,1,-5.7266,125.6370,0.0013,0.0004,8.5088,8.5088,33.9973,56.8625,11.5582
3513,1,-5.6247,125.6370,-0.0002,0.0067,1.5136,1.5136,6.2281,1.7994,0.3879
3513,2,-5.6247,125.6370,0.0013,-0.0015,7.5379,7.5379,31.0159,44.6262,9.6199
3514,1,-5.5459,125.6370,-0.0006,-0.0005,6.5978,6.5978,27.6456,34.1894,7.6428
3515,1,-5.3776,125.6380,0.0047,0.0019,3.5174,3.5174,15.3493,9.7170,2.3560
3515,2,-5.3776,125.6380,-0.0006,-0.0021,5.7836,5.7836,25.2388,26.2719,6.3700
3516,1,-5.2990,125.6380,0.0053,0.0034,2.7077,2.7077,11.7393,5.7582,1.3781
3565,1,-7.4072,125.6060,-0.0052,0.0022,2.5328,2.5328,11.5415,5.0384,1.3321
3565,2,-7.4072,125.6060,0.0054,0.0015,3.2464,3.2464,14.7932,8.2774,2.1884
3565,3,-7.4072,125.6060,-0.0017,0.0003,3.6454,3.6454,16.6111,10.4368,2.7593
3566,1,-5.8499,125.6120,-0.0005,0.0000,3.2464,3.2464,13.8617,8.2774,1.9215
3567,1,-5.5004,125.6140,-0.0014,-0.0005,7.7477,7.7477,33.0266,47.1454,10.9076
3583,1,-5.8039,125.5880,0.0068,0.0017,3.3162,3.3162,13.4840,8.6373,1.8182
3583,2,-5.8039,125.5880,-0.0014,-0.0002,6.5630,6.5630,26.6856,33.8296,7.1212
3584,1,-5.7260,125.5890,-0.0018,-0.0016,9.1071,9.1071,37.7667,65.1401,14.2632
3587,1,-7.2850,125.5820,0.0006,-0.0011,5.7039,5.7039,26.0285,25.5522,6.7748
3588,1,-7.2072,125.5830,0.0011,0.0011,2.6217,2.6217,12.4611,5.3983,1.5528
3589,1,-6.7920,125.5840,0.0027,-0.0059,2.3449,2.3449,9.7862,4.3187,0.9577
3590,1,-6.7141,125.5840,0.0037,0.0017,3.2464,3.2464,13.3012,8.2774,1.7692
3590,2,-6.7141,125.5840,-0.0024,-0.0020,4.7866,4.7866,19.6116,17.9944,3.8461
3591,1,-6.2980,125.5860,-0.0006,-0.0027,7.1958,7.1958,30.8672,40.6675,9.5278
3592,1,-6.2208,125.5870,0.0001,-0.0006,7.0996,7.0996,32.0630,39.5877,10.2804
3593,1,-5.6240,125.5890,0.0001,0.0008,6.1298,6.1298,24.8489,29.5108,6.1747
3593,2,-5.6240,125.5890,-0.0072,-0.0025,1.9146,1.9146,7.7615,2.8791,0.6024
3594,1,-5.5462,125.5900,0.0053,0.0052,1.9146,1.9146,8.4290,2.8791,0.7105
3594,2,-5.5462,125.5900,-0.0010,0.0034,3.9471,3.9471,17.3768,12.2362,3.0195
3594,3,-5.5462,125.5900,-0.0031,-0.0031,3.1020,3.1020,13.6565,7.5576,1.8650
3595,1,-5.3765,125.5910,-0.0018,0.0009,5.3729,5.3729,23.3247,22.6730,5.4404
3595,2,-5.3765,125.5910,-0.0082,-0.0006,4.5911,4.5911,19.9308,16.5549,3.9724
3596,1,-5.2990,125.5900,0.0032,-0.0002,6.5630,6.5630,28.3325,33.8295,8.0273
3656,1,-6.0120,125.5770,0.0002,0.0014,7.6285,7.6285,35.5306,45.7058,12.6242
3658,1,-6.9992,125.5730,-0.0001,0.0001,7.0348,7.0348,30.7121,38.8681,9.4323
3659,1,-6.5062,125.5750,0.0009,0.0054,3.1750,3.1750,14.2923,7.9175,2.0427
3659,2,-6.5062,125.5750,-0.0053,0.0029,3.7077,3.7077,16.6899,10.7967,2.7855
3659,3,-6.5062,125.5750,0.0022,-0.0005,6.6669,6.6669,30.0108,34.9091,9.0065
3672,1,-7.4082,125.5530,0.0018,0.0012,6.9693,6.9693,31.9715,38.1481,10.2218
3673,1,-7.3295,125.5530,-0.0051,0.0022,1.5136,1.5136,7.0186,1.7994,0.4926
3673,2,-7.3295,125.5530,0.0001,-0.0009,3.7076,3.7076,17.1920,10.7966,2.9556
3673,3,-7.3295,125.5530,0.0053,-0.0009,2.1406,2.1406,9.9258,3.5989,0.9852
3673,4,-7.3295,125.5530,-0.0039,-0.0014,1.5136,1.5136,7.0186,1.7994,0.4926
3674,1,-7.1617,125.5540,0.0006,-0.0033,3.4516,3.4516,15.0101,9.3571,2.2530
3675,1,-7.0844,125.5540,0.0023,-0.0001,4.6407,4.6407,21.0669,16.9148,4.4381
3676,1,-6.9148,125.5550,0.0015,0.0001,6.7353,6.7353,27.2420,35.6289,7.4213
3677,1,-6.8370,125.5550,0.0012,-0.0005,8.9292,8.9292,35.0668,62.6206,12.2968
3678,1,-6.6688,125.5550,0.0009,-0.0009,7.5379,7.5379,35.1960,44.6261,12.3876
3679,1,-6.5908,125.5550,0.0028,0.0014,6.1671,6.1671,27.8905,29.8707,7.7788
3680,1,-6.4209,125.5560,-0.0009,-0.0006,8.3457,8.3457,37.3087,54.7031,13.9194
3681,1,-6.3443,125.5570,0.0010,0.0029,5.8231,5.8231,24.0725,26.6319,5.7949
3682,1,-6.1753,125.5580,0.0023,0.0011,6.8366,6.8366,31.1826,36.7087,9.7235
3683,1,-6.0971,125.5590,0.0004,-0.0010,7.8942,7.8942,35.3067,48.9449,12.4656
3683,2,-6.0971,125.5590,-0.0094,0.0008,2.9507,2.9507,13.1967,6.8379,1.7415
3683,3,-6.0971,125.5590,0.0031,-0.0095,1.5136,1.5136,6.7697,1.7994,0.4583
3684,1,-5.9278,125.5600,0.0047,0.0042,1.9146,1.9146,8.8518,2.8791,0.7835
3684,2,-5.9278,125.5600,-0.0015,0.0002,8.0665,8.0665,37.2933,51.1042,13.9079
3685,1,-5.8494,125.5590,-0.0012,0.0005,5.2434,5.2434,23.2600,21.5933,5.4103
3685,2,-5.8494,125.5590,0.0080,-0.0005,3.3162,3.3162,14.7109,8.6373,2.1641
3686,1,-5.5009,125.5610,0.0007,-0.0002,6.0546,6.0546,26.5023,28.7912,7.0237
3686,2,-5.5009,125.5610,-0.0070,-0.0014,1.9146,1.9146,8.3808,2.8791,0.7024
3687,1,-5.4223,125.5610,-0.0004,0.0004,6.2409,6.2409,28.0672,30.5906,7.8777
3688,1,-5.2537,125.5610,0.0014,0.0021,7.1318,7.1318,31.6513,39.9477,10.0180
3688,2,-5.2537,125.5610,-0.0077,-0.0038,3.5819,3.5819,15.8968,10.0769,2.5271
3764,1,-5.7653,125.5360,-0.0017,-0.0002,7.1958,7.1958,30.8282,40.6674,9.5038
3765,1,-5.5850,125.5360,-0.0039,0.0011,3.1750,3.1750,13.7184,7.9175,1.8819
3765,2,-5.5850,125.5360,-0.0003,-0.0016,5.2869,5.2869,22.8432,21.9531,5.2181
3778,1,-5.9274,125.5100,0.0023,0.0029,4.8814,4.8814,22.8263,18.7141,5.2104
3778,2,-5.9274,125.5100,-0.0058,-0.0018,1.9146,1.9146,8.9532,2.8791,0.8016
3779,1,-5.8495,125.5110,-0.0010,0.0000,8.0380,8.0380,35.7862,50.7443,12.8065
3780,1,-7.4083,125.5040,-0.0001,0.0013,6.0166,6.0166,28.9439,28.4311,8.3775
3781,1,-7.3296,125.5050,0.0025,0.0009,4.6407,4.6407,22.0235,16.9147,4.8503
3782,1,-7.1616,125.5060,0.0007,0.0006,5.7439,5.7439,26.7394,25.9120,7.1500
3783,1,-7.0826,125.5060,-0.0004,-0.0014,3.1750,3.1750,13.8433,7.9175,1.9164
3784,1,-6.9148,125.5070,0.0001,-0.0004,4.5911,4.5911,18.4797,16.5549,3.4150
3785,1,-6.8373,125.5070,0.0015,-0.0001,7.7772,7.7772,31.6828,47.5052,10.0380
3786,1,-6.6677,125.5080,-0.0013,-0.0009,5.9400,5.9400,25.6538,27.7114,6.5812
3787,1,-6.5901,125.5080,0.0005,0.0003,7.7477,7.7477,35.8901,47.1453,12.8810
3788,1,-6.4209,125.5090,-0.0017,-0.0005,4.4389,4.4389,19.1790,15.4751,3.6783
3789,1,-6.3443,125.5090,0.0018,-0.0006,3.8293,3.8293,16.0128,11.5164,2.5641
3790,1,-6.1753,125.5100,0.0004,-0.0002,8.4548,8.4548,41.0669,56.1428,16.8649
3791,1,-6.0965,125.5100,0.0008,0.0037,6.1298,6.1298,28.6643,29.5108,8.2164
3791,2,-6.0965,125.5100,-0.0027,-0.0027,4.6408,4.6408,21.7012,16.9148,4.7094
3792,1,-5.5001,125.5120,-0.0014,0.0007,8.6688,8.6688,36.3820,59.0219,13.2365
3793,1,-5.4229,125.5130,-0.0022,0.0004,3.3162,3.3162,15.0684,8.6373,2.2706
3793,2,-5.4229,125.5130,0.0029,-0.0015,3.6453,3.6453,16.5639,10.4368,2.7436
3794,1,-5.2537,125.5130,0.0057,0.0064,2.7910,2.7910,11.7420,6.1181,1.3787
3794,2,-5.2537,125.5130,0.0085,0.0004,2.2451,2.2451,9.4453,3.9588,0.8921
3794,3,-5.2537,125.5130,-0.0029,-0.0014,1.5136,1.5136,6.3680,1.7994,0.4055
3854,1,-6.7522,125.4880,-0.0005,0.0007,7.7772,7.7772,33.1386,47.5053,10.9817
3855,1,-6.2594,125.4910,-0.0013,0.0063,3.3846,3.3846,15.7563,8.9972,2.4826
3855,2,-6.2594,125.4910,0.0012,0.0010,6.2041,6.2041,28.8818,30.2306,8.3416
3856,1,-5.3376,125.4940,0.0000,-0.0002,6.0546,6.0546,26.1712,28.7911,6.8493
3871,1,-7.0375,125.4770,-0.0011,-0.0002,7.5074,7.5074,32.5629,44.2662,10.6034
3872,1,-6.9603,125.4770,-0.0006,0.0001,7.9520,7.9520,33.3871,49.6646,11.1470
3873,1,-6.5446,125.4790,0.0000,-0.0003,8.2629,8.2629,37.5809,53.6235,14.1232
3874,1,-6.4664,125.4790,0.0005,-0.0017,4.8342,4.8342,22.0494,18.3543,4.8618
3875,1,-6.0515,125.4820,-0.0014,-0.0011,7.0996,7.0996,34.2631,39.5878,11.7396
3876,1,-5.9730,125.4820,-0.0010,-0.0004,6.8700,6.8700,31.2755,37.0685,9.7816
3877,1,-5.8040,125.4820,-0.0048,0.0039,3.1750,3.1750,13.6197,7.9175,1.8550
3877,2,-5.8040,125.4820,0.0008,-0.0004,6.8366,6.8366,29.3263,36.7086,8.6003
3878,1,-5.7256,125.4830,-0.0005,-0.0005,8.2629,8.2629,34.2659,53.6234,11.7415
3879,1,-5.6240,125.4830,0.0006,-0.0001,5.1553,5.1553,21.5925,20.8735,4.6624
3880,1,-5.5457,125.4830,0.0013,0.0016,8.9292,8.9292,37.4899,62.6207,14.0549
3933,1,-7.4071,125.4520,-0.0023,0.0018,3.4516,3.4516,15.6615,9.3571,2.4528
3933,2,-7.4071,125.4520,-0.0055,-0.0014,1.5136,1.5136,6.8680,1.7994,0.4717
3934,1,-5.8485,125.4590,-0.0024,-0.0003,6.3139,6.3139,28.2130,31.3103,7.9597
3935,1,-5.4995,125.4600,-0.0020,-0.0011,7.4153,7.4153,31.4140,43.1866,9.8684
3954,1,-5.8037,125.4350,0.0009,0.0019,5.7836,5.7836,24.3915,26.2718,5.9495
3954,2,-5.8037,125.4350,-0.0066,0.0003,1.9146,1.9146,8.0746,2.8791,0.6520
3954,3,-5.8037,125.4350,0.0066,-0.0012,1.5136,1.5136,6.3836,1.7994,0.4075
3955,1,-5.7255,125.4350,0.0013,0.0005,5.5409,5.5409,24.1478,24.1126,5.8312
3958,1,-7.0378,125.4290,-0.0038,0.0045,1.9146,1.9146,8.0945,2.8791,0.6552
3958,2,-7.0378,125.4290,0.0004,0.0018,5.6230,5.6230,23.7721,24.8325,5.6511
3958,3,-7.0378,125.4290,-0.0051,0.0010,2.5328,2.5328,10.7079,5.0384,1.1466
3959,1,-6.9604,125.4290,0.0008,-0.0010,6.8030,6.8030,27.7667,36.3487,7.7099
3960,1,-6.5441,125.4310,0.0008,0.0003,6.3139,6.3139,29.1623,31.3104,8.5044
3961,1,-6.4665,125.4320,0.0011,-0.0013,6.8700,6.8700,32.8755,37.0686,10.8080
3962,1,-6.0502,125.4340,-0.0013,-0.0004,5.9013,5.9013,28.4343,27.3516,8.0851
3963,1,-5.9727,125.4340,-0.0006,0.0002,7.5984,7.5984,33.2747,45.3461,11.0721
3964,1,-5.6237,125.4350,0.0063,0.0033,2.3449,2.3449,9.9668,4.3187,0.9934
3964,2,-5.6237,125.4350,0.0046,-0.0002,3.9471,3.9471,16.7767,12.2363,2.8146
3964,3,-5.6237,125.4350,-0.0009,-0.0018,5.0202,5.0202,21.3377,19.7939,4.5530
3965,1,-5.5458,125.4350,-0.0001,-0.0018,4.8342,4.8342,20.0630,18.3542,4.0252
4027,1,-6.7524,125.4200,0.0007,0.0012,3.5174,3.5174,16.0586,9.7170,2.5788
4027,2,-6.7524,125.4200,-0.0028,-0.0007,1.9146,1.9146,8.7412,2.8791,0.7641
4028,1,-6.2580,125.4220,-0.0004,0.0016,4.7866,4.7866,23.0633,17.9945,5.3192
4028,2,-6.2580,125.4220,-0.0016,-0.0030,1.5136,1.5136,7.2932,1.7994,0.5319
4040,1,-7.4080,125.3990,-0.0004,-0.0028,2.7077,2.7077,12.1829,5.7582,1.4842
4042,1,-7.1606,125.4000,-0.0001,0.0009,7.9232,7.9232,36.3823,49.3048,13.2367
4043,1,-7.0828,125.4000,0.0025,-0.0004,4.0047,4.0047,17.6227,12.5961,3.1056
4044,1,-6.9144,125.4000,0.0023,0.0006,8.1512,8.1512,33.9638,52.1839,11.5354
4045,1,-6.8368,125.4010,-0.0054,0.0024,1.9146,1.9146,8.1855,2.8791,0.6700
4045,2,-6.8368,125.4010,0.0011,-0.0004,4.3870,4.3870,18.7552,15.1153,3.5176
4046,1,-6.6677,125.4020,0.0001,-0.0014,7.3533,7.3533,32.7674,42.4669,10.7370
4047,1,-6.5899,125.4010,0.0002,0.0017,6.7012,6.7012,31.0881,35.2691,9.6647
4048,1,-6.4209,125.4030,-0.0008,-0.0003,7.2592,7.2592,34.4854,41.3872,11.8924
4049,1,-6.3438,125.4030,0.0008,0.0008,6.3861,6.3861,27.0094,32.0301,7.2951
4049,2,-6.3438,125.4030,0.0012,-0.0066,2.7910,2.7910,11.8044,6.1181,1.3934
4050,1,-6.1744,125.4040,0.0005,-0.0001,8.0665,8.0665,38.6618,51.1042,14.9473
4052,1,-5.9274,125.4060,0.0001,-0.0022,5.7837,5.7837,25.3052,26.2720,6.4035
4053,1,-5.8486,125.4050,-0.0002,-0.0008,8.4818,8.4818,36.9810,56.5026,13.6759
4054,1,-5.4999,125.4070,-0.0015,0.0006,6.8700,6.8700,29.1159,37.0685,8.4774
4055,1,-5.4221,125.4070,-0.0029,0.0052,2.1406,2.1406,9.2648,3.5989,0.8584
4055,2,-5.4221,125.4070,0.0039,0.0013,3.8293,3.8293,16.5734,11.5164,2.7468
4055,3,-5.4221,125.4070,-0.0005,-0.0027,3.5174,3.5174,15.2237,9.7171,2.3176
4056,1,-5.2532,125.4080,-0.0002,-0.0004,7.1958,7.1958,31.7212,40.6675,10.0623
4121,1,-5.7648,125.3820,-0.0017,-0.0004,7.2592,7.2592,32.5263,41.3873,10.5796
4121,2,-5.7648,125.3820,0.0043,0.0000,1.5136,1.5136,6.7822,1.7994,0.4600
4122,1,-5.5847,125.3820,-0.0020,0.0030,3.7690,3.7690,16.2706,11.1566,2.6473
4147,1,-5.8488,125.3570,-0.0008,0.0088,1.9146,1.9146,8.5749,2.8791,0.7353
4147,2,-5.8488,125.3570,0.0027,0.0007,4.9743,4.9743,22.2783,19.4340,4.9632
4147,3,-5.8488,125.3570,0.0063,-0.0059,3.8886,3.8886,17.4158,11.8764,3.0331
4149,1,-7.4069,125.3510,0.0001,0.0005,7.5682,7.5682,34.3078,44.9861,11.7703
4150,1,-7.3293,125.3510,0.0007,0.0019,1.5136,1.5136,6.9505,1.7994,0.4831
4150,2,-7.3293,125.3510,-0.0007,-0.0049,2.1406,2.1406,9.8295,3.5989,0.9662
4151,1,-7.1608,125.3520,-0.0011,-0.0027,4.2274,4.2274,19.2725,14.0357,3.7143
4152,1,-7.0826,125.3520,0.0015,0.0006,6.3501,6.3501,28.5186,31.6703,8.1331
4153,1,-6.9141,125.3520,-0.0005,0.0007,9.4041,9.4041,38.4568,69.4585,14.7893
4154,1,-6.8362,125.3530,-0.0001,-0.0001,8.1793,8.1793,34.1351,52.5439,11.6521
4155,1,-6.6681,125.3540,0.0003,-0.0011,6.8030,6.8030,32.7965,36.3487,10.7561
4156,1,-6.5903,125.3540,0.0015,-0.0011,5.7837,5.7837,25.9267,26.2720,6.7219
4157,1,-6.4209,125.3540,0.0013,-0.0011,7.0021,7.0021,32.5808,38.5081,10.6151
4158,1,-6.3434,125.3550,0.0004,0.0005,6.9694,6.9694,30.3075,38.1483,9.1854
4159,1,-6.1744,125.3560,-0.0005,0.0007,7.5379,7.5379,36.8532,44.6262,13.5816
4160,1,-6.0962,125.3560,0.0022,0.0002,7.7773,7.7773,38.0652,47.5054,14.4896
4161,1,-5.9272,125.3570,0.0003,-0.0005,4.1176,4.1176,18.7007,13.3159,3.4972
4162,1,-5.5003,125.3580,-0.0001,0.0018,6.5280,6.5280,28.1095,33.4696,7.9014
4163,1,-5.4216,125.3590,0.0046,0.0001,2.7077,2.7077,11.7596,5.7582,1.3829
4163,2,-5.4216,125.3590,-0.0010,-0.0017,4.4389,4.4389,19.2782,15.4752,3.7165
4164,1,-5.2529,125.3600,-0.0002,0.0011,6.5978,6.5978,29.7829,34.1894,8.8702
4221,1,-6.9983,125.3340,-0.0019,-0.0016,5.5409,5.5409,23.6884,24.1126,5.6114
4222,1,-6.5054,125.3350,0.0012,-0.0009,6.2775,6.2775,29.0084,30.9505,8.4149
4223,1,-6.0111,125.3380,0.0052,0.0055,1.9146,1.9146,8.7833,2.8791,0.7715
4223,2,-6.0111,125.3380,-0.0017,0.0000,5.2434,5.2434,24.0539,21.5933,5.7859
4237,1,-7.2837,125.3220,-0.0011,-0.0007,5.5820,5.5820,25.5581,24.4724,6.5322
4238,1,-7.2061,125.3230,0.0017,0.0009,7.4153,7.4153,34.7454,43.1867,12.0724
4239,1,-6.7910,125.3240,0.0016,0.0034,5.9400,5.9400,26.2085,27.7114,6.8689
4240,1,-6.7127,125.3240,-0.0015,-0.0015,7.5682,7.5682,35.0242,44.9862,12.2669
4241,1,-6.2971,125.3270,0.0020,-0.0011,6.4219,6.4219,29.8955,32.3899,8.9374
4241,2,-6.2971,125.3270,-0.0033,-0.0037,3.7689,3.7689,17.5455,11.1565,3.0784
4242,1,-6.2192,125.3270,-0.0024,0.0015,2.8719,2.8719,13.5457,6.4780,1.8349
4242,2,-6.2192,125.3270,0.0024,-0.0012,3.4516,3.4516,16.2799,9.3571,2.6504
4243,1,-5.8033,125.3290,-0.0002,-0.0010,6.2775,6.2775,28.8675,30.9505,8.3333
4244,1,-5.7257,125.3290,0.0012,0.0021,5.9013,5.9013,25.6074,27.3516,6.5574
4245,1,-5.6240,125.3290,-0.0008,-0.0002,6.2409,6.2409,25.8199,30.5906,6.6667
4246,1,-5.5449,125.3290,-0.0018,-0.0010,4.5409,4.5409,18.5411,16.1949,3.4377
4247,1,-5.3767,125.3300,0.0000,-0.0007,7.3533,7.3533,31.1768,42.4669,9.7199
4248,1,-5.2984,125.3300,0.0001,0.0007,3.9471,3.9471,16.6667,12.2363,2.7778
4293,1,-7.4064,125.2970,-0.0005,0.0000,5.0656,5.0656,23.3285,20.1538,5.4422
4294,1,-5.8486,125.3040,-0.0012,-0.0004,6.5630,6.5630,28.5405,33.8297,8.1456
4295,1,-5.4993,125.3060,-0.0006,0.0005,9.2320,9.2320,39.2232,66.9393,15.3846
4324,1,-7.2836,125.2750,0.0011,-0.0001,5.3301,5.3301,24.0941,22.3132,5.8053
4325,1,-7.2055,125.2750,0.0034,-0.0007,4.0615,4.0615,18.6772,12.9560,3.4884
4326,1,-6.7903,125.2770,0.0054,0.0045,2.3449,2.3449,10.1885,4.3186,1.0381
4326,2,-6.7903,125.2770,-0.0004,-0.0021,6.0166,6.0166,26.1417,28.4311,6.8339
4327,1,-6.7126,125.2770,-0.0015,0.0006,7.9808,7.9808,34.4238,50.0247,11.8500
4328,1,-6.2973,125.2790,-0.0008,0.0035,3.3162,3.3162,15.8032,8.6374,2.4974
4328,2,-6.2973,125.2790,0.0019,-0.0017,7.7772,7.7772,37.0617,47.5053,13.7357
4329,1,-6.2194,125.2790,-0.0002,0.0017,7.3533,7.3533,33.9296,42.4668,11.5122
4330,1,-5.8032,125.2810,0.0000,-0.0004,8.8777,8.8777,39.4354,61.9008,15.5515
4331,1,-5.7248,125.2800,-0.0012,0.0003,6.9364,6.9364,30.8957,37.7883,9.5454
4332,1,-5.6229,125.2820,-0.0014,-0.0004,6.4928,6.4928,27.7234,33.1097,7.6859
4333,1,-5.5454,125.2820,-0.0037,0.0040,2.5328,2.5328,10.4217,5.0385,1.0861
4333,2,-5.5454,125.2820,-0.0009,-0.0012,5.6229,5.6229,23.1365,24.8323,5.3530
4334,1,-5.3764,125.2830,-0.0020,-0.0020,4.7866,4.7866,21.4472,17.9945,4.5998
4335,1,-5.2982,125.2830,0.0004,0.0053,3.6454,3.6454,15.5392,10.4368,2.4147
4335,2,-5.2982,125.2830,0.0009,-0.0032,6.8366,6.8366,29.1426,36.7087,8.4929
4396,1,-6.9974,125.2650,-0.0004,0.0003,5.0656,5.0656,21.7022,20.1538,4.7099
4396,2,-6.9974,125.2650,-0.0048,0.0001,2.7910,2.7910,11.9573,6.1181,1.4298
4397,1,-6.5052,125.2670,0.0028,-0.0001,7.0021,7.0021,33.9928,38.5082,11.5551
4397,2,-6.5052,125.2670,-0.0047,-0.0024,4.8342,4.8342,23.4682,18.3543,5.5076
4398,1,-6.0108,125.2690,0.0009,0.0007,7.9520,7.9520,38.8780,49.6647,15.1150
4411,1,-7.3286,125.2450,0.0043,0.0000,5.3729,5.3729,23.9644,22.6730,5.7429
4411,2,-7.3286,125.2450,-0.0016,0.0009,1.9146,1.9146,8.5397,2.8791,0.7293
4412,1,-7.1602,125.2460,-0.0014,0.0010,7.2276,7.2276,32.4443,41.0274,10.5263
4412,2,-7.1602,125.2460,0.0077,0.0013,2.3449,2.3449,10.5263,4.3187,1.1080
4413,1,-6.5887,125.2480,0.0001,0.0010,11.9760,11.9760,53.3428,112.6453,28.4545
4414,1,-6.4203,125.2490,-0.0006,-0.0002,6.3501,6.3501,30.7115,31.6703,9.4320
4414,2,-6.4203,125.2490,0.0048,-0.0059,2.9506,2.9506,14.2704,6.8379,2.0364
4415,1,-6.3420,125.2490,-0.0004,-0.0034,4.0047,4.0047,18.6154,12.5961,3.4653
4416,1,-6.1740,125.2510,-0.0014,0.0005,8.4004,8.4004,40.4974,55.4228,16.4004
4417,1,-5.9267,125.2510,-0.0009,0.0006,5.0656,5.0656,23.2833,20.1538,5.4211
4418,1,-5.8485,125.2520,0.0001,-0.0009,9.4284,9.4284,41.5449,69.8184,17.2598
4419,1,-5.4997,125.2530,0.0026,-0.0009,4.1728,4.1728,17.6487,13.6758,3.1148
4419,2,-5.4997,125.2530,0.0040,-0.0082,3.1750,3.1750,13.4286,7.9175,1.8033
4420,1,-5.4212,125.2530,0.0003,-0.0014,7.1958,7.1958,31.5392,40.6676,9.9472
4421,1,-5.2524,125.2540,-0.0001,0.0000,6.5978,6.5978,29.0852,34.1894,8.4595
4429,1,-7.0819,125.2460,-0.0001,0.0005,8.1512,8.1512,34.0044,52.1839,11.5630
4430,1,-6.9133,125.2470,0.0005,0.0007,7.1958,7.1958,29.7354,40.6674,8.8419
4431,1,-6.8358,125.2470,-0.0001,-0.0002,8.5357,8.5357,35.7654,57.2224,12.7916
4432,1,-6.6668,125.2480,0.0003,0.0005,8.2906,8.2906,37.3370,53.9834,13.9405
4433,1,-6.0960,125.2510,0.0002,0.0008,8.8519,8.8519,43.3727,61.5411,18.8119
4459,1,-5.7640,125.2330,-0.0053,0.0009,5.3729,5.3729,24.8647,22.6730,6.1825
4484,1,-5.5837,125.2280,-0.0008,0.0002,6.0166,6.0166,26.3361,28.4312,6.9359
4520,1,-7.4069,125.1970,0.0021,-0.0007,6.1298,6.1298,28.2705,29.5109,7.9922
4520,2,-7.4069,125.1970,-0.0058,-0.0007,1.5136,1.5136,6.9809,1.7994,0.4873
4521,1,-7.3286,125.1970,0.0000,0.0004,3.7077,3.7077,16.3010,10.7967,2.6572
4522,1,-7.1603,125.1970,-0.0007,0.0007,5.0202,5.0202,23.3241,19.7938,5.4401
4523,1,-7.0820,125.1990,-0.0011,-0.0010,6.9033,6.9033,28.9023,37.4285,8.3534
4524,1,-6.9131,125.1990,0.0023,0.0047,2.3449,2.3449,9.2648,4.3187,0.8584
4524,2,-6.9131,125.1990,-0.0005,0.0019,2.9506,2.9506,11.6580,6.8379,1.3591
4524,3,-6.9131,125.1990,0.0051,0.0002,2.3449,2.3449,9.2648,4.3187,0.8584
4525,1,-6.8357,125.1990,0.0012,-0.0017,5.4576,5.4576,22.7219,23.3929,5.1628
4526,1,-6.6667,125.2000,0.0000,0.0008,8.8777,8.8777,40.3391,61.9008,16.2724
4527,1,-6.5882,125.2000,-0.0006,0.0022,7.8359,7.8359,34.6204,48.2253,11.9857
4528,1,-6.4198,125.2010,0.0015,-0.0015,6.2409,6.2409,29.9753,30.5905,8.9852
4529,1,-6.3419,125.2010,0.0021,-0.0021,5.1553,5.1553,24.4780,20.8736,5.9917
4530,1,-6.1732,125.2030,-0.0029,-0.0004,5.9784,5.9784,30.4182,28.0713,9.2527
4531,1,-6.0956,125.2030,-0.0006,-0.0011,8.0380,8.0380,38.5255,50.7445,14.8421
4532,1,-5.9264,125.2030,-0.0013,0.0004,4.8813,4.8813,22.1696,18.7142,4.9149
4532,2,-5.9264,125.2030,-0.0027,-0.0058,2.7077,2.7077,12.2975,5.7582,1.5123
4533,1,-5.8488,125.2040,0.0021,0.0072,2.5328,2.5328,11.3908,5.0385,1.2975
4533,2,-5.8488,125.2040,0.0007,0.0000,8.2629,8.2629,37.1606,53.6235,13.8091
4534,1,-5.4995,125.2050,-0.0030,0.0010,5.1553,5.1553,22.3800,20.8736,5.0086
4534,2,-5.4995,125.2050,-0.0013,-0.0034,2.7077,2.7077,11.7545,5.7582,1.3817
4535,1,-5.4212,125.2060,0.0009,-0.0002,3.9471,3.9471,16.7628,12.2362,2.8099
4536,1,-5.2524,125.2060,0.0000,-0.0012,6.3139,6.3139,27.7596,31.3104,7.7060
4596,1,-6.2580,125.1830,-0.0010,0.0038,3.8293,3.8293,19.0368,11.5164,3.6240
4597,1,-5.3364,125.1870,0.0009,-0.0001,4.7866,4.7866,20.4039,17.9944,4.1632
4599,1,-7.2442,125.1790,-0.0028,-0.0020,2.5328,2.5328,11.5087,5.0384,1.3245
4600,1,-6.7513,125.1810,0.0007,0.0005,5.4575,5.4575,24.6126,23.3929,6.0578
4600,2,-6.7513,125.1810,-0.0039,-0.0011,2.7077,2.7077,12.2113,5.7583,1.4912
4611,1,-6.4652,125.1730,0.0013,-0.0013,4.5409,4.5409,21.8681,16.1950,4.7821
4612,1,-6.0497,125.1730,0.0001,-0.0003,8.1793,8.1793,37.1303,52.5439,13.7866
4613,1,-5.9712,125.1740,-0.0023,0.0073,1.9146,1.9146,8.2619,2.8791,0.6826
4613,2,-5.9712,125.1740,-0.0032,0.0013,5.5409,5.5409,23.9097,24.1126,5.7167
4614,1,-5.8031,125.1760,0.0006,-0.0005,6.4574,6.4574,28.3529,32.7499,8.0389
4615,1,-5.7252,125.1750,0.0027,-0.0003,7.9232,7.9232,33.4147,49.3047,11.1654
4616,1,-5.6225,125.1750,0.0000,-0.0006,5.4994,5.4994,22.9142,23.7527,5.2506
4617,1,-5.5451,125.1760,0.0003,-0.0007,5.3729,5.3729,22.8558,22.6730,5.2239
4621,1,-7.0368,125.1700,0.0000,-0.0013,9.1822,9.1822,38.0185,66.2197,14.4541
4622,1,-6.9584,125.1700,0.0003,0.0003,8.0380,8.0380,33.1381,50.7445,10.9813
4623,1,-6.5433,125.1710,0.0003,0.0005,8.1512,8.1512,36.0779,52.1838,13.0161
4653,1,-7.4066,125.1440,0.0009,-0.0002,4.4902,4.4902,20.2406,15.8351,4.0968
4654,1,-5.4989,125.1520,0.0042,0.0013,1.5136,1.5136,6.5039,1.7994,0.4230
4691,1,-7.0365,125.1210,0.0013,0.0000,7.0996,7.0996,30.7676,39.5879,9.4665
4692,1,-6.9585,125.1220,-0.0017,-0.0020,6.1671,6.1671,25.9980,29.8708,6.7590
4693,1,-6.5434,125.1230,0.0002,0.0002,6.5280,6.5280,29.0240,33.4698,8.4239
4694,1,-6.4646,125.1240,0.0000,0.0017,6.6669,6.6669,31.4450,34.9093,9.8879
4695,1,-6.0498,125.1260,-0.0026,0.0003,2.9506,2.9506,12.8481,6.8379,1.6507
4695,2,-6.0498,125.1260,-0.0063,-0.0024,3.4517,3.4517,15.0297,9.3572,2.2589
4696,1,-5.9711,125.1270,-0.0031,-0.0012,2.5328,2.5328,11.3332,5.0385,1.2844
4697,1,-5.8031,125.1260,0.0007,-0.0002,5.6230,5.6230,24.9887,24.8323,6.2444
4698,1,-5.7249,125.1270,0.0008,0.0004,8.9292,8.9292,38.2707,62.6207,14.6465
4699,1,-5.6226,125.1280,0.0004,0.0002,8.4276,8.4276,34.8530,55.7827,12.1473
4700,1,-5.5448,125.1280,-0.0004,0.0025,5.7439,5.7439,24.3432,25.9119,5.9259
4700,2,-5.5448,125.1280,-0.0009,-0.0030,1.9146,1.9146,8.1144,2.8791,0.6584
4762,1,-7.2439,125.1110,-0.0017,0.0006,5.3729,5.3729,23.6433,22.6730,5.5901
4763,1,-6.7509,125.1120,-0.0010,0.0019,8.6689,8.6689,36.8764,59.0218,13.5987
4764,1,-6.2571,125.1150,-0.0003,0.0001,7.2276,7.2276,34.6593,41.0275,12.0127
4765,1,-5.3359,125.1190,-0.0046,0.0022,2.7910,2.7910,12.6461,6.1181,1.5992
4765,2,-5.3359,125.1190,0.0008,-0.0002,5.4154,5.4154,24.5371,23.0329,6.0207
4778,1,-6.1724,125.0960,-0.0013,0.0002,8.6424,8.6424,40.7209,58.6620,16.5819
4779,1,-5.9262,125.0980,-0.0005,0.0005,7.8651,7.8651,34.4881,48.5851,11.8943
4779,2,-5.9262,125.0980,0.0028,-0.0047,1.9146,1.9146,8.3955,2.8791,0.7048
4780,1,-5.8479,125.0980,-0.0003,0.0008,7.4461,7.4461,32.4796,43.5465,10.5492
4781,1,-5.4989,125.1000,-0.0042,0.0043,3.1021,3.1021,14.0554,7.5577,1.9755
4781,2,-5.4989,125.1000,0.0019,0.0006,7.6585,7.6585,34.7007,46.0658,12.0414
4782,1,-5.4208,125.0990,0.0046,-0.0003,2.7077,2.7077,12.2801,5.7582,1.5080
4787,1,-7.3275,125.0920,-0.0006,-0.0004,3.7077,3.7077,16.6129,10.7966,2.7599
4788,1,-7.1600,125.0920,0.0005,-0.0017,6.5978,6.5978,29.1632,34.1894,8.5049
4789,1,-7.0812,125.0920,-0.0011,-0.0003,7.8066,7.8066,33.1401,47.8653,10.9827
4790,1,-6.9130,125.0930,0.0000,0.0000,7.0022,7.0022,27.1649,38.5082,7.3793
4791,1,-6.8351,125.0930,-0.0018,-0.0008,7.4769,7.4769,29.9399,43.9064,8.9640
4792,1,-6.6666,125.0940,-0.0004,-0.0005,6.2041,6.2041,27.9534,30.2306,7.8139
4793,1,-6.5888,125.0950,0.0009,-0.0003,6.3861,6.3861,28.4704,32.0301,8.1056
4794,1,-6.4196,125.0950,-0.0003,0.0020,6.7692,6.7692,32.5991,35.9890,10.6270
4795,1,-6.3414,125.0950,-0.0001,-0.0016,6.5979,6.5979,31.2951,34.1895,9.7938
4796,1,-6.0946,125.0960,-0.0010,0.0013,4.7866,4.7866,22.4055,17.9944,5.0201
4797,1,-5.2518,125.1010,-0.0029,-0.0001,6.5280,6.5280,29.7610,33.4697,8.8572
4840,1,-5.5841,125.0750,-0.0024,-0.0014,3.6453,3.6453,15.8387,10.4368,2.5086
4876,1,-5.7632,125.0690,0.0022,0.0008,3.7077,3.7077,15.4120,10.7967,2.3753
4876,2,-5.7632,125.0690,0.0004,-0.0036,1.5136,1.5136,6.2919,1.7994,0.3959
4888,1,-7.4057,125.0430,0.0025,-0.0004,5.7039,5.7039,25.9913,25.5521,6.7555
4890,1,-7.1594,125.0440,-0.0037,0.0062,1.5136,1.5136,6.8104,1.7994,0.4638
4890,2,-7.1594,125.0440,0.0003,0.0000,6.1671,6.1671,27.7479,29.8708,7.6995
4891,1,-7.0814,125.0450,0.0000,0.0010,5.1995,5.1995,23.7725,21.2334,5.6513
4892,1,-6.9126,125.0450,-0.0030,-0.0023,2.3449,2.3449,9.5783,4.3187,0.9174
4893,1,-6.6665,125.0460,0.0018,0.0003,4.2812,4.2812,18.5856,14.3956,3.4542
4894,1,-6.5879,125.0460,0.0004,0.0005,8.1793,8.1793,36.0728,52.5438,13.0125
4895,1,-6.4192,125.0460,-0.0024,-0.0002,5.1996,5.1996,24.3877,21.2335,5.9476
4896,1,-6.3409,125.0480,-0.0041,0.0005,6.0166,6.0166,26.5231,28.4313,7.0347
4896,2,-6.3409,125.0480,0.0015,-0.0041,4.1176,4.1176,18.1514,13.3158,3.2947
4897,1,-6.1731,125.0480,0.0017,0.0011,7.7773,7.7773,34.8155,47.5052,12.1212
4898,1,-6.0945,125.0480,0.0008,0.0003,8.0665,8.0665,37.2024,51.1043,13.8402
4899,1,-5.9256,125.0500,0.0006,0.0024,6.3861,6.3861,27.4054,32.0302,7.5106
4899,2,-5.9256,125.0500,0.0108,-0.0004,2.1406,2.1406,9.1863,3.5989,0.8439
4900,1,-5.8482,125.0500,0.0011,0.0001,4.7866,4.7866,20.6548,17.9944,4.2662
4901,1,-5.4988,125.0510,-0.0009,0.0026,5.9013,5.9013,25.7522,27.3516,6.6318
4902,1,-5.4202,125.0520,0.0009,0.0010,5.0656,5.0656,21.9718,20.1538,4.8276
4903,1,-5.2515,125.0520,-0.0013,0.0019,7.0673,7.0673,31.4644,39.2279,9.9001
4917,1,-6.8343,125.0450,-0.0016,0.0003,6.5280,6.5280,25.4841,33.4696,6.4944
4917,2,-6.8343,125.0450,-0.0072,0.0005,1.5136,1.5136,5.9090,1.7994,0.3492
4964,1,-6.0102,125.0300,-0.0009,-0.0008,6.9693,6.9693,31.9715,38.1481,10.2218
4965,1,-6.9969,125.0260,-0.0002,-0.0006,6.1298,6.1298,25.9895,29.5109,6.7545
4966,1,-6.5036,125.0280,0.0009,0.0008,7.5984,7.5984,33.0004,45.3462,10.8903
4966,2,-6.5036,125.0280,-0.0032,-0.0059,2.7910,2.7910,12.1215,6.1181,1.4693
4974,1,-5.8025,125.0200,0.0036,0.0040,1.9146,1.9146,7.9904,2.8791,0.6385
4974,2,-5.8025,125.0200,0.0004,0.0010,5.4994,5.4994,22.9507,23.7526,5.2673
4975,1,-5.7242,125.0210,-0.0057,0.0031,2.4407,2.4407,9.7769,4.6786,0.9559
4975,2,-5.7242,125.0210,0.0001,-0.0001,6.5630,6.5630,26.2902,33.8295,6.9117
4975,3,-5.7242,125.0210,-0.0010,-0.0070,2.6217,2.6217,10.5021,5.3983,1.1029
4976,1,-5.6225,125.0230,0.0015,-0.0010,6.4928,6.4928,28.9331,33.1098,8.3712
4977,1,-5.5437,125.0220,0.0001,-0.0021,3.8886,3.8886,16.5487,11.8764,2.7386
4987,1,-7.2044,125.0150,-0.0027,-0.0007,5.2434,5.2434,23.1249,21.5934,5.3476
4988,1,-6.7897,125.0160,0.0004,-0.0013,8.1231,8.1231,32.5515,51.8239,10.5960
4989,1,-6.7114,125.0170,-0.0001,0.0005,7.8067,7.8067,32.6451,47.8652,10.6570
4990,1,-6.2962,125.0180,-0.0020,-0.0006,5.4993,5.4993,22.5407,23.7527,5.0808
4991,1,-6.2184,125.0190,0.0004,0.0005,6.3861,6.3861,28.5224,32.0301,8.1353
4991,2,-6.2184,125.0190,0.0031,-0.0061,2.9506,2.9506,13.1786,6.8379,1.7368
4992,1,-5.3744,125.0230,-0.0007,0.0034,5.1995,5.1995,23.5370,21.2335,5.5399
4992,2,-5.3744,125.0230,-0.0038,-0.0028,6.7012,6.7012,30.3346,35.2691,9.2019
4993,1,-5.2962,125.0220,-0.0009,0.0002,5.7039,5.7039,24.9452,25.5522,6.2226
5018,1,-7.4056,124.9900,-0.0001,0.0022,4.6899,4.6899,21.3403,17.2747,4.5541
5019,1,-5.8473,124.9970,-0.0009,-0.0001,6.3861,6.3861,27.1432,32.0301,7.3675
5020,1,-5.4988,124.9980,-0.0019,-0.0005,6.1298,6.1298,26.4398,29.5109,6.9906
5020,2,-5.4988,124.9980,0.0047,0.0013,1.5136,1.5136,6.5288,1.7994,0.4263
5065,1,-7.2045,124.9670,0.0062,0.0022,3.0273,3.0273,13.6020,7.1978,1.8501
5065,2,-7.2045,124.9670,-0.0009,-0.0005,6.1298,6.1298,27.5419,29.5109,7.5856
5066,1,-6.2959,124.9710,-0.0028,-0.0015,6.5630,6.5630,27.6447,33.8297,7.6423
5067,1,-5.8027,124.9730,0.0005,-0.0004,6.9364,6.9364,28.6187,37.7882,8.1903
5068,1,-5.7232,124.9730,0.0000,0.0013,5.9013,5.9013,23.3578,27.3516,5.4559
5069,1,-5.6217,124.9740,0.0055,0.0016,2.3449,2.3449,10.1101,4.3186,1.0221
5069,2,-5.6217,124.9740,-0.0007,-0.0007,4.7866,4.7866,20.6372,17.9944,4.2589
5070,1,-5.5440,124.9730,0.0000,-0.0002,8.7216,8.7216,38.1260,59.7416,14.5359
5071,1,-5.3751,124.9750,0.0028,-0.0006,3.0273,3.0273,13.7102,7.1978,1.8797
5072,1,-5.2970,124.9740,0.0005,-0.0014,6.8700,6.8700,30.6140,37.0686,9.3722
5077,1,-6.7893,124.9680,0.0020,-0.0002,7.7181,7.7181,30.8156,46.7857,9.4960
5078,1,-6.7109,124.9680,-0.0007,0.0005,4.8814,4.8814,20.4699,18.7142,4.1902
5078,2,-6.7109,124.9680,0.0047,-0.0020,3.2464,3.2464,13.6138,8.2775,1.8534
5079,1,-6.2181,124.9710,-0.0017,0.0001,7.4462,7.4462,33.9306,43.5466,11.5129
5134,1,-6.0100,124.9620,0.0004,0.0005,6.3501,6.3501,28.7859,31.6703,8.2863
5137,1,-6.9963,124.9580,-0.0034,0.0069,2.1406,2.1406,9.5260,3.5989,0.9074
5137,2,-6.9963,124.9580,0.0003,0.0005,4.6407,4.6407,20.6518,16.9148,4.2650
5138,1,-6.5028,124.9600,0.0004,-0.0008,7.7773,7.7773,34.6884,47.5055,12.0329
5138,2,-6.5028,124.9600,-0.0019,-0.0066,4.5409,4.5409,20.2536,16.1949,4.1021
5147,1,-5.9251,124.9430,-0.0005,-0.0008,7.2907,7.2907,31.5548,41.7470,9.9571
5148,1,-5.8469,124.9430,0.0007,-0.0001,8.9804,8.9804,37.7352,63.3404,14.2395
5149,1,-5.4990,124.9450,0.0012,0.0012,5.9784,5.9784,28.0976,28.0714,7.8948
5155,1,-7.4054,124.9370,-0.0020,0.0022,3.4516,3.4516,15.8266,9.3571,2.5048
5156,1,-7.3272,124.9370,-0.0003,-0.0002,5.9013,5.9013,26.1665,27.3516,6.8469
5157,1,-7.1588,124.9380,-0.0004,-0.0001,3.1751,3.1751,14.1550,7.9175,2.0036
5158,1,-7.0811,124.9380,0.0003,0.0014,5.2869,5.2869,22.6408,21.9533,5.1261
5158,2,-7.0811,124.9380,-0.0016,-0.0041,2.8719,2.8719,12.2988,6.4780,1.5126
5159,1,-6.9120,124.9390,0.0014,-0.0007,6.7012,6.7012,27.3304,35.2691,7.4695
5160,1,-6.8343,124.9390,0.0023,-0.0007,7.2592,7.2592,29.3941,41.3873,8.6401
5160,2,-6.8343,124.9390,-0.0042,-0.0007,1.5136,1.5136,6.1291,1.7994,0.3757
5161,1,-6.6657,124.9390,0.0004,0.0001,8.3457,8.3457,35.1250,54.7031,12.3377
5162,1,-6.5878,124.9400,-0.0002,0.0005,7.3844,7.3844,31.6761,42.8269,10.0338
5162,2,-6.5878,124.9400,-0.0011,-0.0085,3.4516,3.4516,14.8062,9.3571,2.1922
5163,1,-6.4193,124.9400,0.0009,-0.0006,9.9025,9.9025,43.8096,77.0161,19.1928
5164,1,-6.3404,124.9420,0.0070,0.0056,1.9146,1.9146,8.1616,2.8791,0.6661
5164,2,-6.3404,124.9420,-0.0009,-0.0001,7.2592,7.2592,30.9441,41.3873,9.5754
5165,1,-6.1725,124.9430,-0.0001,0.0004,6.3501,6.3501,27.5431,31.6703,7.5862
5166,1,-6.0944,124.9430,0.0030,0.0020,5.9400,5.9400,26.2319,27.7114,6.8811
5167,1,-5.2510,124.9460,-0.0011,-0.0027,3.8293,3.8293,16.6163,11.5165,2.7610
5198,1,-5.5826,124.9260,-0.0034,-0.0003,5.7439,5.7439,26.0500,25.9119,6.7860
5204,1,-5.7626,124.9200,0.0005,-0.0014,6.3139,6.3139,26.8033,31.3105,7.1842
5256,1,-7.4047,124.8880,-0.0002,0.0000,2.5328,2.5328,11.2815,5.0384,1.2727
5258,1,-7.1586,124.8910,-0.0027,0.0013,3.7690,3.7690,17.9699,11.1566,3.2292
5258,2,-7.1586,124.8910,0.0026,-0.0018,3.2464,3.2464,15.4785,8.2775,2.3958
5259,1,-7.0807,124.8900,0.0023,-0.0012,6.9694,6.9694,31.0708,38.1483,9.6539
5260,1,-6.9119,124.8910,-0.0007,0.0011,5.5409,5.5409,23.2355,24.1126,5.3989
5261,1,-6.8341,124.8920,-0.0002,0.0002,7.7477,7.7477,31.4789,47.1454,9.9092
5262,1,-6.5874,124.8920,-0.0016,0.0013,7.9232,7.9232,34.3366,49.3048,11.7900
5263,1,-6.3400,124.8940,-0.0007,-0.0010,7.7477,7.7477,35.1215,47.1454,12.3352
5264,1,-6.0946,124.8950,0.0065,0.0018,1.5136,1.5136,6.6256,1.7994,0.4390
5264,2,-6.0946,124.8950,-0.0005,-0.0021,4.7866,4.7866,20.9519,17.9945,4.3898
5265,1,-5.9251,124.8950,-0.0020,0.0017,2.5328,2.5328,11.2054,5.0385,1.2556
5265,2,-5.9251,124.8950,0.0034,-0.0013,5.1107,5.1107,22.6100,20.5137,5.1121
5266,1,-5.8471,124.8960,0.0008,0.0005,7.0996,7.0996,29.1786,39.5877,8.5139
5266,2,-5.8471,124.8960,-0.0039,-0.0031,2.7910,2.7910,11.4708,6.1181,1.3158
5267,1,-5.4980,124.8970,-0.0001,0.0014,8.1513,8.1513,37.0906,52.1839,13.7571
5268,1,-5.4203,124.8980,-0.0003,-0.0004,6.7012,6.7012,29.0910,35.2692,8.4629
5269,1,-5.2511,124.8980,0.0014,0.0002,4.1176,4.1176,17.7001,13.3159,3.1329
5269,2,-5.2511,124.8980,-0.0056,0.0002,3.1750,3.1750,13.6485,7.9175,1.8628
5277,1,-6.6648,124.8920,-0.0003,0.0017,3.1751,3.1751,12.8228,7.9176,1.6442
5277,2,-6.6648,124.8920,-0.0013,-0.0036,2.1406,2.1406,8.6451,3.5989,0.7474
5278,1,-6.4183,124.8930,-0.0014,-0.0008,7.8651,7.8651,33.7526,48.5850,11.3924
5279,1,-6.1721,124.8950,-0.0009,0.0025,6.3139,6.3139,29.2052,31.3105,8.5294
5334,1,-7.2435,124.8700,0.0008,-0.0001,6.7692,6.7692,29.9880,35.9889,8.9928
5335,1,-6.7496,124.8730,-0.0014,-0.0028,5.2434,5.2434,21.8565,21.5933,4.7771
5336,1,-6.2567,124.8760,-0.0004,-0.0012,6.3501,6.3501,28.1439,31.6703,7.9208
5337,1,-5.3351,124.8790,0.0004,-0.0022,7.4153,7.4153,32.7619,43.1866,10.7334
5337,2,-5.3351,124.8790,-0.0064,-0.0017,2.7077,2.7077,11.9630,5.7583,1.4311
5343,1,-5.9701,124.8670,-0.0018,0.0008,4.0615,4.0615,17.0183,12.9560,2.8962
5344,1,-5.8016,124.8670,0.0002,-0.0006,9.3797,9.3797,39.1918,69.0985,15.3600
5351,1,-6.9572,124.8620,0.0007,0.0001,6.9693,6.9693,30.6412,38.1482,9.3888
5352,1,-6.5421,124.8630,0.0026,0.0003,6.2041,6.2041,26.7261,30.2307,7.1428
5353,1,-6.4644,124.8630,0.0009,0.0022,5.5820,5.5820,24.1493,24.4724,5.8319
5354,1,-6.0489,124.8660,0.0005,0.0011,7.6285,7.6285,31.9901,45.7058,10.2337
5355,1,-5.7229,124.8670,-0.0007,0.0010,8.5088,8.5088,35.6384,56.8624,12.7010
5356,1,-5.6216,124.8680,-0.0001,0.0011,7.1318,7.1318,31.9409,39.9477,10.2022
5357,1,-5.5431,124.8680,-0.0040,0.0006,5.2434,5.2434,22.8515,21.5933,5.2219
5376,1,-5.8467,124.8430,-0.0016,0.0018,5.8231,5.8231,23.4735,26.6318,5.5101
5376,2,-5.8467,124.8430,-0.0068,-0.0018,1.9146,1.9146,7.7180,2.8791,0.5957
5425,1,-6.0484,124.8180,-0.0001,-0.0002,8.2073,8.2073,34.9709,52.9038,12.2296
5426,1,-5.9697,124.8180,-0.0003,0.0007,3.5819,3.5819,14.3223,10.0769,2.0513
5426,2,-5.9697,124.8180,0.0036,-0.0067,4.6899,4.6899,18.7523,17.2747,3.5165
5427,1,-5.8019,124.8190,0.0002,-0.0003,7.1318,7.1318,29.2432,39.9478,8.5516
5428,1,-5.7232,124.8200,-0.0036,-0.0005,3.3846,3.3846,14.2683,8.9973,2.0358
5429,1,-5.6212,124.8190,0.0008,0.0015,4.3344,4.3344,19.9031,14.7554,3.9613
5430,1,-5.5429,124.8200,-0.0010,0.0009,6.9693,6.9693,31.5485,38.1484,9.9531
5433,1,-7.0352,124.8140,0.0021,-0.0012,7.2592,7.2592,31.6779,41.3872,10.0349
5434,1,-6.9576,124.8140,0.0024,0.0004,8.0095,8.0095,34.3141,50.3843,11.7746
5435,1,-6.5420,124.8150,0.0022,-0.0004,6.4574,6.4574,26.8210,32.7499,7.1937
5436,1,-6.4637,124.8150,-0.0026,0.0000,8.3457,8.3457,33.7808,54.7032,11.4114
5436,2,-6.4637,124.8150,0.0054,-0.0020,3.9471,3.9471,15.9767,12.2362,2.5525
5497,1,-7.2423,124.8020,-0.0026,-0.0004,5.9013,5.9013,26.5520,27.3515,7.0501
5498,1,-6.7490,124.8040,-0.0004,0.0025,4.0615,4.0615,16.6731,12.9560,2.7799
5499,1,-6.2565,124.8070,0.0007,0.0012,8.8519,8.8519,38.6452,61.5411,14.9345
5500,1,-5.3349,124.8110,-0.0003,-0.0034,1.9146,1.9146,8.5592,2.8791,0.7326
5511,1,-7.4046,124.7830,-0.0019,-0.0022,4.5911,4.5911,20.5149,16.5550,4.2086
5513,1,-7.1586,124.7840,0.0010,0.0012,9.0059,9.0059,39.8071,63.7005,15.8461
5514,1,-7.0807,124.7840,-0.0027,0.0033,2.5328,2.5328,10.8786,5.0385,1.1834
5514,2,-7.0807,124.7840,0.0020,0.0010,3.0273,3.0273,13.0024,7.1978,1.6906
5515,1,-6.9122,124.7850,0.0010,-0.0014,6.8366,6.8366,29.7173,36.7087,8.8312
5516,1,-6.8337,124.7860,0.0017,0.0002,7.7773,7.7773,32.8529,47.5053,10.7931
5517,1,-6.6648,124.7860,0.0034,0.0012,3.5174,3.5174,14.0488,9.7170,1.9737
5517,2,-6.6648,124.7860,-0.0016,-0.0027,5.0202,5.0202,20.0511,19.7939,4.0205
5518,1,-6.5870,124.7850,0.0004,-0.0002,5.9784,5.9784,23.8002,28.0714,5.6645
5519,1,-6.4189,124.7870,0.0004,0.0000,6.2409,6.2409,26.5593,30.5906,7.0540
5520,1,-6.3400,124.7870,-0.0001,0.0009,5.5820,5.5820,23.2680,24.4724,5.4140
5521,1,-6.1717,124.7880,0.0008,0.0002,7.6585,7.6585,34.6194,46.0659,11.9850
5522,1,-6.0941,124.7890,0.0040,-0.0002,2.3449,2.3449,9.9751,4.3187,0.9950
5523,1,-5.9251,124.7900,-0.0001,0.0012,8.1231,8.1231,31.6448,51.8241,10.0139
5524,1,-5.8463,124.7900,-0.0008,0.0025,7.8942,7.8942,32.3319,48.9450,10.4535
5525,1,-5.4979,124.7920,0.0017,-0.0016,3.8293,3.8293,17.9154,11.5164,3.2096
5526,1,-5.4190,124.7910,-0.0015,-0.0007,7.4153,7.4153,33.2564,43.1866,11.0599
5527,1,-5.2509,124.7920,0.0027,-0.0016,2.7910,2.7910,11.8287,6.1181,1.3992
5605,1,-5.7621,124.7660,-0.0010,0.0030,2.5328,2.5328,10.9529,5.0385,1.1997
5609,1,-5.5825,124.7620,0.0032,-0.0044,1.5136,1.5136,6.5344,1.7994,0.4270
5620,1,-7.4049,124.7340,0.0002,-0.0007,8.8260,8.8260,38.4649,61.1813,14.7955
5621,1,-5.9243,124.7420,-0.0004,0.0006,6.7353,6.7353,27.0401,35.6290,7.3117
5621,2,-5.9243,124.7420,-0.0009,-0.0054,1.9146,1.9146,7.6866,2.8791,0.5908
5622,1,-5.8464,124.7430,0.0001,-0.0006,4.0615,4.0615,16.8763,12.9560,2.8481
5623,1,-5.4973,124.7430,0.0025,0.0025,1.5136,1.5136,6.5316,1.7994,0.4266
5623,2,-5.4973,124.7430,-0.0008,-0.0038,2.3449,2.3449,10.1187,4.3186,1.0239
5624,1,-5.4194,124.7430,-0.0050,0.0010,2.1406,2.1406,9.0388,3.5989,0.8170
5625,1,-5.2504,124.7450,-0.0029,0.0047,2.7910,2.7910,11.8044,6.1181,1.3934
5625,2,-5.2504,124.7450,-0.0007,0.0020,1.9146,1.9146,8.0978,2.8791,0.6557
5625,3,-5.2504,124.7450,0.0034,-0.0013,4.1176,4.1176,17.4149,13.3159,3.0328
5627,1,-7.3261,124.7350,0.0025,0.0050,4.2812,4.2812,18.4900,14.3955,3.4188
5628,1,-7.1578,124.7360,0.0004,0.0020,5.3301,5.3301,23.5491,22.3131,5.5456
5629,1,-7.0808,124.7370,0.0001,-0.0010,7.0996,7.0996,31.2417,39.5878,9.7604
5630,1,-6.9119,124.7370,-0.0008,-0.0022,7.6285,7.6285,32.2511,45.7061,10.4013
5631,1,-6.8337,124.7380,0.0001,-0.0039,5.4575,5.4575,22.6411,23.3928,5.1262
5632,1,-6.6640,124.7380,-0.0008,-0.0004,7.9521,7.9521,31.7380,49.6648,10.0730
5633,1,-6.5868,124.7390,0.0008,0.0064,1.9146,1.9146,7.4796,2.8791,0.5594
5633,2,-6.5868,124.7390,0.0011,0.0003,7.6884,7.6884,30.0349,46.4255,9.0210
5634,1,-6.4184,124.7380,0.0018,0.0015,7.5074,7.5074,30.7596,44.2663,9.4615
5635,1,-6.3396,124.7390,-0.0012,0.0019,6.4218,6.4218,25.6682,32.3899,6.5886
5636,1,-6.1712,124.7400,0.0000,-0.0027,7.6884,7.6884,32.0991,46.4257,10.3035
5637,1,-6.0933,124.7410,-0.0002,0.0003,5.6635,5.6635,23.1780,25.1921,5.3722
5637,2,-6.0933,124.7410,0.0038,-0.0050,3.9471,3.9471,16.1535,12.2362,2.6094
5696,1,-6.9958,124.7170,0.0000,0.0015,3.8886,3.8886,17.1194,11.8764,2.9307
5696,2,-6.9958,124.7170,-0.0052,-0.0012,4.5409,4.5409,19.9911,16.1950,3.9964
5697,1,-6.5027,124.7200,0.0008,0.0011,7.0996,7.0996,28.6513,39.5878,8.2090
5698,1,-6.0089,124.7220,-0.0002,-0.0004,6.4574,6.4574,26.0402,32.7499,6.7809
5714,1,-7.2806,124.7070,-0.0013,0.0029,4.4389,4.4389,18.8513,15.4752,3.5537
5714,2,-7.2806,124.7070,-0.0012,-0.0031,3.8886,3.8886,16.5145,11.8764,2.7273
5715,1,-7.2028,124.7070,0.0006,0.0014,5.7038,5.7038,25.0441,25.5520,6.2721
5716,1,-6.7880,124.7090,-0.0025,0.0026,1.9146,1.9146,7.9904,2.8791,0.6385
5716,2,-6.7880,124.7090,0.0027,-0.0020,6.4928,6.4928,27.0968,33.1097,7.3424
5717,1,-6.7099,124.7090,-0.0006,-0.0014,5.8231,5.8231,23.9694,26.6317,5.7453
5718,1,-6.2953,124.7100,-0.0011,-0.0046,3.9471,3.9471,15.0304,12.2362,2.2591
5719,1,-6.2165,124.7110,-0.0003,0.0008,8.5088,8.5088,34.8490,56.8626,12.1445
5720,1,-5.8015,124.7130,0.0004,0.0004,3.7690,3.7690,15.7987,11.1566,2.4960
5721,1,-5.7229,124.7140,0.0025,-0.0006,5.1107,5.1107,21.9228,20.5137,4.8061
5722,1,-5.6212,124.7140,-0.0013,0.0009,5.5821,5.5821,25.5336,24.4724,6.5196
5723,1,-5.5428,124.7140,0.0018,-0.0016,5.0656,5.0656,23.0392,20.1538,5.3080
5724,1,-5.3735,124.7140,0.0023,-0.0010,3.8293,3.8293,17.1815,11.5165,2.9520
5724,2,-5.3735,124.7140,-0.0063,-0.0062,2.5328,2.5328,11.3645,5.0385,1.2915
5725,1,-5.2960,124.7150,0.0001,-0.0017,3.3846,3.3846,14.6052,8.9973,2.1331
5725,2,-5.2960,124.7150,-0.0004,-0.0068,1.9146,1.9146,8.2619,2.8791,0.6826
5744,1,-5.4973,124.6900,0.0001,0.0006,5.6635,5.6635,25.4117,25.1922,6.4575
5775,1,-7.4042,124.6820,-0.0021,-0.0033,5.7439,5.7439,25.6894,25.9120,6.5995
5776,1,-5.8462,124.6880,0.0011,0.0014,7.9808,7.9808,34.4532,50.0247,11.8702
5796,1,-5.6206,124.6650,-0.0016,0.0060,3.7077,3.7077,16.6282,10.7967,2.7650
5796,2,-5.6206,124.6650,0.0004,-0.0004,5.3301,5.3301,23.9046,22.3132,5.7143
5796,3,-5.6206,124.6650,0.0048,-0.0042,5.0202,5.0202,22.5147,19.7939,5.0691
5797,1,-5.5428,124.6660,-0.0025,0.0002,5.6636,5.6636,26.6853,25.1922,7.1211
5799,1,-7.2814,124.6580,0.0033,0.0015,3.3846,3.3846,15.2570,8.9973,2.3278
5799,2,-7.2814,124.6580,-0.0011,-0.0010,2.7077,2.7077,12.2056,5.7583,1.4898
5800,1,-7.2035,124.6590,0.0013,-0.0024,3.8886,3.8886,17.8907,11.8763,3.2008
5801,1,-6.7878,124.6600,0.0007,-0.0002,5.5408,5.5408,23.3867,24.1125,5.4694
5802,1,-6.7093,124.6610,-0.0015,-0.0001,6.8366,6.8366,29.2893,36.7086,8.5786
5803,1,-6.2950,124.6630,-0.0037,0.0038,3.1751,3.1751,12.5357,7.9176,1.5714
5803,2,-6.2950,124.6630,-0.0004,-0.0007,7.7772,7.7772,30.7060,47.5055,9.4286
5804,1,-6.2171,124.6630,-0.0005,-0.0029,1.9146,1.9146,7.7238,2.8791,0.5966
5805,1,-5.7228,124.6660,0.0046,-0.0001,1.9146,1.9146,8.7454,2.8791,0.7648
5806,1,-5.3736,124.6660,-0.0014,0.0050,3.8886,3.8886,17.4964,11.8764,3.0612
5807,1,-5.2958,124.6670,-0.0021,-0.0046,3.1020,3.1020,13.9314,7.5576,1.9408
5866,1,-6.0088,124.6540,-0.0008,-0.0001,8.0094,8.0094,33.1107,50.3844,10.9632
5867,1,-6.9951,124.6490,0.0004,-0.0018,6.0923,6.0923,27.4881,29.1510,7.5560
5868,1,-6.5022,124.6510,0.0006,0.0050,3.8293,3.8293,15.8114,11.5165,2.5000
5868,2,-6.5022,124.6510,0.0025,0.0009,4.4389,4.4389,18.3286,15.4752,3.3594
5886,1,-7.4040,124.6290,-0.0004,-0.0003,3.6453,3.6453,16.4938,10.4368,2.7205
5887,1,-7.3258,124.6290,0.0004,0.0006,4.6408,4.6408,20.4215,16.9148,4.1704
5888,1,-7.1582,124.6300,0.0017,-0.0004,4.6407,4.6407,21.4764,16.9148,4.6124
5889,1,-7.0796,124.6300,0.0003,0.0006,5.9013,5.9013,25.9915,27.3517,6.7556
5890,1,-6.9112,124.6310,0.0011,-0.0019,6.7692,6.7692,30.8901,35.9889,9.5420
5891,1,-6.8332,124.6310,0.0008,-0.0018,6.3861,6.3861,27.7111,32.0302,7.6791
5892,1,-6.6644,124.6320,-0.0014,-0.0005,4.1176,4.1176,17.3088,13.3159,2.9959
5893,1,-6.5861,124.6320,-0.0041,-0.0014,2.8719,2.8719,12.4730,6.4780,1.5558
5894,1,-6.4177,124.6330,-0.0069,-0.0033,1.5136,1.5136,6.0813,1.7994,0.3698
5894,2,-6.4177,124.6330,-0.0041,-0.0070,3.0273,3.0273,12.1626,7.1978,1.4793
5895,1,-6.3389,124.6340,-0.0008,-0.0009,4.6899,4.6899,18.8283,17.2747,3.5450
5895,2,-6.3389,124.6340,-0.0029,-0.0049,2.3449,2.3449,9.4142,4.3187,0.8863
5896,1,-6.1707,124.6340,0.0007,-0.0014,3.8886,3.8886,16.4872,11.8763,2.7183
5896,2,-6.1707,124.6340,-0.0031,-0.0032,3.1751,3.1751,13.4618,7.9176,1.8122
5897,1,-6.0926,124.6350,-0.0051,0.0031,3.8886,3.8886,15.6058,11.8763,2.4354
5897,2,-6.0926,124.6350,0.0007,-0.0033,7.8652,7.8652,31.5644,48.5851,9.9631
5898,1,-5.9238,124.6360,-0.0012,0.0014,8.2351,8.2351,34.9014,53.2636,12.1811
5898,2,-5.9238,124.6360,0.0043,0.0024,3.7077,3.7077,15.7135,10.7967,2.4691
5899,1,-5.8464,124.6360,0.0012,0.0003,8.2629,8.2629,36.7374,53.6235,13.4964
5900,1,-5.4970,124.6370,-0.0016,0.0015,7.2592,7.2592,32.2165,41.3871,10.3790
5901,1,-5.4193,124.6370,0.0026,-0.0003,3.6453,3.6453,16.0769,10.4368,2.5847
5902,1,-5.2495,124.6380,0.0034,0.0006,4.1176,4.1176,17.9605,13.3159,3.2258
5970,1,-5.7617,124.6120,-0.0024,0.0024,4.4902,4.4902,19.4341,15.8352,3.7768
5970,2,-5.7617,124.6120,0.0024,-0.0058,1.9146,1.9146,8.2867,2.8791,0.6867
5990,1,-5.9239,124.5870,-0.0019,0.0003,5.8231,5.8231,24.5680,26.6317,6.0359
5991,1,-5.8457,124.5880,-0.0034,0.0038,2.1406,2.1406,9.5783,3.5989,0.9174
5991,2,-5.8457,124.5880,0.0012,0.0012,3.4516,3.4516,15.4445,9.3571,2.3853
5992,1,-5.4967,124.5900,-0.0027,0.0017,4.7385,4.7385,21.3201,17.6346,4.5455
5992,2,-5.4967,124.5900,0.0023,-0.0025,4.0047,4.0047,18.0187,12.5960,3.2467
5993,1,-7.4040,124.5810,-0.0009,-0.0013,6.2041,6.2041,27.7987,30.2306,7.7277
5995,1,-7.1577,124.5820,0.0016,-0.0014,6.0923,6.0923,26.5050,29.1510,7.0252
5997,1,-6.9110,124.5830,0.0050,0.0032,2.3449,2.3449,10.3602,4.3186,1.0733
5997,2,-6.9110,124.5830,-0.0002,-0.0004,4.1728,4.1728,18.4362,13.6758,3.3989
5998,1,-6.8324,124.5830,0.0019,0.0020,5.8231,5.8231,25.8782,26.6317,6.6968
5999,1,-6.6639,124.5840,-0.0010,-0.0003,6.6669,6.6669,28.9172,34.9091,8.3620
6000,1,-6.5861,124.5840,-0.0001,0.0000,9.8329,9.8329,41.8107,75.9365,17.4813
6001,1,-6.4176,124.5850,0.0002,-0.0025,7.2276,7.2276,29.0809,41.0274,8.4570
6002,1,-6.3386,124.5850,0.0074,0.0028,3.4516,3.4516,13.5266,9.3571,1.8297
6002,2,-6.3386,124.5850,0.0058,-0.0004,1.5136,1.5136,5.9318,1.7994,0.3519
6002,3,-6.3386,124.5850,-0.0013,-0.0018,3.8292,3.8292,15.0064,11.5164,2.2519
6003,1,-6.1702,124.5870,-0.0027,0.0014,4.8814,4.8814,20.6369,18.7143,4.2588
6003,2,-6.1702,124.5870,0.0037,-0.0011,2.1406,2.1406,9.0499,3.5989,0.8190
6004,1,-6.0927,124.5870,-0.0026,0.0084,2.2451,2.2451,9.5033,3.9588,0.9031
6004,2,-6.0927,124.5870,0.0002,-0.0018,5.8623,5.8623,24.8146,26.9917,6.1576
6006,1,-5.2491,124.5900,0.0006,0.0058,2.7077,2.7077,11.5278,5.7582,1.3289
6006,2,-5.2491,124.5900,0.0006,0.0005,3.2464,3.2464,13.8214,8.2775,1.9103
6006,3,-5.2491,124.5900,0.0054,-0.0011,2.3449,2.3449,9.9834,4.3187,0.9967
6064,1,-7.2415,124.5630,0.0010,0.0003,6.4928,6.4928,29.7282,33.1098,8.8377
6065,1,-6.7484,124.5650,0.0007,-0.0012,7.6585,7.6585,33.9734,46.0658,11.5419
6066,3,-6.2555,124.5680,0.0002,-0.0004,9.8562,9.8562,39.5401,76.2964,15.6342
6067,1,-5.3337,124.5710,-0.0022,0.0008,6.9693,6.9693,30.4264,38.1483,9.2577
6067,2,-5.3337,124.5710,0.0055,-0.0006,3.9471,3.9471,17.2320,12.2362,2.9694
6079,1,-7.0342,124.5530,0.0007,-0.0005,6.3861,6.3861,28.2146,32.0301,7.9606
6080,1,-6.9557,124.5540,-0.0014,0.0010,4.3870,4.3870,19.1107,15.1154,3.6522
6080,2,-6.9557,124.5540,0.0081,-0.0003,2.1406,2.1406,9.3250,3.5989,0.8696
6081,1,-6.5406,124.5560,-0.0019,0.0003,7.3844,7.3844,31.6761,42.8269,10.0338
6082,1,-6.4631,124.5560,0.0030,-0.0017,5.5821,5.5821,22.9505,24.4726,5.2673
6082,2,-6.4631,124.5560,-0.0031,-0.0021,3.5820,3.5820,14.7271,10.0770,2.1689
6083,1,-6.0475,124.5580,0.0035,-0.0003,4.8814,4.8814,21.2922,18.7143,4.5336
6083,2,-6.0475,124.5580,-0.0037,-0.0003,3.3846,3.3846,14.7635,8.9973,2.1796
6084,1,-5.9693,124.5580,0.0004,0.0005,7.8359,7.8359,34.0319,48.2253,11.5817
6085,1,-5.8006,124.5590,-0.0005,0.0022,5.7039,5.7039,24.9671,25.5522,6.2336
6086,1,-5.7222,124.5600,0.0036,0.0016,5.3729,5.3729,23.5598,22.6729,5.5506
6087,1,-5.6198,124.5600,0.0006,-0.0023,7.5075,7.5075,33.6541,44.2665,11.3260
6088,1,-5.5424,124.5600,-0.0033,0.0036,1.9146,1.9146,8.2584,2.8791,0.6820
6088,2,-5.5424,124.5600,0.0046,-0.0035,5.0656,5.0656,21.8497,20.1538,4.7741
6141,1,-7.4038,124.5280,-0.0029,-0.0031,4.1728,4.1728,18.2976,13.6758,3.3480
6142,1,-5.4965,124.5360,0.0009,0.0022,5.3729,5.3729,23.7171,22.6731,5.6250
6142,2,-5.4965,124.5360,0.0001,-0.0049,2.1406,2.1406,9.4491,3.5989,0.8929
6158,1,-6.0471,124.5100,-0.0012,0.0002,5.1107,5.1107,23.1564,20.5137,5.3622
6159,1,-5.9695,124.5100,0.0011,-0.0004,6.2775,6.2775,27.6979,30.9505,7.6717
6162,1,-7.0345,124.5050,0.0005,0.0006,7.7181,7.7181,35.9300,46.7856,12.9096
6163,1,-6.9556,124.5060,-0.0004,0.0012,7.7773,7.7773,34.6253,47.5054,11.9891
6163,2,-6.9556,124.5060,0.0014,-0.0062,3.8293,3.8293,17.0483,11.5164,2.9064
6164,1,-6.5408,124.5080,0.0001,-0.0004,7.6285,7.6285,32.0807,45.7058,10.2917
6165,1,-6.4627,124.5080,0.0002,0.0022,5.1995,5.1995,22.4273,21.2335,5.0298
6167,1,-5.7219,124.5120,-0.0008,0.0000,6.4574,6.4574,27.6999,32.7498,7.6728
6168,1,-5.6201,124.5130,-0.0039,0.0032,3.3162,3.3162,15.0400,8.6373,2.2620
6168,2,-5.6201,124.5130,0.0029,0.0006,4.9281,4.9281,22.3501,19.0740,4.9953
6168,3,-5.6201,124.5130,-0.0008,-0.0023,3.7077,3.7077,16.8152,10.7966,2.8275
6169,1,-5.5417,124.5130,-0.0016,0.0009,5.7039,5.7039,25.0110,25.5521,6.2555
6231,1,-7.2416,124.4950,0.0007,0.0006,5.9784,5.9784,25.6885,28.0714,6.5990
6232,1,-6.7479,124.4960,-0.0008,-0.0013,5.5820,5.5820,25.4121,24.4725,6.4577
6233,1,-6.2550,124.4980,-0.0028,0.0033,2.4407,2.4407,10.2848,4.6786,1.0578
6233,2,-6.2550,124.4980,0.0065,0.0036,2.3449,2.3449,9.8813,4.3187,0.9764
6234,1,-5.3335,124.5030,-0.0002,-0.0005,4.8342,4.8342,21.2163,18.3543,4.5013
6247,1,-7.4041,124.4750,-0.0002,-0.0030,7.0021,7.0021,29.6515,38.5081,8.7921
6247,2,-7.4041,124.4750,-0.0068,-0.0001,2.4407,2.4407,10.3354,4.6786,1.0682
6248,1,-7.3254,124.4750,-0.0011,0.0012,4.0047,4.0047,17.4760,12.5961,3.0541
6250,1,-7.0799,124.4760,0.0013,0.0047,3.3846,3.3846,14.5065,8.9973,2.1044
6250,2,-7.0799,124.4760,0.0023,-0.0025,5.1107,5.1107,21.9043,20.5137,4.7980
6251,1,-6.9104,124.4760,0.0004,0.0004,8.1512,8.1512,35.2945,52.1838,12.4570
6252,1,-6.8327,124.4770,0.0009,-0.0010,5.1107,5.1107,22.6100,20.5137,5.1121
6254,1,-6.5855,124.4780,-0.0003,0.0003,7.6884,7.6884,35.1347,46.4256,12.3445
6255,1,-6.4166,124.4790,-0.0013,0.0010,7.5985,7.5985,32.0976,45.3461,10.3026
6257,1,-6.1704,124.4800,0.0002,-0.0007,3.5819,3.5819,15.9909,10.0770,2.5571
6258,1,-6.0922,124.4810,-0.0017,-0.0007,6.0166,6.0166,26.4408,28.4313,6.9912
6259,1,-5.9232,124.4830,0.0009,-0.0016,6.6669,6.6669,28.4075,34.9092,8.0699
6260,1,-5.8461,124.4820,-0.0001,0.0000,6.4218,6.4218,28.6691,32.3900,8.2192
6261,1,-5.4970,124.4830,0.0002,0.0002,4.9281,4.9281,21.8316,19.0741,4.7662
6261,2,-5.4970,124.4830,0.0053,-0.0021,1.5136,1.5136,6.7055,1.7994,0.4496
6262,1,-5.4179,124.4840,0.0023,0.0013,4.1728,4.1728,18.3380,13.6758,3.3628
6262,2,-5.4179,124.4840,-0.0054,0.0014,1.5136,1.5136,6.6519,1.7994,0.4425
6263,1,-5.2488,124.4840,-0.0001,0.0001,6.3861,6.3861,27.0094,32.0301,7.2951
6326,1,-5.7607,124.4590,-0.0014,-0.0002,4.6899,4.6899,21.7464,17.2746,4.7291
6327,1,-5.5808,124.4580,0.0002,-0.0035,5.2434,5.2434,22.9215,21.5934,5.2540
6354,1,-7.4029,124.4270,0.0001,0.0022,4.8342,4.8342,21.6805,18.3543,4.7004
6354,2,-7.4029,124.4270,0.0011,-0.0023,1.9146,1.9146,8.5868,2.8791,0.7373
6355,1,-7.3251,124.4270,0.0036,0.0034,3.1021,3.1021,13.6143,7.5577,1.8535
6356,1,-7.1566,124.4280,-0.0005,-0.0006,1.5136,1.5136,6.4984,1.7994,0.4223
6357,1,-7.0790,124.4280,0.0011,-0.0021,4.2274,4.2274,18.6855,14.0356,3.4915
6358,1,-6.9099,124.4290,0.0018,0.0012,6.5978,6.5978,28.5684,34.1896,8.1615
6359,1,-6.8321,124.4290,0.0011,-0.0012,4.5911,4.5911,20.4588,16.5549,4.1856
6360,1,-6.6631,124.4300,0.0002,0.0018,2.6217,2.6217,11.2604,5.3984,1.2680
6360,2,-6.6631,124.4300,-0.0017,-0.0020,4.2812,4.2812,18.3881,14.3955,3.3812
6361,1,-6.5860,124.4310,0.0005,-0.0022,2.9506,2.9506,13.6282,6.8379,1.8573
6362,1,-6.4167,124.4310,-0.0001,0.0003,4.1728,4.1728,18.7231,13.6758,3.5055
6363,1,-6.3374,124.4320,-0.0025,-0.0005,6.7692,6.7692,28.1830,35.9889,7.9428
6363,2,-6.3374,124.4320,0.0049,-0.0005,1.9146,1.9146,7.9714,2.8791,0.6354
6364,1,-6.1700,124.4330,0.0005,-0.0004,6.5280,6.5280,29.2098,33.4697,8.5321
6365,1,-6.0924,124.4330,-0.0004,-0.0017,1.5136,1.5136,6.6637,1.7994,0.4441
6366,1,-5.9235,124.4330,-0.0015,0.0013,5.7836,5.7836,26.8578,26.2718,7.2134
6366,2,-5.9235,124.4330,0.0017,-0.0027,1.9146,1.9146,8.8911,2.8791,0.7905
6367,1,-5.8451,124.4340,0.0034,0.0014,1.9146,1.9146,8.3734,2.8791,0.7011
6368,1,-5.4958,124.4350,-0.0010,-0.0007,3.2464,3.2464,14.4600,8.2775,2.0909
6368,2,-5.4958,124.4350,0.0058,-0.0007,2.7910,2.7910,12.4316,6.1181,1.5454
6369,1,-5.4187,124.4360,0.0011,0.0008,6.7012,6.7012,28.6731,35.2691,8.2215
6370,1,-5.2491,124.4360,-0.0042,0.0012,3.2464,3.2464,14.2290,8.2774,2.0246
6370,2,-5.2491,124.4360,0.0011,-0.0014,3.7689,3.7689,16.5193,11.1566,2.7289
6370,3,-5.2491,124.4360,0.0020,-0.0063,3.1750,3.1750,13.9162,7.9175,1.9366
6427,1,-6.9944,124.4100,-0.0006,-0.0018,3.7689,3.7689,17.4676,11.1565,3.0512
6428,1,-6.5006,124.4120,-0.0018,0.0012,5.4994,5.4994,25.8591,23.7527,6.6869
6436,1,-7.2803,124.3980,-0.0024,-0.0011,4.3344,4.3344,18.9230,14.7555,3.5808
6438,1,-6.7871,124.4000,0.0014,-0.0005,4.9743,4.9743,21.3470,19.4340,4.5569
6438,2,-6.7871,124.4000,-0.0015,-0.0054,4.0615,4.0615,17.4298,12.9560,3.0380
6439,1,-6.7088,124.4010,-0.0002,-0.0003,4.7385,4.7385,21.7479,17.6345,4.7297
6440,1,-6.2936,124.4030,-0.0034,0.0023,3.8293,3.8293,15.8673,11.5165,2.5177
6440,2,-6.2936,124.4030,0.0016,0.0011,1.9146,1.9146,7.9336,2.8791,0.6294
6441,1,-6.2149,124.4040,-0.0016,-0.0029,4.6408,4.6408,19.7168,16.9148,3.8875
6441,2,-6.2149,124.4040,0.0009,-0.0085,2.7077,2.7077,11.5039,5.7582,1.3234
6443,1,-5.9685,124.4040,-0.0012,0.0027,5.1995,5.1995,22.2106,21.2334,4.9331
6444,1,-5.6199,124.4060,0.0000,-0.0018,5.2869,5.2869,25.0901,21.9531,6.2951
6446,1,-5.3727,124.4070,0.0001,-0.0011,5.9013,5.9013,26.5029,27.3516,7.0240
6502,1,-5.8037,124.3680,-0.0002,0.0053,2.5328,2.5328,11.0673,5.0385,1.2249
6502,2,-5.8037,124.3680,-0.0005,-0.0016,5.0656,5.0656,22.1346,20.1539,4.8994
6508,1,-7.2010,124.3510,0.0007,-0.0006,6.1671,6.1671,26.6005,29.8708,7.0759
6509,1,-6.7871,124.3520,0.0029,0.0007,4.4902,4.4902,19.7677,15.8350,3.9076
6510,1,-6.7083,124.3540,-0.0007,-0.0001,4.2274,4.2274,20.0412,14.0357,4.0165
6510,2,-6.7083,124.3540,0.0033,0.0002,2.5328,2.5328,12.0075,5.0384,1.4418
6511,1,-6.2931,124.3560,0.0009,-0.0015,6.9694,6.9694,29.0972,38.1483,8.4665
6513,1,-6.0458,124.3560,-0.0002,-0.0016,6.2409,6.2409,27.1398,30.5906,7.3657
6514,1,-5.9685,124.3560,-0.0010,-0.0014,6.7692,6.7692,29.0742,35.9890,8.4531
6515,1,-5.6189,124.3580,-0.0017,-0.0001,6.6669,6.6669,29.3376,34.9093,8.6069
6516,1,-5.5411,124.3580,0.0029,-0.0023,4.6407,4.6407,19.1696,16.9147,3.6747
6517,1,-5.3720,124.3590,-0.0031,-0.0038,2.3449,2.3449,10.4542,4.3187,1.0929
6518,1,-5.2944,124.3590,-0.0030,0.0026,2.9506,2.9506,12.7707,6.8379,1.6309
6518,2,-5.2944,124.3590,0.0020,0.0003,2.1406,2.1406,9.2648,3.5989,0.8584
6566,1,-6.9942,124.3410,0.0016,0.0052,2.4407,2.4407,10.7640,4.6785,1.1586
6567,1,-6.5009,124.3440,0.0011,0.0033,4.7385,4.7385,20.2580,17.6346,4.1039
6567,2,-6.5009,124.3440,0.0001,-0.0065,2.2451,2.2451,9.5983,3.9588,0.9213
6581,1,-7.4028,124.3210,-0.0001,0.0003,2.5328,2.5328,10.9435,5.0384,1.1976
6581,2,-7.4028,124.3210,-0.0060,-0.0008,2.7077,2.7077,11.6991,5.7582,1.3687
6582,1,-7.3242,124.3200,-0.0005,0.0012,2.5328,2.5328,11.2407,5.0384,1.2635
6583,1,-7.1560,124.3220,0.0044,0.0036,3.1020,3.1020,13.4491,7.5577,1.8088
6583,2,-7.1560,124.3220,-0.0014,-0.0027,5.5409,5.5409,24.0227,24.1126,5.7709
6586,1,-6.8316,124.3230,-0.0022,0.0009,5.7039,5.7039,24.3040,25.5522,5.9068
6587,1,-6.6628,124.3230,-0.0062,0.0001,2.8720,2.8720,12.3040,6.4780,1.5139
6587,2,-6.6628,124.3230,-0.0012,-0.0009,2.7077,2.7077,11.6003,5.7582,1.3457
6589,1,-6.4160,124.3250,0.0001,0.0039,4.4902,4.4902,20.0456,15.8351,4.0183
6589,2,-6.4160,124.3250,0.0028,-0.0038,3.1751,3.1751,14.1744,7.9176,2.0091
6591,1,-5.4951,124.3290,-0.0011,0.0013,8.8260,8.8260,38.8730,61.1811,15.1111
6592,1,-5.4182,124.3290,0.0005,0.0005,5.4993,5.4993,23.7712,23.7527,5.6507
6592,2,-5.4182,124.3290,0.0053,-0.0064,2.3449,2.3449,10.1361,4.3187,1.0274
6593,1,-5.2481,124.3300,0.0000,0.0024,3.1751,3.1751,13.0744,7.9175,1.7094
6593,2,-5.2481,124.3300,0.0000,-0.0043,2.7910,2.7910,11.4930,6.1181,1.3209
6614,1,-5.8039,124.3210,0.0012,-0.0027,3.5174,3.5174,16.0817,9.7170,2.5862
6615,1,-5.7253,124.3200,-0.0004,0.0006,2.2451,2.2451,9.7802,3.9588,0.9565
6615,2,-5.7253,124.3200,-0.0015,-0.0044,5.7039,5.7039,24.8474,25.5522,6.1739
6637,1,-5.5802,124.3050,-0.0041,0.0033,2.6217,2.6217,11.7095,5.3984,1.3711
6637,2,-5.5802,124.3050,-0.0007,0.0002,4.3870,4.3870,19.5937,15.1154,3.8391
6663,1,-7.4025,124.2730,-0.0022,-0.0018,4.5911,4.5911,19.2373,16.5550,3.7007
6665,1,-7.1559,124.2740,0.0025,-0.0003,5.8231,5.8231,24.5580,26.6317,6.0310
6666,1,-7.0776,124.2740,-0.0019,0.0026,6.0923,6.0923,26.7971,29.1510,7.1808
6667,1,-6.9093,124.2750,0.0014,0.0028,3.5174,3.5174,15.1911,9.7170,2.3077
6668,1,-6.8312,124.2760,-0.0019,-0.0006,5.0656,5.0656,22.4612,20.1538,5.0451
6669,1,-6.6630,124.2760,0.0022,-0.0030,4.0047,4.0047,17.8053,12.5961,3.1703
6670,1,-6.5850,124.2770,0.0003,0.0003,6.4928,6.4928,27.9818,33.1099,7.8298
6671,1,-6.4163,124.2770,-0.0005,0.0017,6.8700,6.8700,30.6279,37.0685,9.3807
6672,1,-6.3370,124.2770,-0.0028,0.0014,5.1996,5.1996,21.9911,21.2336,4.8361
6673,1,-5.4951,124.2820,-0.0020,0.0030,1.9146,1.9146,8.1923,2.8791,0.6711
6673,2,-5.4951,124.2820,0.0009,-0.0023,5.1553,5.1553,22.0585,20.8736,4.8658
6674,1,-5.4177,124.2820,0.0011,-0.0002,2.5328,2.5328,10.5118,5.0385,1.1050
6675,1,-5.2486,124.2830,0.0009,-0.0002,5.8623,5.8623,24.9171,26.9917,6.2086
6715,1,-5.8037,124.2230,-0.0039,0.0039,3.8886,3.8886,16.8304,11.8764,2.8326
6716,1,-5.7251,124.2230,-0.0006,0.0015,3.6453,3.6453,15.9007,10.4367,2.5283
6767,1,-5.9724,124.1890,0.0002,0.0004,8.5088,8.5088,36.7796,56.8624,13.5274
6768,1,-5.8944,124.1910,0.0023,-0.0004,2.5328,2.5328,11.4332,5.0384,1.3072
6768,2,-5.8944,124.1910,-0.0056,-0.0009,2.7077,2.7077,12.2226,5.7582,1.4939
6787,1,-5.8031,124.1760,0.0014,-0.0011,6.2041,6.2041,27.2406,30.2307,7.4205
6788,1,-5.7248,124.1750,0.0002,-0.0004,4.0047,4.0047,17.8377,12.5962,3.1818
6791,1,-6.1701,124.1680,0.0000,-0.0005,7.2907,7.2907,31.6228,41.7472,10.0000
6792,1,-6.0922,124.1690,0.0014,0.0007,6.5978,6.5978,28.8296,34.1894,8.3115
6792,2,-6.0922,124.1690,-0.0048,-0.0015,1.5136,1.5136,6.6140,1.7994,0.4374
6811,1,-7.1890,124.1530,0.0016,0.0048,2.3449,2.3449,10.3742,4.3187,1.0762
6812,1,-7.1118,124.1530,-0.0039,-0.0019,2.7077,2.7077,11.5326,5.7582,1.3300
6813,1,-6.9429,124.1540,-0.0025,-0.0007,3.8293,3.8293,16.5309,11.5164,2.7327
6813,2,-6.9429,124.1540,-0.0045,-0.0049,2.7910,2.7910,12.0489,6.1182,1.4518
6814,1,-6.8651,124.1540,0.0034,-0.0003,5.5409,5.5409,24.5573,24.1126,6.0306
6815,1,-6.6961,124.1560,0.0011,-0.0026,3.3846,3.3846,15.3937,8.9972,2.3697
6816,1,-6.6178,124.1550,0.0012,0.0047,1.9146,1.9146,8.6711,2.8791,0.7519
6816,2,-6.6178,124.1550,0.0003,-0.0008,3.9471,3.9471,17.8759,12.2362,3.1955
6859,1,-5.9721,124.1410,0.0001,-0.0018,4.8342,4.8342,21.3296,18.3544,4.5495
6860,1,-5.8940,124.1420,-0.0023,-0.0001,3.9471,3.9471,17.3923,12.2363,3.0249
6861,1,-5.3782,124.1440,0.0000,0.0001,6.2041,6.2041,27.1926,30.2307,7.3944
6862,1,-5.2992,124.1450,0.0004,0.0068,3.1021,3.1021,13.2013,7.5577,1.7427
6862,2,-5.2992,124.1450,-0.0035,0.0035,4.4902,4.4902,19.1088,15.8352,3.6515
6862,3,-5.2992,124.1450,0.0004,-0.0032,5.1553,5.1553,21.9392,20.8736,4.8133
6884,1,-6.1701,124.1210,0.0007,0.0010,4.8342,4.8342,20.8514,18.3543,4.3478
6884,2,-6.1701,124.1210,-0.0052,-0.0001,1.9146,1.9146,8.2584,2.8791,0.6820
6885,1,-6.0925,124.1210,0.0001,0.0036,3.3846,3.3846,14.3503,8.9972,2.0593
6885,2,-6.0925,124.1210,0.0022,-0.0020,4.6899,4.6899,19.8843,17.2746,3.9539
6906,1,-7.1888,124.1050,-0.0023,0.0005,3.3846,3.3846,14.6742,8.9972,2.1533
6907,1,-7.1115,124.1050,-0.0004,-0.0014,2.6217,2.6217,11.6458,5.3984,1.3562
6908,1,-6.9418,124.1060,-0.0006,0.0039,4.4902,4.4902,20.8104,15.8352,4.3307
6908,2,-6.9418,124.1060,-0.0002,-0.0015,4.8342,4.8342,22.4047,18.3544,5.0197
6911,1,-6.6183,124.1080,0.0030,0.0037,1.9146,1.9146,8.3881,2.8791,0.7036
6911,2,-6.6183,124.1080,-0.0007,-0.0009,5.1107,5.1107,22.3902,20.5138,5.0132
6945,1,-5.7945,124.0830,-0.0019,0.0031,2.9507,2.9507,13.0539,6.8379,1.7040
6945,2,-5.7945,124.0830,0.0020,-0.0024,4.6899,4.6899,20.7483,17.2746,4.3049
6946,1,-5.6746,124.0840,0.0002,-0.0053,2.3449,2.3449,10.1622,4.3187,1.0327
6947,1,-5.5963,124.0840,-0.0023,-0.0009,4.1176,4.1176,17.5814,13.3159,3.0911
6948,1,-5.4760,124.0840,0.0021,-0.0015,3.7689,3.7689,16.2428,11.1565,2.6383
6949,1,-5.3983,124.0850,0.0014,-0.0007,6.5630,6.5630,27.9881,33.8296,7.8333
6965,1,-6.9879,124.0770,-0.0005,0.0007,4.7866,4.7866,21.9687,17.9944,4.8262
6966,1,-6.5726,124.0780,0.0003,-0.0018,2.6217,2.6217,11.6881,5.3983,1.3661
6967,1,-6.4945,124.0790,-0.0018,0.0003,4.8342,4.8342,21.1141,18.3544,4.4581
6968,1,-6.3258,124.0800,-0.0009,-0.0006,7.6585,7.6585,29.8661,46.0657,8.9198
6969,1,-6.2482,124.0810,-0.0022,0.0008,7.1318,7.1318,30.2629,39.9478,9.1584
6969,2,-6.2482,124.0810,0.0033,0.0009,1.9146,1.9146,8.1244,2.8791,0.6601
7045,1,-6.9883,124.0290,0.0017,0.0012,6.5280,6.5280,29.6763,33.4697,8.8068
7047,1,-5.8725,124.0350,0.0020,-0.0017,2.5328,2.5328,11.0383,5.0384,1.2184
7047,2,-5.8725,124.0350,-0.0074,-0.0045,1.5136,1.5136,6.5967,1.7994,0.4352
7049,1,-5.6742,124.0360,0.0006,0.0003,5.6635,5.6635,24.8015,25.1923,6.1511
7050,1,-5.5955,124.0360,0.0012,0.0013,5.6635,5.6635,23.5983,25.1922,5.5688
7052,1,-5.3977,124.0370,-0.0009,-0.0013,6.8366,6.8366,29.1305,36.7087,8.4859
7053,1,-5.2773,124.0370,-0.0067,0.0048,3.3846,3.3846,14.4882,8.9972,2.0991
7075,1,-6.3254,124.0320,-0.0021,-0.0010,4.6408,4.6408,18.5356,16.9148,3.4357
7076,1,-6.2475,124.0320,-0.0020,-0.0006,4.0615,4.0615,16.5145,12.9561,2.7273
7087,1,-7.2727,124.0170,-0.0011,0.0006,7.5379,7.5379,33.4233,44.6263,11.1712
7094,1,-6.7802,124.0200,0.0003,0.0004,4.2274,4.2274,18.8982,14.0356,3.5714
7151,1,-7.3574,123.9980,0.0007,0.0013,4.4902,4.4902,20.2595,15.8351,4.1045
7152,1,-7.1886,123.9980,-0.0007,-0.0001,4.5409,4.5409,19.6452,16.1950,3.8593
7152,2,-7.1886,123.9980,0.0028,-0.0067,1.5136,1.5136,6.5484,1.7994,0.4288
7153,1,-7.1111,123.9990,0.0032,0.0019,1.9146,1.9146,8.3588,2.8791,0.6987
7154,1,-6.9417,124.0000,0.0008,-0.0001,6.7692,6.7692,29.8010,35.9889,8.8810
7155,1,-6.8645,124.0000,0.0019,0.0031,3.1021,3.1021,13.6384,7.5577,1.8601
7157,1,-6.6173,124.0020,0.0004,0.0005,5.0656,5.0656,21.5666,20.1539,4.6512
7158,1,-6.4494,124.0020,0.0028,0.0030,2.6217,2.6217,11.6881,5.3983,1.3661
7159,1,-6.3705,124.0030,-0.0007,-0.0016,7.5682,7.5682,32.7842,44.9860,10.7480
7160,1,-6.2025,124.0040,-0.0001,0.0037,1.9146,1.9146,8.5631,2.8791,0.7333
7161,1,-6.1239,124.0040,0.0002,0.0014,6.5630,6.5630,28.4543,33.8296,8.0965
7173,1,-5.7730,123.9760,-0.0007,0.0020,1.5136,1.5136,6.8680,1.7994,0.4717
7173,2,-5.7730,123.9760,0.0038,-0.0001,2.3449,2.3449,10.6399,4.3187,1.1321
7174,1,-5.6953,123.9760,0.0032,0.0031,1.5136,1.5136,6.6519,1.7994,0.4425
7174,2,-5.6953,123.9760,0.0037,-0.0023,3.7077,3.7077,16.2938,10.7967,2.6549
7177,1,-5.3769,123.9780,0.0010,0.0005,5.1996,5.1996,22.8906,21.2335,5.2398
7178,1,-5.2986,123.9780,0.0002,-0.0042,3.6454,3.6454,16.4861,10.4368,2.7179
7233,1,-7.1883,123.9510,-0.0010,0.0005,2.9506,2.9506,12.4795,6.8379,1.5574
7235,1,-6.8644,123.9530,0.0009,-0.0001,3.6454,3.6454,16.1709,10.4368,2.6150
7236,1,-7.1107,123.9520,0.0014,0.0006,3.7690,3.7690,16.8798,11.1566,2.8493
7237,1,-6.6952,123.9530,-0.0005,-0.0024,5.8623,5.8623,26.1593,26.9917,6.8431
7239,1,-6.4491,123.9540,-0.0009,-0.0004,2.1406,2.1406,9.2808,3.5989,0.8613
7241,1,-6.2017,123.9560,-0.0060,0.0009,3.2464,3.2464,13.6358,8.2775,1.8594
7241,2,-6.2017,123.9560,-0.0025,0.0000,2.7077,2.7077,11.3730,5.7582,1.2935
7241,3,-6.2017,123.9560,0.0002,-0.0055,5.1107,5.1107,21.4661,20.5137,4.6079
7242,1,-6.1236,123.9560,-0.0015,0.0015,5.8231,5.8231,25.3229,26.6319,6.4125
7242,2,-6.1236,123.9560,-0.0001,-0.0047,5.0202,5.0202,21.8312,19.7938,4.7660
