file,recipe,n_img,n_composite,n_failed,status,nominal_um,measured_median_um
NXP-SAF85443B1-0R001BK508573860A__116522118__22_merged_all.xlsx,NXP-SAF85443B1-0R001BK508573860A,0,0,0,no_image,,
NXP-SAF85443B1-0R001BK508573860A__116522136__1_merged_all.xlsx,NXP-SAF85443B1-0R001BK508573860A,0,0,0,no_image,,79.2
NXP-SAF85443B1-0R001BK508573860A__118222008 SGA__1_merged_all.xlsx,NXP-SAF85443B1-0R001BK508573860A,5,5,0,all_pass,80,81.5
NXP-SAF85443B1-0R001BK508573860A__119012058__15_merged_all.xlsx,NXP-SAF85443B1-0R001BK508573860A,0,0,0,no_image,,
NXP-SAF85443B1-0R001BK508573860A__120082012 SFS__1_merged_all.xlsx,NXP-SAF85443B1-0R001BK508573860A,5,5,0,all_pass,80,80.4
NXP-SAF85443B1-0R001BK508573860A__120082012 SFS__2_merged_all.xlsx,NXP-SAF85443B1-0R001BK508573860A,5,5,0,all_pass,80,80.6
NXP-SAF85443B1-0R001BK508573860A__120082013 SVG__1_merged_all.xlsx,NXP-SAF85443B1-0R001BK508573860A,5,5,0,all_pass,80,80.3
NXP-SAF85443B1-0R001BK508573860A__121162015 MLT__1_merged_all.xlsx,NXP-SAF85443B1-0R001BK508573860A,5,5,0,all_pass,80,79.5
NXP-SAF85443B1-0R001BK508573860A__123112007__1_merged_all.xlsx,NXP-SAF85443B1-0R001BK508573860A,5,5,0,all_pass,80,79.9
NXP-SAF85443B1-0R001BK508573860A__123382006__1_merged_all.xlsx,NXP-SAF85443B1-0R001BK508573860A,0,0,0,no_image,,
NXP-SAF85443B1-0R001BK508573860A__124322014__1_merged_all.xlsx,NXP-SAF85443B1-0R001BK508573860A,0,0,0,no_image,,79.9
NXP-SAF85443B1-0R001BK508573860A__124322126__1_merged_all.xlsx,NXP-SAF85443B1-0R001BK508573860A,5,0,5,all_fail,80,
NXP-SAF85443B1-0R001BK508573860A__125132021__1_merged_all.xlsx,NXP-SAF85443B1-0R001BK508573860A,0,0,0,no_image,,79.5
NXP-SAF85443B1-0R001BK508573860A__125152032 MLP__1_merged_all.xlsx,NXP-SAF85443B1-0R001BK508573860A,5,5,0,all_pass,80,79.6
NXP-SAF85443B1-0R001BK508573860A__125332008__1_merged_all.xlsx,NXP-SAF85443B1-0R001BK508573860A,5,5,0,all_pass,80,79.3
NXP-SAF85443B1-0R001BK508573860A__125342025__5_merged_all.xlsx,NXP-SAF85443B1-0R001BK508573860A,0,0,0,no_image,,
NXP-SAF85443B1-0R001BK508573860A__126042048 SVD__1_merged_all.xlsx,NXP-SAF85443B1-0R001BK508573860A,5,5,0,all_pass,80,80.8
NXP-SAF85443B1-0R001BK508573860A__126163047__1_merged_all.xlsx,NXP-SAF85443B1-0R001BK508573860A,5,5,0,all_pass,80,80.1
NXP-SAF85443B1-0R001BK508573860A__126163065__1_merged_all.xlsx,NXP-SAF85443B1-0R001BK508573860A,0,0,0,no_image,,
NXP-SAF85443B1-0R001BK508573860A__126163093_3367__17_merged_all.xlsx,NXP-SAF85443B1-0R001BK508573860A,5,0,5,all_fail,80,
NXP-SAF85443B1-0R001BK508573860A__126173002__1_merged_all.xlsx,NXP-SAF85443B1-0R001BK508573860A,0,0,0,no_image,,79.0
NXP-SAF85443B1-0R001BK508573860A__126173027 SFW__1_merged_all.xlsx,NXP-SAF85443B1-0R001BK508573860A,5,5,0,all_pass,80,81.2
NXP-SAF85443B1-0R001BK508573860A__126173042__1_merged_all.xlsx,NXP-SAF85443B1-0R001BK508573860A,5,5,0,all_pass,80,79.9
NXP-SAF85443B1-0R001BK508573860A__126173050__1_merged_all.xlsx,NXP-SAF85443B1-0R001BK508573860A,0,0,0,no_image,,
NXP-SAF85443B1-0R001BK508573860A__126173092 SKS__1_merged_all.xlsx,NXP-SAF85443B1-0R001BK508573860A,5,0,5,all_fail,80,
NXP-SAF85443B1-0R001BK508573860A__126173092__1_merged_all.xlsx,NXP-SAF85443B1-0R001BK508573860A,0,0,0,no_image,,
NXP-SAF85443B1-0R001BK508573860A__126183024__1_merged_all.xlsx,NXP-SAF85443B1-0R001BK508573860A,0,0,0,no_image,,
NXP-SAF85443B1-0R001BK508573860A__126193043 LXW__1_merged_all.xlsx,NXP-SAF85443B1-0R001BK508573860A,5,0,5,all_fail,80,
NXP-SAF85443B1-0R001BK508573860A__126193044 SVF__1_merged_all.xlsx,NXP-SAF85443B1-0R001BK508573860A,5,5,0,all_pass,80,80.3
NXP-SAF85443B1-0R001BK508573860A__126193055__2_merged_all.xlsx,NXP-SAF85443B1-0R001BK508573860A,0,0,0,no_image,,
NXP-SAF85443B1-0R001BK508573860A__126193055__4_merged_all.xlsx,NXP-SAF85443B1-0R001BK508573860A,0,0,0,no_image,,
NXP-SAF85443B1-0R001BK508573860A__126193091__1_merged_all.xlsx,NXP-SAF85443B1-0R001BK508573860A,0,0,0,no_image,,80.5
NXP-SAF85443B1-0R001BK508573860A__126203054 VYD__2_merged_all.xlsx,NXP-SAF85443B1-0R001BK508573860A,5,5,0,all_pass,80,78.5
NXP-SAF85443B1-0R001BK508573860A__126213128__1_merged_all.xlsx,NXP-SAF85443B1-0R001BK508573860A,5,5,0,all_pass,80,80.4
NXP-SAF85443B1-0R001BK508573860A__126213131__1_merged_all.xlsx,NXP-SAF85443B1-0R001BK508573860A,5,5,0,all_pass,80,79.1
NXP-SAF85443B1-0R001BK508573860A__126213135__1_merged_all.xlsx,NXP-SAF85443B1-0R001BK508573860A,5,0,5,all_fail,80,
NXP-SAF85443B1-0R001BK508573860A__126213135__2_merged_all.xlsx,NXP-SAF85443B1-0R001BK508573860A,5,0,5,all_fail,80,
NXP-SAF85443B1-0R001BK508573860A__126213135__3_merged_all.xlsx,NXP-SAF85443B1-0R001BK508573860A,5,0,5,all_fail,80,
NXP-SAF85443B1-0R001BK508573860A__126213172__1_merged_all.xlsx,NXP-SAF85443B1-0R001BK508573860A,0,0,0,no_image,,79.9
NXP-SAF85443B1-0R001BK508573860A__225399012__10_merged_all.xlsx,NXP-SAF85443B1-0R001BK508573860A,0,0,0,no_image,,
NXP-SAF85443B1-0R001BK508573860A__225399012__9_merged_all.xlsx,NXP-SAF85443B1-0R001BK508573860A,0,0,0,no_image,,
NXP-SAF85443B1-0R001BK508573860A__BAC__1_merged_all.xlsx,NXP-SAF85443B1-0R001BK508573860A,5,0,5,all_fail,80,
NXP-SAF85443B1-0R001BK508573860A__BLN__1_merged_all.xlsx,NXP-SAF85443B1-0R001BK508573860A,5,0,5,all_fail,80,
NXP-SAF85443B1-0R001BK508573860A__BLP__1_merged_all.xlsx,NXP-SAF85443B1-0R001BK508573860A,5,0,5,all_fail,80,
NXP-SAF85443B1-0R001BK508573860A__DTX__1_merged_all.xlsx,NXP-SAF85443B1-0R001BK508573860A,5,0,5,all_fail,80,
NXP-SAF85443B1-0R001BK508573860A__DTY__1_merged_all.xlsx,NXP-SAF85443B1-0R001BK508573860A,5,0,5,all_fail,80,
NXP-SAF85443B1-0R001BK508573860A__LLM__1_merged_all.xlsx,NXP-SAF85443B1-0R001BK508573860A,5,5,0,all_pass,80,80.6
NXP-SAF85443B1-0R001BK508573860A__LLM__6_merged_all.xlsx,NXP-SAF85443B1-0R001BK508573860A,5,5,0,all_pass,80,80.8
NXP-SAF85443B1-0R001BK508573860A__MBL__17_merged_all.xlsx,NXP-SAF85443B1-0R001BK508573860A,5,0,5,all_fail,80,
NXP-SAF85443B1-0R001BK508573860A__MBL__1_merged_all.xlsx,NXP-SAF85443B1-0R001BK508573860A,5,0,5,all_fail,80,
NXP-SAF85443B1-0R001BK508573860A__MBL__2_merged_all.xlsx,NXP-SAF85443B1-0R001BK508573860A,5,0,5,all_fail,80,
NXP-SAF85443B1-0R001BK508573860A__MLL__1_merged_all.xlsx,NXP-SAF85443B1-0R001BK508573860A,5,5,0,all_pass,80,80.7
NXP-SAF85443B1-0R001BK508573860A__MLM__1_merged_all.xlsx,NXP-SAF85443B1-0R001BK508573860A,5,5,0,all_pass,80,79.8
NXP-SAF85443B1-0R001BK508573860A__MLS__1_merged_all.xlsx,NXP-SAF85443B1-0R001BK508573860A,5,5,0,all_pass,80,80.1
NXP-SAF85443B1-0R001BK508573860A__MLV__1_merged_all.xlsx,NXP-SAF85443B1-0R001BK508573860A,5,5,0,all_pass,80,80.5
NXP-SAF85443B1-0R001BK508573860A__MLW__1_merged_all.xlsx,NXP-SAF85443B1-0R001BK508573860A,0,0,0,no_image,,
NXP-SAF85443B1-0R001BK508573860A__MLX__1_merged_all.xlsx,NXP-SAF85443B1-0R001BK508573860A,5,5,0,all_pass,80,80.2
NXP-SAF85443B1-0R001BK508573860A__MLX__2_merged_all.xlsx,NXP-SAF85443B1-0R001BK508573860A,5,5,0,all_pass,80,80.4
NXP-SAF85443B1-0R001BK508573860A__MMH__1_merged_all.xlsx,NXP-SAF85443B1-0R001BK508573860A,5,5,0,all_pass,80,81.3
NXP-SAF85443B1-0R001BK508573860A__MML__1_merged_all.xlsx,NXP-SAF85443B1-0R001BK508573860A,5,5,0,all_pass,80,79.3
NXP-SAF85443B1-0R001BK508573860A__MMN__3_merged_all.xlsx,NXP-SAF85443B1-0R001BK508573860A,5,5,0,all_pass,80,79.5
NXP-SAF85443B1-0R001BK508573860A__MMN__5_merged_all.xlsx,NXP-SAF85443B1-0R001BK508573860A,5,5,0,all_pass,80,80.0
NXP-SAF85443B1-0R001BK508573860A__MTB__1_merged_all.xlsx,NXP-SAF85443B1-0R001BK508573860A,5,0,5,all_fail,80,
NXP-SAF85443B1-0R001BK508573860A__MXY__6_merged_all.xlsx,NXP-SAF85443B1-0R001BK508573860A,5,0,5,all_fail,80,
NXP-SAF85443B1-0R001BK508573860A__NNB__1_merged_all.xlsx,NXP-SAF85443B1-0R001BK508573860A,0,0,0,no_image,,
NXP-SAF85443B1-0R001BK508573860A__NNB__4_merged_all.xlsx,NXP-SAF85443B1-0R001BK508573860A,5,5,0,all_pass,80,80.1
NXP-SAF85443B1-0R001BK508573860A__NNC__17_merged_all.xlsx,NXP-SAF85443B1-0R001BK508573860A,5,5,0,all_pass,80,80.3
NXP-SAF85443B1-0R001BK508573860A__NNC__1_merged_all.xlsx,NXP-SAF85443B1-0R001BK508573860A,5,5,0,all_pass,80,80.2
NXP-SAF85443B1-0R001BK508573860A__NNC__2_merged_all.xlsx,NXP-SAF85443B1-0R001BK508573860A,5,5,0,all_pass,80,79.2
NXP-SAF85443B1-0R001BK508573860A__NNH__1_merged_all.xlsx,NXP-SAF85443B1-0R001BK508573860A,5,5,0,all_pass,80,80.4
NXP-SAF85443B1-0R001BK508573860A__NNK__4_merged_all.xlsx,NXP-SAF85443B1-0R001BK508573860A,5,5,0,all_pass,80,79.5
NXP-SAF85443B1-0R001BK508573860A__NNK__5_merged_all.xlsx,NXP-SAF85443B1-0R001BK508573860A,5,5,0,all_pass,80,80.1
NXP-SAF85443B1-0R001BK508573860A__NNK__6_merged_all.xlsx,NXP-SAF85443B1-0R001BK508573860A,5,5,0,all_pass,80,79.6
NXP-SAF85443B1-0R001BK508573860A__NNK__7_merged_all.xlsx,NXP-SAF85443B1-0R001BK508573860A,5,5,0,all_pass,80,80.1
NXP-SAF85443B1-0R001BK508573860A__NXP__1_merged_all.xlsx,NXP-SAF85443B1-0R001BK508573860A,5,5,0,all_pass,80,80.7
NXP-SAF85443B1-0R001BK508573860A__NXP__2_merged_all.xlsx,NXP-SAF85443B1-0R001BK508573860A,5,5,0,all_pass,80,80.3
NXP-SAF85443B1-0R001BK508573860A__NXP__3_merged_all.xlsx,NXP-SAF85443B1-0R001BK508573860A,5,5,0,all_pass,80,80.7
NXP-SAF85443B1-0R001BK508573860A__PAT__1_merged_all.xlsx,NXP-SAF85443B1-0R001BK508573860A,5,5,0,all_pass,80,80.5
NXP-SAF85443B1-0R001BK508573860A__PAU__1_merged_all.xlsx,NXP-SAF85443B1-0R001BK508573860A,5,5,0,all_pass,80,80.2
NXP-SAF85443B1-0R001BK508573860A__PDL__1_merged_all.xlsx,NXP-SAF85443B1-0R001BK508573860A,5,0,5,all_fail,80,
NXP-SAF85443B1-0R001BK508573860A__PDL__2_merged_all.xlsx,NXP-SAF85443B1-0R001BK508573860A,5,0,5,all_fail,80,
NXP-SAF85443B1-0R001BK508573860A__PDL__3_merged_all.xlsx,NXP-SAF85443B1-0R001BK508573860A,5,0,5,all_fail,80,
NXP-SAF85443B1-0R001BK508573860A__PDM__8_merged_all.xlsx,NXP-SAF85443B1-0R001BK508573860A,0,0,0,no_image,,
NXP-SAF85443B1-0R001BK508573860A__PKK__14_merged_all.xlsx,NXP-SAF85443B1-0R001BK508573860A,5,0,5,all_fail,80,
NXP-SAF85443B1-0R001BK508573860A__PTT__1_merged_all.xlsx,NXP-SAF85443B1-0R001BK508573860A,5,0,5,all_fail,80,
NXP-SAF85443B1-0R001BK508573860A__PWH__1_merged_all.xlsx,NXP-SAF85443B1-0R001BK508573860A,5,0,5,all_fail,80,
NXP-SAF85443B1-0R001BK508573860A__SFV__1_merged_all.xlsx,NXP-SAF85443B1-0R001BK508573860A,5,5,0,all_pass,80,80.7
NXP-SAF85443B1-0R001BK508573860A__SFY__1_merged_all.xlsx,NXP-SAF85443B1-0R001BK508573860A,5,5,0,all_pass,80,80.5
NXP-SAF85443B1-0R001BK508573860A__SGB__1_merged_all.xlsx,NXP-SAF85443B1-0R001BK508573860A,5,5,0,all_pass,80,80.5
NXP-SAF85443B1-0R001BK508573860A__SGD__8_merged_all.xlsx,NXP-SAF85443B1-0R001BK508573860A,5,0,5,all_fail,80,
NXP-SAF85443B1-0R001BK508573860A__SGG__13_merged_all.xlsx,NXP-SAF85443B1-0R001BK508573860A,5,0,5,all_fail,80,
NXP-SAF85443B1-0R001BK508573860A__SGM__1_merged_all.xlsx,NXP-SAF85443B1-0R001BK508573860A,5,0,5,all_fail,80,
NXP-SAF85443B1-0R001BK508573860A__SNK__3_merged_all.xlsx,NXP-SAF85443B1-0R001BK508573860A,10,0,10,all_fail,80,
NXP-SAF85443B1-0R001BK508573860A__SUT__1_merged_all.xlsx,NXP-SAF85443B1-0R001BK508573860A,5,0,5,all_fail,80,
NXP-SAF85443B1-0R001BK508573860A__SUX__5_merged_all.xlsx,NXP-SAF85443B1-0R001BK508573860A,5,5,0,all_pass,80,81.0
NXP-SAF85443B1-0R001BK508573860A__SUX__6_merged_all.xlsx,NXP-SAF85443B1-0R001BK508573860A,5,5,0,all_pass,80,81.2
NXP-SAF85443B1-0R001BK508573860A__SUX__7_merged_all.xlsx,NXP-SAF85443B1-0R001BK508573860A,5,5,0,all_pass,80,80.7
NXP-SAF85443B1-0R001BK508573860A__SUY__1_merged_all.xlsx,NXP-SAF85443B1-0R001BK508573860A,5,5,0,all_pass,80,79.4
NXP-SAF85443B1-0R001BK508573860A__SVA1__1_merged_all.xlsx,NXP-SAF85443B1-0R001BK508573860A,0,0,0,no_image,,
NXP-SAF85443B1-0R001BK508573860A__SVARE__1_merged_all.xlsx,NXP-SAF85443B1-0R001BK508573860A,0,0,0,no_image,,
NXP-SAF85443B1-0R001BK508573860A__SVA__1_merged_all.xlsx,NXP-SAF85443B1-0R001BK508573860A,5,5,0,all_pass,80,79.7
NXP-SAF85443B1-0R001BK508573860A__SVB__1_merged_all.xlsx,NXP-SAF85443B1-0R001BK508573860A,5,5,0,all_pass,80,80.9
NXP-SAF85443B1-0R001BK508573860A__TDC__1_merged_all.xlsx,NXP-SAF85443B1-0R001BK508573860A,5,5,0,all_pass,80,79.9
NXP-SAF85443B1-0R001BK508573860A__TDD__1_merged_all.xlsx,NXP-SAF85443B1-0R001BK508573860A,5,5,0,all_pass,80,80.6
NXP-SAF85443B1-0R001BK508573860A__TGT__1_merged_all.xlsx,NXP-SAF85443B1-0R001BK508573860A,5,0,5,all_fail,80,
NXP-SAF85443B1-0R001BK508573860A__TKD__1_merged_all.xlsx,NXP-SAF85443B1-0R001BK508573860A,5,0,5,all_fail,80,
NXP-SAF85443B1-0R001BK508573860A__TXN__1_merged_all.xlsx,NXP-SAF85443B1-0R001BK508573860A,5,0,5,all_fail,80,
NXP-SAF85443B1-0R001BK508573860A__UUP__1_merged_all.xlsx,NXP-SAF85443B1-0R001BK508573860A,5,5,0,all_pass,80,81.2
NXP-SAF85443B1-0R001BK508573860A__UUS__5_merged_all.xlsx,NXP-SAF85443B1-0R001BK508573860A,5,5,0,all_pass,80,80.9
NXP-SAF85443B1-0R001BK508573860A__UUS__6_merged_all.xlsx,NXP-SAF85443B1-0R001BK508573860A,5,5,0,all_pass,80,80.0
NXP-SAF85443B1-0R001BK508573860A__UWK__1_merged_all.xlsx,NXP-SAF85443B1-0R001BK508573860A,5,5,0,all_pass,80,78.7
NXP-SAF85443B1-0R001BK508573860A__VFB__1_merged_all.xlsx,NXP-SAF85443B1-0R001BK508573860A,5,5,0,all_pass,80,80.4
NXP-SAF85443B1-0R001BK508573860A__VKA__1_merged_all.xlsx,NXP-SAF85443B1-0R001BK508573860A,5,0,5,all_fail,80,
NXP-SAF85443B1-0R001BK508573860A__VKN__1_merged_all.xlsx,NXP-SAF85443B1-0R001BK508573860A,5,0,5,all_fail,80,
NXP-SAF85443B1-0R001BK508573860A__VKU__1_merged_all.xlsx,NXP-SAF85443B1-0R001BK508573860A,5,0,5,all_fail,80,
NXP-SAF85443B1-0R001BK508573860A__VLL__14_merged_all.xlsx,NXP-SAF85443B1-0R001BK508573860A,5,0,5,all_fail,80,
NXP-SAF85443B1-0R001BK508573860A__VPD__1_merged_all.xlsx,NXP-SAF85443B1-0R001BK508573860A,2,0,2,all_fail,80,
NXP-SAF85443B1-0R001BK508573860A__VYA__3_merged_all.xlsx,NXP-SAF85443B1-0R001BK508573860A,5,5,0,all_pass,80,79.9
NXP-SAF85443B1-0R001BK508573860A__VYA__4_merged_all.xlsx,NXP-SAF85443B1-0R001BK508573860A,5,5,0,all_pass,80,80.3
NXP-SAF85443B1-0R001BK508573860A__VYA__6_merged_all.xlsx,NXP-SAF85443B1-0R001BK508573860A,5,5,0,all_pass,80,80.0
NXP-SAF85443B1-0R001BK508573860A__VYA__7_merged_all.xlsx,NXP-SAF85443B1-0R001BK508573860A,5,5,0,all_pass,80,80.0
NXP-SAF85443B1-0R001BK508573860A__VYA__8_merged_all.xlsx,NXP-SAF85443B1-0R001BK508573860A,5,5,0,all_pass,80,80.5
NXP-SAF85443B1-0R001BK508573860A__VYC__1_merged_all.xlsx,NXP-SAF85443B1-0R001BK508573860A,5,5,0,all_pass,80,80.0
NXP-SAF85443B1-0R001BK508573860A__VYX__1_merged_all.xlsx,NXP-SAF85443B1-0R001BK508573860A,5,0,5,all_fail,80,
NXP-SAF85443B1-0R001BK508573860A__WNA__1_merged_all.xlsx,NXP-SAF85443B1-0R001BK508573860A,5,0,5,all_fail,80,
NXP-SAF85443B1-0R001BK508573860A__WWA__3_merged_all.xlsx,NXP-SAF85443B1-0R001BK508573860A,5,0,5,all_fail,80,
NXP-SAF85443B1-0R001BK508573860A__WYL__1_merged_all.xlsx,NXP-SAF85443B1-0R001BK508573860A,5,5,0,all_pass,80,80.6
NXP-SAF85443B1-0R001BK508573860A__XGX__5_merged_all.xlsx,NXP-SAF85443B1-0R001BK508573860A,0,0,0,no_image,,
NXP-SAF85443B1-0R001BK508573860A__XPA__1_merged_all.xlsx,NXP-SAF85443B1-0R001BK508573860A,5,0,5,all_fail,80,
NXP-SAF85443B1-0R001BK508573860A__YPL__1_merged_all.xlsx,NXP-SAF85443B1-0R001BK508573860A,5,0,5,all_fail,80,
NXP-SAF85443B1-0R001BK508573860A__mcy__1_merged_all.xlsx,NXP-SAF85443B1-0R001BK508573860A,5,0,5,all_fail,80,
NXP-SAF85443B1-0R001BK508573860A__mcy__2_merged_all.xlsx,NXP-SAF85443B1-0R001BK508573860A,5,0,5,all_fail,80,
NXP-SAF85443B1-0R001BK508573860A__mcy__3_merged_all.xlsx,NXP-SAF85443B1-0R001BK508573860A,5,0,5,all_fail,80,
NXP-SAF85443B1-0R001BK508573860A__mlc__1_merged_all.xlsx,NXP-SAF85443B1-0R001BK508573860A,5,5,0,all_pass,80,80.7
NXP-SAF85443B1-0R001BK508573860A__mlf__1_merged_all.xlsx,NXP-SAF85443B1-0R001BK508573860A,0,0,0,no_image,,79.4
QORVOTest__119012036 NXS__1_merged_all.xlsx,QORVOTest,5,0,5,all_fail,182,
QORVOTest__119012089__1_merged_all.xlsx,QORVOTest,0,0,0,no_image,,
QORVOTest__119012089__2_merged_all.xlsx,QORVOTest,0,0,0,no_image,,
QORVOTest__119012089__3_merged_all.xlsx,QORVOTest,0,0,0,no_image,,
QORVOTest__120082031 VDP__1_merged_all.xlsx,QORVOTest,5,0,5,all_fail,182,
QORVOTest__120082031 vdl__1_merged_all.xlsx,QORVOTest,10,4,6,mixed,182,183.1
QORVOTest__120112026__1_merged_all.xlsx,QORVOTest,0,0,0,no_image,,184.8
QORVOTest__120112071__1_merged_all.xlsx,QORVOTest,0,0,0,no_image,,194.6
QORVOTest__121192005__1_merged_all.xlsx,QORVOTest,5,1,4,mixed,182,193.4
QORVOTest__123282002__1_merged_all.xlsx,QORVOTest,0,0,0,no_image,,
QORVOTest__123332008 upx__1_merged_all.xlsx,QORVOTest,5,4,1,mixed,182,180.9
QORVOTest__123342002__7_merged_all.xlsx,QORVOTest,0,0,0,no_image,,
QORVOTest__123382007__1_merged_all.xlsx,QORVOTest,5,0,5,all_fail,182,
QORVOTest__123482004 XHD__1_merged_all.xlsx,QORVOTest,5,0,5,all_fail,182,
QORVOTest__124322023__1_merged_all.xlsx,QORVOTest,0,0,0,no_image,,
QORVOTest__124382006 UYB__1_merged_all.xlsx,QORVOTest,5,0,5,all_fail,182,
QORVOTest__124382006 vdl__1_merged_all.xlsx,QORVOTest,0,0,0,no_image,,
QORVOTest__124382006 xkt__1_merged_all.xlsx,QORVOTest,5,0,5,all_fail,182,
QORVOTest__124382021__1_merged_all.xlsx,QORVOTest,5,4,1,mixed,182,183.4
QORVOTest__124382027 XHG__1_merged_all.xlsx,QORVOTest,5,0,5,all_fail,182,
QORVOTest__124382069 wsp__8_merged_all.xlsx,QORVOTest,5,0,5,all_fail,182,
QORVOTest__124402003__2_merged_all.xlsx,QORVOTest,1,0,1,all_fail,182,
QORVOTest__125122011__1_merged_all.xlsx,QORVOTest,0,0,0,no_image,,
QORVOTest__125122020 UVC__1_merged_all.xlsx,QORVOTest,5,0,5,all_fail,182,
QORVOTest__125132021__1_merged_all.xlsx,QORVOTest,0,0,0,no_image,,189.3
QORVOTest__125342002__1_merged_all.xlsx,QORVOTest,0,0,0,no_image,,
QORVOTest__126042006_3074__2_merged_all.xlsx,QORVOTest,5,4,1,mixed,182,183.5
QORVOTest__126042011__1_merged_all.xlsx,QORVOTest,5,4,1,mixed,182,185.3
QORVOTest__126042045__1_merged_all.xlsx,QORVOTest,0,0,0,no_image,,184.8
QORVOTest__126153005 VDK__1_merged_all.xlsx,QORVOTest,5,3,2,mixed,182,185.7
QORVOTest__126163059__13_merged_all.xlsx,QORVOTest,0,0,0,no_image,,
QORVOTest__126173068__1_merged_all.xlsx,QORVOTest,5,4,1,mixed,182,184.5
QORVOTest__126183031 vpb__1_merged_all.xlsx,QORVOTest,5,0,5,all_fail,182,
QORVOTest__126193024 UXL__1_merged_all.xlsx,QORVOTest,5,1,4,mixed,182,190.7
QORVOTest__126193055__1_merged_all.xlsx,QORVOTest,0,0,0,no_image,,
QORVOTest__126193056__1_merged_all.xlsx,QORVOTest,0,0,0,no_image,,
QORVOTest__126193056__2_merged_all.xlsx,QORVOTest,0,0,0,no_image,,
QORVOTest__126193057__1_merged_all.xlsx,QORVOTest,0,0,0,no_image,,
QORVOTest__126193099__1_merged_all.xlsx,QORVOTest,0,0,0,no_image,,120.2
QORVOTest__126213120 XYY__1_merged_all.xlsx,QORVOTest,5,1,4,mixed,182,195.8
QORVOTest__126213140 wst__9_merged_all.xlsx,QORVOTest,5,2,3,mixed,182,71.4
QORVOTest__126213177__1_merged_all.xlsx,QORVOTest,5,1,4,mixed,182,193.0
QORVOTest__126213182 vpa__1_merged_all.xlsx,QORVOTest,5,4,1,mixed,182,185.1
QORVOTest__126213183__1_merged_all.xlsx,QORVOTest,0,0,0,no_image,,
QORVOTest__126213183__2_merged_all.xlsx,QORVOTest,0,0,0,no_image,,
QORVOTest__126213183__3_merged_all.xlsx,QORVOTest,0,0,0,no_image,,
QORVOTest__AKV__5_merged_all.xlsx,QORVOTest,5,4,1,mixed,182,185.6
QORVOTest__BLT__4_merged_all.xlsx,QORVOTest,5,0,5,all_fail,182,
QORVOTest__BLT__5_merged_all.xlsx,QORVOTest,5,0,5,all_fail,182,
QORVOTest__LGL__13_merged_all.xlsx,QORVOTest,5,0,5,all_fail,182,
QORVOTest__LGL__1_merged_all.xlsx,QORVOTest,5,0,5,all_fail,182,
QORVOTest__MBY__1_merged_all.xlsx,QORVOTest,0,0,0,no_image,,
QORVOTest__MCA__1_merged_all.xlsx,QORVOTest,0,0,0,no_image,,
QORVOTest__MSV__1_merged_all.xlsx,QORVOTest,5,0,5,all_fail,182,
QORVOTest__MWL111__1_merged_all.xlsx,QORVOTest,5,4,1,mixed,182,186.0
QORVOTest__MWL__1_merged_all.xlsx,QORVOTest,5,4,1,mixed,182,185.7
QORVOTest__MWN__1_merged_all.xlsx,QORVOTest,10,8,2,mixed,182,185.6
QORVOTest__NFB__1_merged_all.xlsx,QORVOTest,5,0,5,all_fail,182,
QORVOTest__NPG__18_merged_all.xlsx,QORVOTest,5,4,1,mixed,182,182.8
QORVOTest__NXF__1_merged_all.xlsx,QORVOTest,5,0,5,all_fail,182,
QORVOTest__NXT__1_merged_all.xlsx,QORVOTest,5,0,5,all_fail,182,185.3
QORVOTest__NXV__1_merged_all.xlsx,QORVOTest,5,0,5,all_fail,182,
QORVOTest__PSA__13_merged_all.xlsx,QORVOTest,5,0,5,all_fail,182,
QORVOTest__PSA__1_merged_all.xlsx,QORVOTest,5,0,5,all_fail,182,
QORVOTest__SKT__1_merged_all.xlsx,QORVOTest,5,0,5,all_fail,182,
QORVOTest__SLP__5_merged_all.xlsx,QORVOTest,5,0,5,all_fail,182,
QORVOTest__TCW__1_merged_all.xlsx,QORVOTest,5,4,1,mixed,182,184.7
QORVOTest__TGV__1_merged_all.xlsx,QORVOTest,0,0,0,no_image,,
QORVOTest__TGV__21_merged_all.xlsx,QORVOTest,5,0,5,all_fail,182,
QORVOTest__USG__10_merged_all.xlsx,QORVOTest,5,4,1,mixed,182,181.4
QORVOTest__UWTRE1__21_merged_all.xlsx,QORVOTest,0,0,0,no_image,,
QORVOTest__UWTRE__21_merged_all.xlsx,QORVOTest,0,0,0,no_image,,
QORVOTest__UWTRE__23_merged_all.xlsx,QORVOTest,5,4,1,mixed,182,120.5
QORVOTest__UWT__21_merged_all.xlsx,QORVOTest,0,0,0,no_image,,
QORVOTest__UWT__22_merged_all.xlsx,QORVOTest,5,4,1,mixed,182,120.2
QORVOTest__UWT__23_merged_all.xlsx,QORVOTest,0,0,0,no_image,,
QORVOTest__UWT__24_merged_all.xlsx,QORVOTest,5,4,1,mixed,182,122.1
QORVOTest__VDK__4_merged_all.xlsx,QORVOTest,5,4,1,mixed,182,185.0
QORVOTest__VDM__1_merged_all.xlsx,QORVOTest,0,0,0,no_image,,
QORVOTest__VPD__1_merged_all.xlsx,QORVOTest,5,0,5,all_fail,182,
QORVOTest__WSD__4_merged_all.xlsx,QORVOTest,5,0,5,all_fail,182,
QORVOTest__WXV__1_merged_all.xlsx,QORVOTest,5,4,1,mixed,182,185.3
QORVOTest__WXW__1_merged_all.xlsx,QORVOTest,5,4,1,mixed,182,185.1
QORVOTest__XAM__4_merged_all.xlsx,QORVOTest,5,4,1,mixed,182,184.9
QORVOTest__XAM__5_merged_all.xlsx,QORVOTest,5,4,1,mixed,182,185.0
QORVOTest__XAM__6_merged_all.xlsx,QORVOTest,5,4,1,mixed,182,184.9
QORVOTest__XAT__1_merged_all.xlsx,QORVOTest,5,4,1,mixed,182,185.3
QORVOTest__XAW__5_merged_all.xlsx,QORVOTest,5,4,1,mixed,182,185.4
QORVOTest__XGX1__5_merged_all.xlsx,QORVOTest,5,4,1,mixed,182,185.1
QORVOTest__XGX2__6_merged_all.xlsx,QORVOTest,5,4,1,mixed,182,185.3
QORVOTest__XHA__1_merged_all.xlsx,QORVOTest,0,0,0,no_image,,
QORVOTest__XHA__2_merged_all.xlsx,QORVOTest,5,0,5,all_fail,182,
QORVOTest__XHA__3_merged_all.xlsx,QORVOTest,5,0,5,all_fail,182,
QORVOTest__XHBRE__1_merged_all.xlsx,QORVOTest,5,0,5,all_fail,182,
QORVOTest__XHB__1_merged_all.xlsx,QORVOTest,0,0,0,no_image,,
QORVOTest__XHC__1_merged_all.xlsx,QORVOTest,5,0,5,all_fail,182,
QORVOTest__XHF__1_merged_all.xlsx,QORVOTest,5,0,5,all_fail,182,
QORVOTest__XHH__1_merged_all.xlsx,QORVOTest,5,0,5,all_fail,182,
QORVOTest__XHK__1_merged_all.xlsx,QORVOTest,5,0,5,all_fail,182,
QORVOTest__YVS__10_merged_all.xlsx,QORVOTest,0,0,0,no_image,,
QORVOTest__YVS__9_merged_all.xlsx,QORVOTest,0,0,0,no_image,,
QORVOTest__nxm__1_merged_all.xlsx,QORVOTest,5,1,4,mixed,182,191.6
QORVOTest__sgn__1_merged_all.xlsx,QORVOTest,0,0,0,no_image,,
QORVOTest__uws__7_merged_all.xlsx,QORVOTest,5,4,1,mixed,182,121.3
QORVOTest__uxu__1_merged_all.xlsx,QORVOTest,5,1,4,mixed,182,191.9
QORVOTest__uxv__3_merged_all.xlsx,QORVOTest,5,1,4,mixed,182,195.1
QORVOTest__vdn__3_merged_all.xlsx,QORVOTest,5,0,5,all_fail,182,
QORVOTest__vdn__7_merged_all.xlsx,QORVOTest,5,0,5,all_fail,182,
QORVOTest__vpc__3_merged_all.xlsx,QORVOTest,5,0,5,all_fail,182,
QORVOTest__vpg2__3_merged_all.xlsx,QORVOTest,5,0,5,all_fail,182,
QORVOTest__vpg__1_merged_all.xlsx,QORVOTest,0,0,0,no_image,,
QORVOTest__vvn__3_merged_all.xlsx,QORVOTest,5,0,5,all_fail,182,
QORVOTest__vvn__4_merged_all.xlsx,QORVOTest,5,0,5,all_fail,182,
QORVOTest__wsc__2_merged_all.xlsx,QORVOTest,5,3,2,mixed,182,70.6
QORVOTest__xan__2_merged_all.xlsx,QORVOTest,5,4,1,mixed,182,184.7
ST-TEST-RECIPE__116522045__1_merged_all.xlsx,ST-TEST-RECIPE,5,0,5,all_fail,20,
ST-TEST-RECIPE__116522061__1_merged_all.xlsx,ST-TEST-RECIPE,5,0,5,all_fail,20,
ST-TEST-RECIPE__116522149__1_merged_all.xlsx,ST-TEST-RECIPE,0,0,0,no_image,,
ST-TEST-RECIPE__119012021__1_merged_all.xlsx,ST-TEST-RECIPE,5,0,5,all_fail,20,
ST-TEST-RECIPE__119012036 NXS__1_merged_all.xlsx,ST-TEST-RECIPE,0,0,0,no_image,,
ST-TEST-RECIPE__119012037__1_merged_all.xlsx,ST-TEST-RECIPE,5,0,5,all_fail,20,
ST-TEST-RECIPE__119012056 NFP__1_merged_all.xlsx,ST-TEST-RECIPE,5,0,5,all_fail,20,
ST-TEST-RECIPE__119012073__1_merged_all.xlsx,ST-TEST-RECIPE,5,0,5,all_fail,20,
ST-TEST-RECIPE__119012086__1_merged_all.xlsx,ST-TEST-RECIPE,0,0,0,no_image,,
ST-TEST-RECIPE__120082012__14_merged_all.xlsx,ST-TEST-RECIPE,0,0,0,no_image,,
ST-TEST-RECIPE__120082038__1_merged_all.xlsx,ST-TEST-RECIPE,5,0,5,all_fail,20,
ST-TEST-RECIPE__120112020 NFS__1_merged_all.xlsx,ST-TEST-RECIPE,5,0,5,all_fail,20,
ST-TEST-RECIPE__120112028__1_merged_all.xlsx,ST-TEST-RECIPE,0,0,0,no_image,,
ST-TEST-RECIPE__120112040__1_merged_all.xlsx,ST-TEST-RECIPE,10,0,10,all_fail,20,
ST-TEST-RECIPE__120112080 MHH__1_merged_all.xlsx,ST-TEST-RECIPE,5,0,5,all_fail,20,
ST-TEST-RECIPE__121162011__1_merged_all.xlsx,ST-TEST-RECIPE,5,0,5,all_fail,20,
ST-TEST-RECIPE__121192005__1_merged_all.xlsx,ST-TEST-RECIPE,5,0,5,all_fail,20,
ST-TEST-RECIPE__123282011__1_merged_all.xlsx,ST-TEST-RECIPE,5,0,5,all_fail,20,
ST-TEST-RECIPE__123282018__1_merged_all.xlsx,ST-TEST-RECIPE,0,0,0,no_image,,
ST-TEST-RECIPE__123342008__1_merged_all.xlsx,ST-TEST-RECIPE,0,0,0,no_image,,
ST-TEST-RECIPE__123342016__1_merged_all.xlsx,ST-TEST-RECIPE,0,0,0,no_image,,
ST-TEST-RECIPE__123382003__1_merged_all.xlsx,ST-TEST-RECIPE,5,0,5,all_fail,20,
ST-TEST-RECIPE__123382004__1_merged_all.xlsx,ST-TEST-RECIPE,0,0,0,no_image,,
ST-TEST-RECIPE__123382015 VKS__1_merged_all.xlsx,ST-TEST-RECIPE,5,0,5,all_fail,20,
ST-TEST-RECIPE__123392003__1_merged_all.xlsx,ST-TEST-RECIPE,5,0,5,all_fail,20,
ST-TEST-RECIPE__123392016__1_merged_all.xlsx,ST-TEST-RECIPE,5,0,5,all_fail,20,
ST-TEST-RECIPE__123482011__1_merged_all.xlsx,ST-TEST-RECIPE,5,0,5,all_fail,20,
ST-TEST-RECIPE__123482017__1_merged_all.xlsx,ST-TEST-RECIPE,5,0,5,all_fail,20,
ST-TEST-RECIPE__124322027__1_merged_all.xlsx,ST-TEST-RECIPE,0,0,0,no_image,,
ST-TEST-RECIPE__124382068__1_merged_all.xlsx,ST-TEST-RECIPE,5,0,5,all_fail,20,
ST-TEST-RECIPE__125122001__1_merged_all.xlsx,ST-TEST-RECIPE,0,0,0,no_image,,
ST-TEST-RECIPE__125122018_3388__1_merged_all.xlsx,ST-TEST-RECIPE,0,0,0,no_image,,
ST-TEST-RECIPE__125122018__1_merged_all.xlsx,ST-TEST-RECIPE,0,0,0,no_image,,
ST-TEST-RECIPE__125122018__2_merged_all.xlsx,ST-TEST-RECIPE,0,0,0,no_image,,
ST-TEST-RECIPE__125122029__1_merged_all.xlsx,ST-TEST-RECIPE,5,0,5,all_fail,20,
ST-TEST-RECIPE__125132124 LYC__1_merged_all.xlsx,ST-TEST-RECIPE,5,0,5,all_fail,20,
ST-TEST-RECIPE__125152001__1_merged_all.xlsx,ST-TEST-RECIPE,0,0,0,no_image,,
ST-TEST-RECIPE__125152016 NFU__1_merged_all.xlsx,ST-TEST-RECIPE,5,0,5,all_fail,20,
ST-TEST-RECIPE__125322113__1_merged_all.xlsx,ST-TEST-RECIPE,5,0,5,all_fail,20,
ST-TEST-RECIPE__125322147__1_merged_all.xlsx,ST-TEST-RECIPE,5,0,5,all_fail,20,
ST-TEST-RECIPE__125332004__1_merged_all.xlsx,ST-TEST-RECIPE,5,0,5,all_fail,20,
ST-TEST-RECIPE__125332008__1_merged_all.xlsx,ST-TEST-RECIPE,5,0,5,all_fail,20,
ST-TEST-RECIPE__125332020__1_merged_all.xlsx,ST-TEST-RECIPE,5,0,5,all_fail,20,
ST-TEST-RECIPE__125332044__1_merged_all.xlsx,ST-TEST-RECIPE,5,0,5,all_fail,20,
ST-TEST-RECIPE__125342009__1_merged_all.xlsx,ST-TEST-RECIPE,5,0,5,all_fail,20,
ST-TEST-RECIPE__125342034 GSD__2_merged_all.xlsx,ST-TEST-RECIPE,5,0,5,all_fail,20,
ST-TEST-RECIPE__125342034 GSD__3_merged_all.xlsx,ST-TEST-RECIPE,5,0,5,all_fail,20,
ST-TEST-RECIPE__126042043__1_merged_all.xlsx,ST-TEST-RECIPE,0,0,0,no_image,,
ST-TEST-RECIPE__126122004__1_merged_all.xlsx,ST-TEST-RECIPE,5,0,5,all_fail,20,
ST-TEST-RECIPE__126122021__1_merged_all.xlsx,ST-TEST-RECIPE,0,0,0,no_image,,
ST-TEST-RECIPE__126122026__1_merged_all.xlsx,ST-TEST-RECIPE,5,0,5,all_fail,20,
ST-TEST-RECIPE__126153001__3_merged_all.xlsx,ST-TEST-RECIPE,0,0,0,no_image,,
ST-TEST-RECIPE__126153011__1_merged_all.xlsx,ST-TEST-RECIPE,0,0,0,no_image,,
ST-TEST-RECIPE__126153026__1_merged_all.xlsx,ST-TEST-RECIPE,5,0,5,all_fail,20,
ST-TEST-RECIPE__126153029__1_merged_all.xlsx,ST-TEST-RECIPE,2,0,2,all_fail,20,
ST-TEST-RECIPE__126153037__1_merged_all.xlsx,ST-TEST-RECIPE,5,0,5,all_fail,20,
ST-TEST-RECIPE__126153065__1_merged_all.xlsx,ST-TEST-RECIPE,5,0,5,all_fail,20,
ST-TEST-RECIPE__126153073__1_merged_all.xlsx,ST-TEST-RECIPE,5,0,5,all_fail,20,
ST-TEST-RECIPE__126162001__1_merged_all.xlsx,ST-TEST-RECIPE,5,0,5,all_fail,20,
ST-TEST-RECIPE__126163034__1_merged_all.xlsx,ST-TEST-RECIPE,5,0,5,all_fail,20,
ST-TEST-RECIPE__126163051__1_merged_all.xlsx,ST-TEST-RECIPE,5,0,5,all_fail,20,
ST-TEST-RECIPE__126163057__5_merged_all.xlsx,ST-TEST-RECIPE,0,0,0,no_image,,
ST-TEST-RECIPE__126163075__1_merged_all.xlsx,ST-TEST-RECIPE,5,0,5,all_fail,20,
ST-TEST-RECIPE__126163098__1_merged_all.xlsx,ST-TEST-RECIPE,5,0,5,all_fail,20,
ST-TEST-RECIPE__126173001__1_merged_all.xlsx,ST-TEST-RECIPE,0,0,0,no_image,,
ST-TEST-RECIPE__126173035__1_merged_all.xlsx,ST-TEST-RECIPE,5,0,5,all_fail,20,
ST-TEST-RECIPE__126173055__1_merged_all.xlsx,ST-TEST-RECIPE,5,0,5,all_fail,20,
ST-TEST-RECIPE__126173060__1_merged_all.xlsx,ST-TEST-RECIPE,0,0,0,no_image,,
ST-TEST-RECIPE__126173095 nfl__1_merged_all.xlsx,ST-TEST-RECIPE,5,0,5,all_fail,20,
ST-TEST-RECIPE__126183026__3_merged_all.xlsx,ST-TEST-RECIPE,5,0,5,all_fail,20,
ST-TEST-RECIPE__126183030 MHL__1_merged_all.xlsx,ST-TEST-RECIPE,5,0,5,all_fail,20,
ST-TEST-RECIPE__126193048__1_merged_all.xlsx,ST-TEST-RECIPE,5,0,5,all_fail,20,
ST-TEST-RECIPE__126193051__1_merged_all.xlsx,ST-TEST-RECIPE,0,0,0,no_image,,
ST-TEST-RECIPE__126193081__1_merged_all.xlsx,ST-TEST-RECIPE,0,0,0,no_image,,
ST-TEST-RECIPE__126193083__1_merged_all.xlsx,ST-TEST-RECIPE,0,0,0,no_image,,
ST-TEST-RECIPE__126193090__1_merged_all.xlsx,ST-TEST-RECIPE,5,0,5,all_fail,20,
ST-TEST-RECIPE__126213068__1_merged_all.xlsx,ST-TEST-RECIPE,0,0,0,no_image,,
ST-TEST-RECIPE__BLM__3_merged_all.xlsx,ST-TEST-RECIPE,5,0,5,all_fail,20,
ST-TEST-RECIPE__CCS__21_merged_all.xlsx,ST-TEST-RECIPE,5,0,5,all_fail,20,
ST-TEST-RECIPE__CCS__22_merged_all.xlsx,ST-TEST-RECIPE,5,0,5,all_fail,20,
ST-TEST-RECIPE__CGD__1_merged_all.xlsx,ST-TEST-RECIPE,0,0,0,no_image,,
ST-TEST-RECIPE__CGD__3_merged_all.xlsx,ST-TEST-RECIPE,5,0,5,all_fail,20,
ST-TEST-RECIPE__GNB__1_merged_all.xlsx,ST-TEST-RECIPE,0,0,0,no_image,,
ST-TEST-RECIPE__KAB__5_merged_all.xlsx,ST-TEST-RECIPE,0,0,0,no_image,,
ST-TEST-RECIPE__KAB__6_merged_all.xlsx,ST-TEST-RECIPE,0,0,0,no_image,,
ST-TEST-RECIPE__KAC__1_merged_all.xlsx,ST-TEST-RECIPE,5,0,5,all_fail,20,
ST-TEST-RECIPE__KAC__2_merged_all.xlsx,ST-TEST-RECIPE,5,0,5,all_fail,20,
ST-TEST-RECIPE__KXT__1_merged_all.xlsx,ST-TEST-RECIPE,5,0,5,all_fail,20,
ST-TEST-RECIPE__LFC__5_merged_all.xlsx,ST-TEST-RECIPE,0,0,0,no_image,,
ST-TEST-RECIPE__LFD__15_merged_all.xlsx,ST-TEST-RECIPE,0,0,0,no_image,,
ST-TEST-RECIPE__LFD__9_merged_all.xlsx,ST-TEST-RECIPE,0,0,0,no_image,,
ST-TEST-RECIPE__LHH__1_merged_all.xlsx,ST-TEST-RECIPE,0,0,0,no_image,,
ST-TEST-RECIPE__LHK__1_merged_all.xlsx,ST-TEST-RECIPE,0,0,0,no_image,,
ST-TEST-RECIPE__LWG__1_merged_all.xlsx,ST-TEST-RECIPE,0,0,0,no_image,,
ST-TEST-RECIPE__LXH__1_merged_all.xlsx,ST-TEST-RECIPE,0,0,0,no_image,,
ST-TEST-RECIPE__LXK__1_merged_all.xlsx,ST-TEST-RECIPE,5,0,5,all_fail,20,
ST-TEST-RECIPE__LXS__1_merged_all.xlsx,ST-TEST-RECIPE,5,0,5,all_fail,20,
ST-TEST-RECIPE__LXU__1_merged_all.xlsx,ST-TEST-RECIPE,5,0,5,all_fail,20,
ST-TEST-RECIPE__LXV__1_merged_all.xlsx,ST-TEST-RECIPE,5,0,5,all_fail,20,
ST-TEST-RECIPE__LXW__4_merged_all.xlsx,ST-TEST-RECIPE,5,0,5,all_fail,20,
ST-TEST-RECIPE__MUN__1_merged_all.xlsx,ST-TEST-RECIPE,0,0,0,no_image,,
ST-TEST-RECIPE__NFM__1_merged_all.xlsx,ST-TEST-RECIPE,5,0,5,all_fail,20,
ST-TEST-RECIPE__NGC__1_merged_all.xlsx,ST-TEST-RECIPE,5,0,5,all_fail,20,
ST-TEST-RECIPE__NGH__1_merged_all.xlsx,ST-TEST-RECIPE,5,0,5,all_fail,20,
ST-TEST-RECIPE__NXH__1_merged_all.xlsx,ST-TEST-RECIPE,0,0,0,no_image,,
ST-TEST-RECIPE__NXK 1__1_merged_all.xlsx,ST-TEST-RECIPE,0,0,0,no_image,,
ST-TEST-RECIPE__NXK__1_merged_all.xlsx,ST-TEST-RECIPE,5,0,5,all_fail,20,
ST-TEST-RECIPE__PSK__1_merged_all.xlsx,ST-TEST-RECIPE,5,0,5,all_fail,20,
ST-TEST-RECIPE__PSK__5_merged_all.xlsx,ST-TEST-RECIPE,5,0,5,all_fail,20,
ST-TEST-RECIPE__PTG__1_merged_all.xlsx,ST-TEST-RECIPE,5,0,5,all_fail,20,
ST-TEST-RECIPE__VKM__3_merged_all.xlsx,ST-TEST-RECIPE,5,0,5,all_fail,20,
ST-TEST-RECIPE__VKM__5_merged_all.xlsx,ST-TEST-RECIPE,5,0,5,all_fail,20,
