Test sample,DieID,ID,X position,Y position,Diameter (um),% Roundness,Area,% Overall Void,% Largest Void,Result
D26-15,60,149,-6.6055,126.0210,23.4962,94.1712,433.5940,8.3100,8.3100,Fail
D26-15,60,150,-6.4054,126.0220,23.5790,89.0993,436.6570,6.1700,3.7300,Pass
D26-15,60,173,-6.2994,125.9910,23.5790,95.0924,436.6570,6.2300,4.9100,Pass
D26-15,60,174,-6.2514,125.9910,23.5823,95.9035,436.7800,11.7800,11.7800,Fail
D26-15,60,175,-6.1696,125.9920,23.5658,87.7946,436.1670,5.5600,2.8100,Pass
D26-15,60,176,-6.1218,125.9920,23.5094,93.1688,434.0840,8.1300,6.5800,Pass
D26-15,60,177,-6.0395,125.9920,23.9108,96.4313,449.0310,6.4900,6.3600,Pass
D26-15,60,178,-5.9916,125.9920,23.9075,96.7267,448.9090,4.4800,4.1200,Pass
D26-15,60,179,-5.9098,125.9930,23.2794,91.4415,425.6300,6.1600,5.3500,Pass
D26-15,60,180,-5.8619,125.9930,23.5360,94.5089,435.0640,6.1700,5.8300,Pass
D26-15,60,181,-5.7795,125.9930,23.7471,91.2400,442.9050,5.6200,3.2900,Pass
D26-15,60,182,-5.7314,125.9940,23.8094,96.0501,445.2330,3.9100,1.4000,Pass
D26-15,60,286,-6.8806,125.9240,23.5624,92.4422,436.0440,5.8400,5.1400,Pass
D26-15,60,287,-6.7687,125.9240,23.4496,92.8953,431.8790,4.6200,2.5200,Pass
D26-15,60,293,-6.2344,125.8780,23.5194,93.2606,434.4520,7.3900,4.6500,Pass
D26-15,60,294,-6.1867,125.8790,23.8552,92.1568,446.9490,10.4700,10.3300,Fail
D26-15,60,295,-5.9742,125.8800,23.7372,95.6320,442.5380,10.9600,10.4700,Fail
D26-15,60,296,-5.9262,125.8800,23.8716,96.6227,447.5610,6.1600,4.5200,Pass
D26-15,60,337,-6.6048,125.8650,23.0808,95.4934,418.4020,8.6400,5.4800,Pass
D26-15,60,338,-6.4049,125.8650,23.5988,91.6780,437.3920,4.5400,2.2400,Pass
D26-15,60,367,-6.6050,125.7860,23.2190,95.2208,423.4250,9.9200,9.9200,Fail
D26-15,60,368,-6.4047,125.7870,23.7142,96.4846,441.6800,10.6200,10.2900,Fail
D26-15,60,380,-5.7168,125.7840,24.0084,98.1123,452.7070,5.9300,4.8700,Pass
D26-15,60,434,-6.8799,125.7530,23.6846,96.3674,440.5780,7.4000,5.9800,Pass
D26-15,60,435,-6.7680,125.7530,23.9401,95.0150,450.1340,4.8400,4.1400,Pass
D26-15,60,441,-6.6044,125.7200,23.4396,95.0857,431.5110,7.2400,6.2500,Pass
D26-15,60,468,-6.6041,125.6420,23.1315,93.3111,420.2390,13.7300,13.7300,Fail
D26-15,60,497,-6.7671,125.5990,23.0199,96.1623,416.1960,7.5700,7.5700,Pass
D26-15,60,499,-6.8795,125.5990,23.6220,93.3692,438.2500,5.5400,4.1900,Pass
D26-15,60,500,-5.7780,125.5980,24.1864,92.3403,459.4450,10.7500,10.3700,Fail
D26-15,60,501,-5.7298,125.5990,24.2380,94.5914,461.4060,12.9600,12.9600,Fail
D26-15,60,535,-6.6037,125.5690,25.0296,95.8036,492.0350,10.7800,10.5800,Fail
D26-15,60,536,-6.4040,125.5700,25.9986,92.7960,530.8740,8.3300,8.0100,Fail
D26-15,60,547,-6.2741,125.5510,24.2444,92.1310,461.6510,12.5500,11.8400,Fail
D26-15,60,548,-5.8839,125.5530,23.7241,92.4278,442.0480,10.3100,9.3100,Fail
D26-15,60,591,-6.6036,125.4910,26.9097,96.7570,568.7320,11.4000,11.4000,Fail
D26-15,60,592,-6.4036,125.4920,24.6021,93.1312,475.3730,10.8800,10.4900,Fail
D26-15,60,600,-6.1678,125.4870,24.3568,93.7441,465.9390,15.0900,14.0200,Fail
D26-15,60,601,-6.1197,125.4870,24.5831,96.7334,474.6380,13.6300,13.6300,Fail
D26-15,60,602,-6.0376,125.4870,26.7760,99.1211,563.0960,11.5100,11.1200,Fail
D26-15,60,603,-5.9900,125.4870,26.7119,94.7547,560.4010,11.0400,11.0400,Fail
D26-15,60,656,-6.2740,125.4730,23.2425,93.0262,424.2830,16.2900,15.1900,Fail
D26-15,60,657,-5.8835,125.4750,24.3472,95.0327,465.5710,11.7100,11.7100,Fail
D26-15,60,684,-6.8550,125.4520,23.6978,96.0484,441.0680,7.2200,7.2200,Pass
D26-15,60,700,-6.6160,125.4260,26.4655,94.5532,550.1090,8.9100,8.9100,Fail
D26-15,60,702,-6.2735,125.4210,23.0606,96.8460,417.6670,13.0800,12.7900,Fail
D26-15,60,703,-6.1632,125.4220,23.5955,90.8965,437.2700,12.9400,12.4700,Fail
D26-15,60,704,-6.1146,125.4220,23.4230,95.9078,430.8990,13.5300,12.6200,Fail
D26-15,60,705,-6.0417,125.4220,24.3728,93.9994,466.5520,11.6300,10.9200,Fail
D26-15,60,706,-5.9943,125.4220,26.0016,96.8215,530.9960,13.1300,12.6200,Fail
D26-15,60,707,-5.8833,125.4230,24.3888,97.3740,467.1640,14.3700,13.6600,Fail
D26-15,60,708,-5.7028,125.4240,23.6253,95.8575,438.3720,10.6800,9.1400,Fail
D26-15,60,731,-6.8941,125.4130,23.3830,97.3150,429.4280,5.6200,3.9900,Pass
D26-15,60,732,-6.8160,125.4140,23.0199,96.1464,416.1960,9.7400,9.7400,Fail
D26-15,60,786,-6.5426,125.4000,25.2715,95.8212,501.5920,10.4100,10.4100,Fail
D26-15,60,787,-6.4302,125.4000,24.7601,93.8757,481.4990,12.9500,12.8200,Fail
D26-15,60,798,-5.7420,125.3840,23.4995,93.0364,433.7170,12.0100,8.7900,Fail
D26-15,60,832,-6.8549,125.3740,23.2760,91.6633,425.5080,6.5600,5.5300,Pass
D26-15,60,833,-6.9670,125.3560,23.1382,98.5849,420.4850,10.4300,10.4300,Fail
D26-15,60,834,-6.7284,125.3510,25.1322,97.0268,496.0790,8.7200,7.0400,Pass
D26-15,60,835,-5.9937,125.3440,25.2498,93.8591,500.7340,13.7800,13.1600,Fail
D26-15,60,848,-6.2734,125.3430,21.8197,95.9245,373.9270,15.8300,15.2000,Fail
D26-15,60,849,-6.1622,125.3440,23.7405,97.3089,442.6600,15.8300,14.0300,Fail
D26-15,60,850,-6.1144,125.3440,23.9042,95.4759,448.7860,15.7200,15.4500,Fail
D26-15,60,851,-6.0418,125.3440,24.4207,93.2851,468.3890,9.6000,9.0200,Fail
D26-15,60,852,-5.8831,125.3450,24.9515,98.2624,488.9730,8.2900,8.2900,Fail
D26-15,60,853,-5.7024,125.3460,23.4729,92.2541,432.7360,10.1400,8.4700,Fail
D26-15,60,925,-6.9280,125.3170,23.0132,95.3329,415.9510,9.4800,9.4800,Fail
D26-15,60,935,-6.7677,125.3120,23.5823,97.9395,436.7800,11.4700,10.8800,Fail
D26-15,60,936,-6.6896,125.3130,25.7817,99.7779,522.0530,10.2300,9.4600,Fail
D26-15,60,977,-6.7282,125.2730,24.6623,92.1096,477.7010,12.7700,10.6400,Fail
D26-15,60,978,-6.8541,125.2520,22.7026,94.2903,404.8020,15.1300,14.1300,Fail
D26-15,60,979,-6.9665,125.2460,23.4563,91.2828,432.1240,12.2500,9.5500,Fail
D26-15,60,1000,-6.3031,125.2210,23.1854,94.3973,422.2000,10.6200,10.6200,Fail
D26-15,60,1001,-6.1030,125.2220,24.9109,95.2915,487.3800,14.4800,12.0400,Fail
D26-15,60,1002,-5.9027,125.2230,25.1042,97.7093,494.9760,14.3800,14.3800,Fail
D26-15,60,1003,-5.7023,125.2240,24.4750,95.8226,470.4720,7.4200,7.2100,Pass
D26-15,60,1039,-6.8929,125.2130,23.5028,95.4910,433.8390,8.2700,8.2700,Fail
D26-15,60,1040,-6.8151,125.2130,23.1079,92.9499,419.3820,10.3700,10.0200,Fail
D26-15,60,1042,-6.3407,125.1820,23.1887,90.1718,422.3220,13.7200,13.7200,Fail
D26-15,60,1043,-6.2636,125.1830,22.5094,98.1583,397.9410,16.1300,16.1300,Fail
D26-15,60,1044,-6.1412,125.1830,24.3856,94.7706,467.0420,10.1300,8.6000,Fail
D26-15,60,1045,-6.0637,125.1830,23.8193,94.6553,445.6010,11.2500,10.7800,Fail
D26-15,60,1046,-5.9413,125.1840,25.0732,95.9468,493.7510,8.6400,7.2700,Pass
D26-15,60,1047,-5.8632,125.1840,24.4048,89.2759,467.7770,12.8100,12.3100,Fail
D26-15,60,1048,-5.7409,125.1850,23.3430,98.2299,427.9580,9.4200,8.5900,Fail
D26-15,60,1137,-6.9662,125.1690,23.1584,94.8961,421.2200,9.1900,8.4400,Fail
D26-15,60,1142,-6.3029,125.1430,23.3095,89.3854,426.7330,12.4600,11.5400,Fail
D26-15,60,1143,-5.7019,125.1460,23.7175,93.5573,441.8030,11.8400,11.0900,Fail
D26-15,60,1157,-6.1026,125.1440,24.2187,93.3114,460.6710,15.1600,14.4700,Fail
D26-15,60,1158,-5.9021,125.1450,24.1735,91.4973,458.9550,12.4900,9.3400,Fail
D26-15,60,1193,-6.8536,125.1370,22.8567,97.0873,410.3150,10.1800,9.8800,Fail
D26-15,60,1196,-6.2023,125.1210,24.4654,92.3178,470.1050,11.8600,11.2100,Fail
D26-15,60,1197,-6.0019,125.1220,25.3239,92.7579,503.6750,13.0400,12.8400,Fail
D26-15,60,1198,-5.8021,125.1230,23.9205,97.6479,449.3990,9.7900,8.8100,Fail
D26-15,60,1233,-6.5226,125.1090,24.3824,95.9279,466.9190,10.9400,10.3400,Fail
D26-15,60,1240,-6.8924,125.0980,22.8840,91.3828,411.2960,9.3500,9.2000,Fail
D26-15,60,1241,-6.8148,125.0980,23.2425,91.6663,424.2830,7.8300,7.2800,Pass
D26-15,60,1259,-6.2410,125.0830,24.2862,92.8817,463.2440,10.6600,8.0900,Fail
D26-15,60,1260,-6.1633,125.0830,24.0960,99.0009,456.0150,11.1200,11.1200,Fail
D26-15,60,1261,-6.0406,125.0830,25.3208,93.7674,503.5520,11.9000,11.0500,Fail
D26-15,60,1262,-5.9631,125.0840,25.0825,96.2478,494.1180,13.9600,13.9600,Fail
D26-15,60,1263,-5.8408,125.0840,23.6451,92.2730,439.1070,14.1500,14.1500,Fail
D26-15,60,1264,-5.7625,125.0850,23.1685,92.9363,421.5870,10.3500,10.3500,Fail
D26-15,60,1334,-6.6265,125.0510,25.8814,93.8488,526.0960,10.6200,9.4800,Fail
D26-15,60,1335,-6.4170,125.0520,24.4781,93.3882,470.5950,11.4000,11.2700,Fail
D26-15,60,1343,-6.2018,125.0430,24.1025,93.5323,456.2600,12.2200,12.2200,Fail
D26-15,60,1344,-6.0018,125.0450,25.4897,94.3283,510.2910,10.0600,9.7700,Fail
D26-15,60,1345,-5.8021,125.0450,22.7335,96.9441,405.9050,12.2800,12.2800,Fail
D26-15,60,1388,-6.8530,125.0270,23.2526,94.9587,424.6500,9.4900,9.3500,Fail
D26-15,60,1390,-6.3024,125.0210,26.3207,95.0111,544.1060,12.4300,12.3200,Fail
D26-15,60,1391,-6.1018,125.0220,26.1243,96.2873,536.0200,10.3800,10.3800,Fail
D26-15,60,1392,-5.9018,125.0230,23.4163,95.2897,430.6540,8.7100,8.7100,Fail
D26-15,60,1393,-5.7012,125.0240,23.9499,94.0977,450.5020,9.3300,7.8900,Pass
D26-15,60,1435,-6.8920,124.9880,23.9401,92.2850,450.1340,11.5700,11.5700,Fail
D26-15,60,1436,-6.8144,124.9880,23.8193,96.9622,445.6010,10.5900,5.3600,Pass
D26-15,60,1441,-6.3396,124.9820,26.0286,94.0965,532.0990,10.6400,10.6400,Fail
D26-15,60,1442,-6.2630,124.9820,25.4161,95.3280,507.3500,11.1100,11.1100,Fail
D26-15,60,1443,-6.1402,124.9830,25.6452,95.2458,516.5390,10.3400,10.3400,Fail
D26-15,60,1444,-6.0629,124.9840,25.6270,94.5820,515.8040,9.0700,8.6900,Fail
D26-15,60,1445,-5.9406,124.9840,23.1382,97.3210,420.4850,9.3800,9.3800,Fail
D26-15,60,1446,-5.8626,124.9840,23.6121,97.0524,437.8820,13.0400,12.1400,Fail
D26-15,60,1447,-5.7398,124.9850,23.7865,91.6370,444.3760,12.3200,10.0100,Fail
D26-15,60,1519,-6.5216,124.9770,26.8952,95.8212,568.1200,12.3800,11.9000,Fail
D26-15,60,1522,-6.6260,124.9730,24.2380,97.1561,461.4060,8.6600,8.6600,Fail
D26-15,60,1523,-6.4169,124.9740,26.1273,93.5815,536.1420,12.2500,12.2500,Fail
D26-15,60,1543,-6.8529,124.9490,23.2727,96.8469,425.3850,10.8600,7.2300,Pass
D26-15,60,1544,-6.3023,124.9430,27.3638,93.9559,588.0900,11.2700,10.6700,Fail
D26-15,60,1545,-6.1016,124.9440,25.7151,97.2589,519.3570,12.6700,12.2700,Fail
D26-15,60,1546,-5.9011,124.9450,23.0470,96.3941,417.1760,15.5900,14.8600,Fail
D26-15,60,1547,-5.7010,124.9460,23.5094,91.4934,434.0840,8.9800,3.8100,Pass
D26-15,60,1588,-6.2012,124.9220,24.8262,93.3143,484.0720,12.1500,10.1700,Fail
D26-15,60,1626,-6.6260,124.9010,23.4729,94.6342,432.7360,10.3900,7.8100,Pass
D26-15,60,1627,-6.4165,124.9020,25.5721,98.5439,513.5990,9.7100,9.2300,Fail
D26-15,60,1646,-6.2403,124.8820,24.6654,94.4153,477.8230,10.7900,10.1500,Fail
D26-15,60,1647,-6.1626,124.8830,24.0182,92.8126,453.0750,12.4900,11.6800,Fail
D26-15,60,1648,-6.0403,124.8830,23.2156,93.1094,423.3020,13.3700,11.0000,Fail
D26-15,60,1649,-5.9622,124.8830,23.0132,94.2616,415.9510,11.3700,10.6000,Fail
D26-15,60,1650,-5.8401,124.8840,23.6978,95.4027,441.0680,8.4400,8.4400,Fail
D26-15,60,1651,-5.7620,124.8850,22.8806,95.0777,411.1730,10.8800,9.7700,Fail
D26-15,60,1717,-6.8914,124.8770,23.7635,95.9567,443.5180,9.6400,9.0300,Fail
D26-15,60,1733,-6.5208,124.8430,23.0335,92.7161,416.6860,12.6700,12.6700,Fail
D26-15,60,1736,-6.2013,124.8440,23.7044,90.4905,441.3130,14.0800,13.0500,Fail
D26-15,60,1737,-6.0010,124.8440,22.9725,92.5533,414.4810,13.5700,12.7400,Fail
D26-15,60,1738,-5.8006,124.8450,23.0199,95.8566,416.1960,8.7100,7.9500,Pass
D26-15,60,1783,-6.6260,124.8230,23.6451,95.4171,439.1070,7.4200,6.7000,Pass
D26-15,60,1784,-6.4164,124.8240,23.9466,96.4196,450.3790,9.5500,9.0300,Fail
D26-15,60,1788,-6.3016,124.8210,26.2673,96.7546,541.9010,9.2900,5.9500,Pass
D26-15,60,1789,-6.1012,124.8220,23.4596,92.9960,432.2460,7.6500,6.5200,Pass
D26-15,60,1790,-5.9008,124.8230,23.2526,95.8672,424.6500,12.0900,10.8200,Fail
D26-15,60,1791,-5.7004,124.8240,24.5577,93.9324,473.6580,6.7000,4.7900,Pass
D26-15,60,1838,-6.3380,124.7820,25.3823,93.6256,506.0030,8.5200,7.7500,Pass
D26-15,60,1839,-6.2620,124.7820,23.1382,90.7284,420.4850,5.5100,5.5100,Pass
D26-15,60,1840,-6.1395,124.7830,23.2156,94.2905,423.3020,12.7600,12.4200,Fail
D26-15,60,1841,-6.0621,124.7830,22.8567,91.1074,410.3150,6.0600,6.0600,Pass
D26-15,60,1842,-5.9395,124.7840,22.5544,94.2604,399.5340,11.5900,9.6600,Fail
D26-15,60,1843,-5.8620,124.7840,23.3863,92.2740,429.5510,11.1500,10.8400,Fail
D26-15,60,1844,-5.7388,124.7850,23.4696,94.9182,432.6140,5.1800,2.5500,Pass
D26-15,60,1916,-6.8909,124.7670,23.5492,93.6451,435.5540,7.9000,7.4500,Pass
D26-15,60,1917,-6.5208,124.7650,23.2693,92.3730,425.2630,6.7100,2.5100,Pass
D26-15,60,1933,-6.3015,124.7430,25.9476,95.5702,528.7910,10.5700,10.1300,Fail
D26-15,60,1934,-5.9003,124.7450,23.0470,94.3180,417.1760,6.8400,4.3800,Pass
D26-15,60,1935,-5.6998,124.7460,23.3262,92.9852,427.3460,5.0200,5.0200,Pass
D26-15,60,1946,-6.1004,124.7440,22.8635,91.6307,410.5600,10.0300,9.2800,Fail
D26-15,60,1979,-6.2007,124.7220,22.3739,87.9312,393.1630,12.2200,11.2800,Fail
D26-15,60,1980,-5.8000,124.7230,23.3129,96.6240,426.8550,12.7700,12.2800,Fail
D26-15,60,2015,-6.9638,124.6950,23.1079,94.1397,419.3820,3.8000,1.8700,Pass
D26-15,60,2035,-6.2393,124.6820,23.3162,94.2550,426.9780,8.4600,7.1200,Pass
D26-15,60,2036,-6.1616,124.6830,22.6476,94.0282,402.8420,8.7300,5.8400,Pass
D26-15,60,2037,-6.0391,124.6830,23.1786,94.9548,421.9550,13.2700,10.8300,Fail
D26-15,60,2038,-5.9610,124.6830,23.1450,91.8837,420.7300,12.0900,11.6200,Fail
D26-15,60,2039,-5.8392,124.6840,23.6154,98.9506,438.0050,7.3600,6.6600,Pass
D26-15,60,2040,-5.7610,124.6850,22.7713,95.4575,407.2530,11.1300,6.5900,Pass
D26-15,60,2108,-6.8904,124.6560,23.3329,94.5041,427.5910,6.6800,6.2800,Pass
D26-15,60,2114,-6.2001,124.6440,23.1315,92.2812,420.2390,7.2300,5.2800,Pass
D26-15,60,2115,-5.9996,124.6450,22.8772,94.8989,411.0510,7.8700,6.5000,Pass
D26-15,60,2116,-5.7999,124.6450,23.3963,95.0820,429.9180,6.5000,3.5300,Pass
D26-15,60,2157,-6.9640,124.6180,23.4197,93.5503,430.7760,1.6200,0.7100,Pass
D26-15,60,2158,-6.6999,124.6190,23.4463,92.5927,431.7560,6.8700,6.4700,Pass
D26-15,60,2159,-6.5002,124.6200,23.3730,95.6504,429.0610,2.0600,1.2600,Pass
D26-15,60,2160,-6.1003,124.6220,23.2727,94.6031,425.3850,8.2100,6.9700,Pass
D26-15,60,2161,-5.7000,124.6240,23.6813,91.7142,440.4550,2.9800,0.9700,Pass
D26-15,60,2196,-6.8513,124.5860,23.4030,93.9624,430.1630,6.2700,6.2700,Pass
D26-15,60,2197,-6.7388,124.5800,23.4762,94.4961,432.8590,6.7600,6.7600,Pass
D26-15,60,2198,-6.6607,124.5800,23.3229,94.6074,427.2230,4.6200,2.4900,Pass
D26-15,60,2199,-6.5387,124.5810,22.8123,92.2717,408.7230,8.0300,7.5500,Pass
D26-15,60,2200,-6.4613,124.5810,23.1011,97.9205,419.1370,5.1400,4.9100,Pass
D26-15,60,2201,-6.3370,124.5820,26.3266,99.1728,544.3510,2.3000,1.0800,Pass
D26-15,60,2202,-6.2616,124.5820,23.2223,94.2842,423.5470,7.9800,3.5000,Pass
D26-15,60,2203,-6.1391,124.5830,22.7781,94.2453,407.4980,8.3000,6.4900,Pass
D26-15,60,2204,-6.0612,124.5830,23.1517,95.9812,420.9750,7.7700,6.7800,Pass
D26-15,60,2205,-5.9390,124.5830,23.2223,96.0290,423.5470,8.3600,7.6100,Pass
D26-15,60,2206,-5.8609,124.5840,23.4762,96.6576,432.8590,7.6700,7.6700,Pass
D26-15,60,2207,-5.7385,124.5840,23.8225,95.6664,445.7230,1.1800,0.6600,Pass
D26-15,60,2300,-6.8900,124.5470,23.8552,98.9587,446.9490,2.6000,1.9700,Pass
D26-15,60,2301,-6.8121,124.5470,23.1921,92.6685,422.4450,3.0500,1.6800,Pass
D26-15,60,2304,-6.6994,124.5410,22.9589,91.9344,413.9910,6.3900,5.3900,Pass
D26-15,60,2305,-6.3007,124.5430,27.2811,91.7413,584.5370,4.4900,3.4200,Pass
D26-15,60,2306,-5.8994,124.5450,23.2257,93.8981,423.6700,7.8400,5.0600,Pass
D26-15,60,2342,-6.5996,124.5200,23.3863,94.6303,429.5510,7.3000,5.3300,Pass
D26-15,60,2343,-6.2001,124.5210,23.3697,95.1237,428.9380,5.6600,2.6800,Pass
D26-15,60,2344,-5.9993,124.5220,23.8422,94.6616,446.4580,5.0500,4.5800,Pass
D26-15,60,2345,-5.7993,124.5230,23.5658,94.3687,436.1670,4.8900,3.7100,Pass
D26-15,60,2390,-6.8509,124.5080,23.6484,94.6940,439.2300,1.0000,1.0000,Pass
D26-15,228,149,6.3207,13.0539,20.8920,98.0079,342.8080,0.0000,0.0000,Pass
D26-15,228,150,6.5207,13.0548,20.6932,97.2118,336.3140,0.0000,0.0000,Pass
D26-15,228,173,6.6266,13.0239,20.6101,93.8665,333.6190,0.0000,0.0000,Pass
D26-15,228,174,6.6746,13.0244,20.5988,95.1102,333.2510,0.0000,0.0000,Pass
D26-15,228,175,6.7564,13.0244,20.9479,95.1448,344.6450,0.0000,0.0000,Pass
D26-15,228,176,6.8045,13.0245,20.9814,94.6186,345.7480,0.0000,0.0000,Pass
D26-15,228,177,6.8867,13.0250,21.0149,92.5759,346.8510,0.0000,0.0000,Pass
D26-15,228,178,6.9345,13.0252,21.1517,93.4965,351.3840,0.0000,0.0000,Pass
D26-15,228,179,7.0168,13.0255,20.7120,95.1995,336.9270,0.0000,0.0000,Pass
D26-15,228,180,7.0648,13.0256,21.1148,92.9209,350.1590,0.0000,0.0000,Pass
D26-15,228,181,7.1469,13.0262,20.9814,94.2493,345.7480,0.0000,0.0000,Pass
D26-15,228,182,7.1949,13.0263,21.3536,91.6102,358.1220,0.0000,0.0000,Pass
D26-15,228,286,6.0455,12.9568,20.6063,95.0802,333.4960,0.0000,0.0000,Pass
D26-15,228,287,6.1576,12.9570,20.5533,95.1966,331.7810,0.0000,0.0000,Pass
D26-15,228,293,6.6920,12.9111,21.0445,95.0981,347.8310,0.0000,0.0000,Pass
D26-15,228,294,6.7398,12.9115,21.1111,93.6541,350.0360,0.0000,0.0000,Pass
D26-15,228,295,6.9520,12.9125,21.4665,93.2761,361.9210,0.0000,0.0000,Pass
D26-15,228,296,7.0002,12.9126,21.0111,92.1532,346.7280,0.0000,0.0000,Pass
D26-15,228,337,6.3213,12.8971,20.7158,94.2323,337.0490,0.0000,0.0000,Pass
D26-15,228,338,6.5212,12.8977,20.4429,95.1116,328.2280,0.0000,0.0000,Pass
D26-15,228,367,6.3216,12.8189,20.8584,94.0873,341.7050,0.0000,0.0000,Pass
D26-15,228,368,6.5216,12.8199,20.5039,96.7271,330.1880,0.0000,0.0000,Pass
D26-15,228,380,7.2100,12.8170,21.2767,93.1209,355.5500,0.0000,0.0000,Pass
D26-15,228,434,6.0464,12.7854,21.0149,94.7250,346.8510,0.0000,0.0000,Pass
D26-15,228,435,6.1582,12.7860,20.7120,93.9768,336.9270,0.0000,0.0000,Pass
D26-15,228,441,6.3219,12.7520,20.9851,95.9267,345.8710,0.0000,0.0000,Pass
D26-15,228,468,6.3221,12.6740,20.5495,98.4848,331.6580,0.0000,0.0000,Pass
D26-15,228,497,6.1589,12.6320,20.4772,92.6814,329.3310,0.0000,0.0000,Pass
D26-15,228,499,6.0469,12.6315,20.8472,94.3458,341.3370,0.0000,0.0000,Pass
D26-15,228,500,7.1485,12.6311,20.9628,93.3642,345.1350,0.0000,0.0000,Pass
D26-15,228,501,7.1965,12.6315,21.3645,90.4890,358.4900,0.0000,0.0000,Pass
D26-15,228,535,6.3224,12.6020,20.9330,95.1789,344.1550,0.0000,0.0000,Pass
D26-15,228,536,6.5222,12.6028,22.8226,94.8970,409.0900,0.0000,0.0000,Pass
D26-15,228,547,6.6522,12.5838,22.1567,95.9652,385.5670,0.0000,0.0000,Pass
D26-15,228,548,7.0426,12.5854,20.8995,91.8020,343.0530,0.0000,0.0000,Pass
D26-15,228,591,6.3228,12.5240,22.4226,95.9077,394.8780,0.0000,0.0000,Pass
D26-15,228,592,6.5225,12.5249,22.4747,96.6076,396.7160,0.0000,0.0000,Pass
D26-15,228,600,6.7587,12.5196,22.9147,94.4121,412.3980,0.0000,0.0000,Pass
D26-15,228,601,6.8067,12.5198,23.2593,95.8701,424.8950,0.0000,0.0000,Pass
D26-15,228,602,6.8886,12.5201,23.7996,93.9843,444.8660,0.0000,0.0000,Pass
D26-15,228,603,6.9364,12.5204,22.6304,96.9014,402.2290,0.0000,0.0000,Pass
D26-15,228,656,6.6523,12.5056,22.0367,93.7944,381.4010,0.0000,0.0000,Pass
D26-15,228,657,7.0428,12.5072,20.8509,96.6812,341.4600,0.0000,0.0000,Pass
D26-15,228,684,6.0713,12.4847,21.0074,91.6332,346.6060,0.0000,0.0000,Pass
D26-15,228,700,6.3110,12.4587,22.7781,93.3244,407.4980,0.0000,0.0000,Pass
D26-15,228,702,6.6526,12.4538,21.6834,94.1224,369.2720,0.0000,0.0000,Pass
D26-15,228,703,6.7636,12.4542,22.3250,94.4469,391.4480,0.0000,0.0000,Pass
D26-15,228,704,6.8113,12.4545,22.5613,94.9142,399.7790,0.0000,0.0000,Pass
D26-15,228,705,6.8844,12.4548,22.8157,92.6767,408.8450,0.0000,0.0000,Pass
D26-15,228,706,6.9321,12.4549,23.1349,93.9489,420.3620,0.0000,0.0000,Pass
D26-15,228,707,7.0430,12.4554,21.0149,94.7526,346.8510,0.0000,0.0000,Pass
D26-15,228,708,7.2236,12.4563,21.2767,91.9455,355.5500,0.3800,0.3800,Pass
D26-15,228,731,6.0326,12.4457,20.9181,93.4578,343.6650,0.0000,0.0000,Pass
D26-15,228,732,6.1104,12.4459,21.0816,93.4530,349.0560,0.0000,0.0000,Pass
D26-15,228,786,6.3841,12.4322,22.3215,95.7476,391.3250,0.0000,0.0000,Pass
D26-15,228,787,6.4962,12.4328,21.5897,97.2154,366.0860,0.0000,0.0000,Pass
D26-15,228,798,7.1846,12.4170,21.3060,93.2802,356.5300,0.0000,0.0000,Pass
D26-15,228,832,6.0715,12.4068,21.1665,91.8833,351.8740,0.0000,0.0000,Pass
D26-15,228,833,5.9594,12.3888,21.1370,96.9371,350.8940,0.0000,0.0000,Pass
D26-15,228,834,6.1974,12.3840,20.9144,94.4165,343.5430,0.0000,0.0000,Pass
D26-15,228,835,6.9324,12.3770,23.2961,95.8020,426.2430,0.2300,0.2300,Pass
D26-15,228,848,6.6531,12.3759,19.9094,91.7103,311.3200,0.0000,0.0000,Pass
D26-15,228,849,6.7639,12.3763,22.2655,92.2487,389.3650,0.0000,0.0000,Pass
D26-15,228,850,6.8118,12.3763,22.6235,94.4070,401.9840,0.0000,0.0000,Pass
D26-15,228,851,6.8845,12.3768,22.6269,93.0312,402.1070,0.0000,0.0000,Pass
D26-15,228,852,7.0433,12.3774,20.8659,93.2111,341.9500,0.0000,0.0000,Pass
D26-15,228,853,7.2238,12.3784,21.0593,93.6312,348.3210,0.0000,0.0000,Pass
D26-15,228,925,5.9985,12.3500,20.6139,94.0607,333.7410,0.0000,0.0000,Pass
D26-15,228,935,6.1588,12.3450,20.0266,91.2583,314.9960,0.0000,0.0000,Pass
D26-15,228,936,6.2370,12.3450,20.7497,93.4751,338.1520,0.0000,0.0000,Pass
D26-15,228,977,6.1979,12.3060,20.9889,90.4790,345.9930,0.0000,0.0000,Pass
D26-15,228,978,6.0722,12.2848,21.2180,92.7234,353.5890,0.0000,0.0000,Pass
D26-15,228,979,5.9599,12.2793,21.5282,94.6555,364.0030,0.0000,0.0000,Pass
D26-15,228,1000,6.6234,12.2537,21.4302,96.8864,360.6950,0.0000,0.0000,Pass
D26-15,228,1001,6.8236,12.2546,22.5786,95.4633,400.3910,0.0000,0.0000,Pass
D26-15,228,1002,7.0237,12.2557,20.6404,93.4577,334.5990,0.0000,0.0000,Pass
D26-15,228,1003,7.2243,12.2564,21.0408,93.7409,347.7080,0.0000,0.0000,Pass
D26-15,228,1039,6.0336,12.2455,20.8247,91.7011,340.6020,0.0000,0.0000,Pass
D26-15,228,1040,6.1110,12.2458,21.1480,93.8510,351.2610,0.0000,0.0000,Pass
D26-15,228,1042,6.5847,12.2145,22.2480,94.7999,388.7520,0.0000,0.0000,Pass
D26-15,228,1043,6.6624,12.2152,22.0190,94.7104,380.7880,0.0000,0.0000,Pass
D26-15,228,1044,6.7849,12.2155,22.5129,94.2696,398.0640,0.0000,0.0000,Pass
D26-15,228,1045,6.8629,12.2158,22.8431,93.4325,409.8250,0.0000,0.0000,Pass
D26-15,228,1046,6.9851,12.2165,21.2584,93.1805,354.9370,0.0000,0.0000,Pass
D26-15,228,1047,7.0631,12.2164,20.5950,94.3295,333.1290,0.0000,0.0000,Pass
D26-15,228,1048,7.1856,12.2171,21.2547,94.0394,354.8140,0.0000,0.0000,Pass
D26-15,228,1137,5.9602,12.2012,21.1480,95.1742,351.2610,0.0000,0.0000,Pass
D26-15,228,1142,6.6238,12.1759,21.1923,95.8056,352.7320,0.0000,0.0000,Pass
D26-15,228,1143,7.2248,12.1785,21.1480,93.2656,351.2610,0.0000,0.0000,Pass
D26-15,228,1157,6.8242,12.1767,22.8908,95.9822,411.5410,0.0000,0.0000,Pass
D26-15,228,1158,7.0243,12.1776,20.8957,92.2202,342.9300,0.0000,0.0000,Pass
D26-15,228,1193,6.0726,12.1693,20.7007,91.4895,336.5590,0.0000,0.0000,Pass
D26-15,228,1196,6.7238,12.1542,22.1743,99.0584,386.1790,0.0000,0.0000,Pass
D26-15,228,1197,6.9240,12.1551,22.3425,96.1521,392.0600,0.0000,0.0000,Pass
D26-15,228,1198,7.1246,12.1557,21.2547,94.8202,354.8140,0.0000,0.0000,Pass
D26-15,228,1233,6.4040,12.1421,23.2626,92.1220,425.0180,0.0000,0.0000,Pass
D26-15,228,1240,6.0339,12.1302,20.7534,91.9857,338.2740,0.0000,0.0000,Pass
D26-15,228,1241,6.1116,12.1307,20.8472,95.9111,341.3370,0.0000,0.0000,Pass
D26-15,228,1259,6.6851,12.1149,22.2831,96.6589,389.9770,0.0000,0.0000,Pass
D26-15,228,1260,6.7632,12.1155,22.4400,97.8172,395.4910,0.0000,0.0000,Pass
D26-15,228,1261,6.8852,12.1161,22.6028,93.2117,401.2490,0.0000,0.0000,Pass
D26-15,228,1262,6.9633,12.1163,21.1517,94.1473,351.3840,0.0000,0.0000,Pass
D26-15,228,1263,7.0859,12.1168,21.0000,95.1985,346.3610,0.0000,0.0000,Pass
D26-15,228,1264,7.1636,12.1171,20.9144,94.9254,343.5430,0.0000,0.0000,Pass
D26-15,228,1334,6.2994,12.0837,21.1037,95.2967,349.7910,0.0000,0.0000,Pass
D26-15,228,1335,6.5091,12.0845,22.7095,93.3502,405.0470,0.0000,0.0000,Pass
D26-15,228,1343,6.7243,12.0763,22.6511,95.8162,402.9640,0.0000,0.0000,Pass
D26-15,228,1344,6.9246,12.0771,21.4192,95.0655,360.3280,0.0000,0.0000,Pass
D26-15,228,1345,7.1248,12.0779,21.0074,94.8760,346.6060,0.0000,0.0000,Pass
D26-15,228,1388,6.0732,12.0590,20.7346,93.1933,337.6620,0.0000,0.0000,Pass
D26-15,228,1390,6.6244,12.0536,22.3355,97.0670,391.8150,0.0000,0.0000,Pass
D26-15,228,1391,6.8242,12.0546,22.7713,94.2089,407.2530,0.0000,0.0000,Pass
D26-15,228,1392,7.0250,12.0554,20.8696,94.9551,342.0720,0.0000,0.0000,Pass
D26-15,228,1393,7.2251,12.0562,20.8808,95.1853,342.4400,0.0000,0.0000,Pass
D26-15,228,1435,6.0343,12.0201,20.8172,93.4012,340.3570,0.0000,0.0000,Pass
D26-15,228,1436,6.1122,12.0203,20.7797,96.8247,339.1320,0.0000,0.0000,Pass
D26-15,228,1441,6.5856,12.0144,23.1955,95.7874,422.5670,0.0000,0.0000,Pass
D26-15,228,1442,6.6633,12.0151,23.1988,95.0234,422.6900,0.0000,0.0000,Pass
D26-15,228,1443,6.7859,12.0157,21.9160,95.2427,377.2350,0.0000,0.0000,Pass
D26-15,228,1444,6.8636,12.0157,21.0816,97.1477,349.0560,0.0000,0.0000,Pass
D26-15,228,1445,6.9859,12.0164,20.6668,95.7999,335.4560,0.0000,0.0000,Pass
D26-15,228,1446,7.0640,12.0165,21.1702,92.7422,351.9970,0.0000,0.0000,Pass
D26-15,228,1447,7.1864,12.0170,20.9740,92.6019,345.5030,0.0000,0.0000,Pass
D26-15,228,1519,6.4046,12.0091,21.3024,90.1350,356.4070,0.0000,0.0000,Pass
D26-15,228,1522,6.2997,12.0056,20.4047,92.4060,327.0030,0.0000,0.0000,Pass
D26-15,228,1523,6.5096,12.0067,22.5786,98.7289,400.3910,0.0000,0.0000,Pass
D26-15,228,1543,6.0736,11.9812,21.2290,91.5694,353.9570,0.0000,0.0000,Pass
D26-15,228,1544,6.6245,11.9761,21.7696,95.5005,372.2120,0.0000,0.0000,Pass
D26-15,228,1545,6.8249,11.9768,21.2070,96.6937,353.2220,0.0000,0.0000,Pass
D26-15,228,1546,7.0253,11.9775,20.5533,93.5139,331.7810,0.0000,0.0000,Pass
D26-15,228,1547,7.2255,11.9783,20.6252,94.4461,334.1090,0.0000,0.0000,Pass
D26-15,228,1588,6.7247,11.9541,21.0705,94.8396,348.6880,0.0000,0.0000,Pass
D26-15,228,1626,6.2999,11.9336,20.7797,95.0209,339.1320,0.0000,0.0000,Pass
D26-15,228,1627,6.5098,11.9344,20.6819,97.2202,335.9470,0.0000,0.0000,Pass
D26-15,228,1646,6.6857,11.9149,20.5001,95.8107,330.0660,0.0000,0.0000,Pass
D26-15,228,1647,6.7640,11.9152,20.5646,96.2893,332.1480,0.0000,0.0000,Pass
D26-15,228,1648,6.8863,11.9160,20.7647,97.2640,338.6420,0.0000,0.0000,Pass
D26-15,228,1649,6.9642,11.9161,20.5381,95.3039,331.2910,0.0000,0.0000,Pass
D26-15,228,1650,7.0867,11.9166,21.1370,94.9334,350.8940,0.0000,0.0000,Pass
D26-15,228,1651,7.1647,11.9168,20.5988,93.2219,333.2510,0.0000,0.0000,Pass
D26-15,228,1717,6.0348,11.9098,20.6479,91.9333,334.8440,0.0000,0.0000,Pass
D26-15,228,1733,6.4051,11.8761,20.7722,93.3914,338.8870,0.0000,0.0000,Pass
D26-15,228,1736,6.7252,11.8762,20.7910,95.6318,339.5000,0.0000,0.0000,Pass
D26-15,228,1737,6.9254,11.8770,20.7497,95.0087,338.1520,0.0000,0.0000,Pass
D26-15,228,1738,7.1256,11.8779,20.7271,92.0266,337.4170,0.0000,0.0000,Pass
D26-15,228,1783,6.3003,11.8557,20.2243,95.3435,321.2440,0.0000,0.0000,Pass
D26-15,228,1784,6.5102,11.8567,20.1895,96.4210,320.1420,0.0000,0.0000,Pass
D26-15,228,1788,6.6253,11.8536,20.5533,98.1126,331.7810,0.0000,0.0000,Pass
D26-15,228,1789,6.8255,11.8545,21.0556,98.2327,348.1980,0.0000,0.0000,Pass
D26-15,228,1790,7.0257,11.8553,20.9069,96.0767,343.2980,0.0000,0.0000,Pass
D26-15,228,1791,7.2261,11.8562,21.0000,95.2745,346.3610,0.0000,0.0000,Pass
D26-15,228,1838,6.5863,11.8143,20.5381,92.5511,331.2910,0.0000,0.0000,Pass
D26-15,228,1839,6.6643,11.8148,20.8920,94.3898,342.8080,0.0000,0.0000,Pass
D26-15,228,1840,6.7865,11.8154,20.8957,92.9028,342.9300,0.0000,0.0000,Pass
D26-15,228,1841,6.8644,11.8156,20.7196,97.2486,337.1720,0.0000,0.0000,Pass
D26-15,228,1842,6.9868,11.8160,20.5722,96.7649,332.3930,0.0000,0.0000,Pass
D26-15,228,1843,7.0648,11.8163,21.0149,96.6367,346.8510,0.0000,0.0000,Pass
D26-15,228,1844,7.1870,11.8168,20.7045,93.1864,336.6820,0.0000,0.0000,Pass
D26-15,228,1916,6.0353,11.7991,20.9293,96.4392,344.0330,0.0000,0.0000,Pass
D26-15,228,1917,6.4056,11.7979,20.6479,94.3782,334.8440,0.0000,0.0000,Pass
D26-15,228,1933,6.6256,11.7757,20.4925,96.1740,329.8210,0.0000,0.0000,Pass
D26-15,228,1934,7.0262,11.7773,20.9219,96.4378,343.7880,0.0000,0.0000,Pass
D26-15,228,1935,7.2265,11.7782,20.5571,99.0341,331.9030,0.0000,0.0000,Pass
D26-15,228,1946,6.8256,11.7766,20.7534,95.1845,338.2740,0.0000,0.0000,Pass
D26-15,228,1979,6.7257,11.7540,20.5305,95.6231,331.0460,0.0000,0.0000,Pass
D26-15,228,1980,7.1262,11.7556,20.9889,95.7019,345.9930,0.0000,0.0000,Pass
D26-15,228,2015,5.9623,11.7278,20.8397,89.9475,341.0920,0.0000,0.0000,Pass
D26-15,228,2035,6.6869,11.7150,20.9405,93.0836,344.4000,0.0000,0.0000,Pass
D26-15,228,2036,6.7648,11.7151,20.5760,96.7883,332.5160,0.0000,0.0000,Pass
D26-15,228,2037,6.8872,11.7158,20.4658,96.3100,328.9630,0.0000,0.0000,Pass
D26-15,228,2038,6.9652,11.7160,20.6063,94.3793,333.4960,0.0000,0.0000,Pass
D26-15,228,2039,7.0874,11.7165,21.0297,97.3791,347.3410,0.0000,0.0000,Pass
D26-15,228,2040,7.1655,11.7168,20.6706,96.0744,335.5790,0.0000,0.0000,Pass
D26-15,228,2108,6.0359,11.6892,20.8135,95.6316,340.2350,0.0000,0.0000,Pass
D26-15,228,2114,6.7260,11.6761,20.9256,95.5233,343.9100,0.0000,0.0000,Pass
D26-15,228,2115,6.9264,11.6769,20.4276,98.2036,327.7380,0.0000,0.0000,Pass
D26-15,228,2116,7.1264,11.6776,20.5039,97.2237,330.1880,0.0000,0.0000,Pass
D26-15,228,2157,5.9626,11.6500,20.5722,92.8619,332.3930,0.0000,0.0000,Pass
D26-15,228,2158,6.2261,11.6517,20.4810,97.6507,329.4530,0.0000,0.0000,Pass
D26-15,228,2159,6.4261,11.6524,20.8210,96.5044,340.4800,0.0000,0.0000,Pass
D26-15,228,2160,6.8263,11.6543,20.7421,92.0425,337.9070,0.0000,0.0000,Pass
D26-15,228,2161,7.2269,11.6561,20.7158,95.0820,337.0490,0.0000,0.0000,Pass
D26-15,228,2196,6.0749,11.6181,20.8584,96.0845,341.7050,0.0000,0.0000,Pass
D26-15,228,2197,6.1874,11.6124,20.5229,94.8911,330.8010,0.0000,0.0000,Pass
D26-15,228,2198,6.2654,11.6129,20.7083,93.5206,336.8040,0.0000,0.0000,Pass
D26-15,228,2199,6.3875,11.6133,20.5381,97.7101,331.2910,0.0000,0.0000,Pass
D26-15,228,2200,6.4652,11.6136,20.5229,96.1261,330.8010,0.0000,0.0000,Pass
D26-15,228,2201,6.5874,11.6139,20.6063,96.0430,333.4960,0.0000,0.0000,Pass
D26-15,228,2202,6.6650,11.6145,20.8397,96.5176,341.0920,0.0000,0.0000,Pass
D26-15,228,2203,6.7875,11.6151,20.5988,98.2570,333.2510,0.0000,0.0000,Pass
D26-15,228,2204,6.8656,11.6156,20.3703,93.1243,325.9000,0.0000,0.0000,Pass
D26-15,228,2205,6.9878,11.6159,20.7572,99.4565,338.3970,0.0000,0.0000,Pass
D26-15,228,2206,7.0658,11.6162,20.5836,95.1908,332.7610,0.0000,0.0000,Pass
D26-15,228,2207,7.1881,11.6168,20.3779,97.0179,326.1450,0.0000,0.0000,Pass
D26-15,228,2300,6.0364,11.5793,21.0556,92.3772,348.1980,0.0000,0.0000,Pass
D26-15,228,2301,6.1141,11.5793,20.9517,97.2304,344.7680,0.0000,0.0000,Pass
D26-15,228,2304,6.2266,11.5737,20.5722,95.1749,332.3930,0.0000,0.0000,Pass
D26-15,228,2305,6.6265,11.5754,21.3974,98.7525,359.5930,0.0000,0.0000,Pass
D26-15,228,2306,7.0270,11.5771,20.4391,93.6494,328.1050,0.0000,0.0000,Pass
D26-15,228,2342,6.3265,11.5516,20.8135,95.0298,340.2350,0.0000,0.0000,Pass
D26-15,228,2343,6.7269,11.5539,20.7309,97.2817,337.5390,0.0000,0.0000,Pass
D26-15,228,2344,6.9270,11.5547,20.6932,99.2435,336.3140,0.0000,0.0000,Pass
D26-15,228,2345,7.1274,11.5553,20.5798,93.2943,332.6390,0.0000,0.0000,Pass
D26-15,228,2390,6.0753,11.5404,21.2401,92.9963,354.3240,0.0000,0.0000,Pass
D26-15,242,149,-135.9580,-3.0729,20.9628,96.9491,345.1350,0.0000,0.0000,Pass
D26-15,242,150,-135.7580,-3.0722,21.1000,93.3857,349.6690,0.0000,0.0000,Pass
D26-15,242,173,-135.6530,-3.1032,21.0630,96.4529,348.4430,0.0000,0.0000,Pass
D26-15,242,174,-135.6050,-3.1029,20.9069,94.7528,343.2980,0.0000,0.0000,Pass
D26-15,242,175,-135.5230,-3.1027,20.9665,96.0606,345.2580,0.0000,0.0000,Pass
D26-15,242,176,-135.4750,-3.1024,20.9814,93.5871,345.7480,0.0000,0.0000,Pass
D26-15,242,177,-135.3930,-3.1021,20.9703,92.8916,345.3800,0.0000,0.0000,Pass
D26-15,242,178,-135.3450,-3.1020,20.9591,90.1679,345.0130,0.0000,0.0000,Pass
D26-15,242,179,-135.2630,-3.1015,20.6592,92.5618,335.2110,0.0000,0.0000,Pass
D26-15,242,180,-135.2150,-3.1015,20.9628,93.7117,345.1350,0.0000,0.0000,Pass
D26-15,242,181,-135.1320,-3.1012,20.7384,91.9265,337.7840,0.0000,0.0000,Pass
D26-15,242,182,-135.0850,-3.1008,20.9851,92.1432,345.8710,0.0000,0.0000,Pass
D26-15,242,286,-136.2330,-3.1705,20.6668,98.5907,335.4560,0.0000,0.0000,Pass
D26-15,242,287,-136.1210,-3.1700,20.6215,95.9749,333.9860,0.0000,0.0000,Pass
D26-15,242,293,-135.5870,-3.2159,21.1148,96.1265,350.1590,0.0000,0.0000,Pass
D26-15,242,294,-135.5390,-3.2157,20.9479,94.8646,344.6450,0.0000,0.0000,Pass
D26-15,242,295,-135.3270,-3.2150,21.0853,92.9431,349.1790,0.0000,0.0000,Pass
D26-15,242,296,-135.2790,-3.2146,20.8957,94.3203,342.9300,0.0000,0.0000,Pass
D26-15,242,337,-135.9580,-3.2298,20.5722,95.2818,332.3930,0.0000,0.0000,Pass
D26-15,242,338,-135.7580,-3.2291,20.7534,98.6631,338.2740,0.0000,0.0000,Pass
D26-15,242,367,-135.9580,-3.3080,21.0074,95.6651,346.6060,0.0000,0.0000,Pass
D26-15,242,368,-135.7580,-3.3071,20.5722,94.6824,332.3930,0.0000,0.0000,Pass
D26-15,242,380,-135.0690,-3.3101,21.1333,90.2483,350.7710,0.0000,0.0000,Pass
D26-15,242,434,-136.2330,-3.3413,21.0779,93.0269,348.9340,0.0000,0.0000,Pass
D26-15,242,435,-136.1210,-3.3412,21.0519,95.9819,348.0760,0.0000,0.0000,Pass
D26-15,242,441,-135.9570,-3.3748,21.0000,93.5372,346.3610,0.0000,0.0000,Pass
D26-15,242,468,-135.9570,-3.4529,20.5381,94.5625,331.2910,0.0000,0.0000,Pass
D26-15,242,497,-136.1200,-3.4949,20.4009,92.5545,326.8800,0.0000,0.0000,Pass
D26-15,242,499,-136.2320,-3.4955,20.9032,93.6361,343.1750,0.0000,0.0000,Pass
D26-15,242,500,-135.1310,-3.4958,20.9740,92.9017,345.5030,0.0000,0.0000,Pass
D26-15,242,501,-135.0830,-3.4958,21.2511,91.0645,354.6920,0.0000,0.0000,Pass
D26-15,242,535,-135.9570,-3.5249,21.0223,94.6961,347.0960,0.0000,0.0000,Pass
D26-15,242,536,-135.7570,-3.5240,22.7164,95.8131,405.2920,0.0000,0.0000,Pass
D26-15,242,547,-135.6270,-3.5430,22.4852,94.2958,397.0830,0.0000,0.0000,Pass
D26-15,242,548,-135.2370,-3.5417,21.0037,93.4746,346.4830,0.0000,0.0000,Pass
D26-15,242,591,-135.9560,-3.6028,22.1003,93.5296,383.6060,0.0000,0.0000,Pass
D26-15,242,592,-135.7560,-3.6021,21.9231,95.9280,377.4800,0.0000,0.0000,Pass
D26-15,242,600,-135.5210,-3.6074,22.8567,96.5048,410.3150,0.0000,0.0000,Pass
D26-15,242,601,-135.4730,-3.6070,23.0301,92.6627,416.5640,0.0000,0.0000,Pass
D26-15,242,602,-135.3910,-3.6068,23.1247,93.2755,419.9940,0.0000,0.0000,Pass
D26-15,242,603,-135.3430,-3.6067,22.2691,92.7465,389.4870,0.0000,0.0000,Pass
D26-15,242,656,-135.6270,-3.6211,21.6762,92.6042,369.0270,0.0000,0.0000,Pass
D26-15,242,657,-135.2370,-3.6197,21.1849,95.3330,352.4870,0.0000,0.0000,Pass
D26-15,242,684,-136.2080,-3.6421,20.9405,94.6904,344.4000,0.0000,0.0000,Pass
D26-15,242,700,-135.9680,-3.6682,23.0098,95.2061,415.8290,0.0000,0.0000,Pass
D26-15,242,702,-135.6260,-3.6732,21.5753,93.2296,365.5960,0.0000,0.0000,Pass
D26-15,242,703,-135.5160,-3.6727,22.1672,94.4501,385.9340,0.0000,0.0000,Pass
D26-15,242,704,-135.4680,-3.6725,22.3808,95.8678,393.4080,0.0000,0.0000,Pass
D26-15,242,705,-135.3950,-3.6721,23.0233,94.5409,416.3190,0.0000,0.0000,Pass
D26-15,242,706,-135.3470,-3.6718,22.5233,94.2827,398.4310,0.0000,0.0000,Pass
D26-15,242,707,-135.2360,-3.6715,21.2107,95.0559,353.3440,0.0000,0.0000,Pass
D26-15,242,708,-135.0560,-3.6707,21.2217,95.9546,353.7120,0.0000,0.0000,Pass
D26-15,242,731,-136.2460,-3.6811,20.8472,95.1159,341.3370,0.0000,0.0000,Pass
D26-15,242,732,-136.1690,-3.6808,20.5115,93.4242,330.4330,0.0000,0.0000,Pass
D26-15,242,786,-135.8950,-3.6944,22.3285,94.3187,391.5700,0.0000,0.0000,Pass
D26-15,242,787,-135.7830,-3.6941,22.0190,94.4657,380.7880,0.0000,0.0000,Pass
D26-15,242,798,-135.0950,-3.7097,21.3536,94.6919,358.1220,0.0000,0.0000,Pass
D26-15,242,832,-136.2070,-3.7199,20.8733,94.4534,342.1950,0.0000,0.0000,Pass
D26-15,242,833,-136.3200,-3.7378,20.8472,92.7858,341.3370,0.0000,0.0000,Pass
D26-15,242,834,-136.0820,-3.7428,21.0186,92.7976,346.9730,0.0000,0.0000,Pass
D26-15,242,835,-135.3470,-3.7502,23.1483,94.0283,420.8520,0.0000,0.0000,Pass
D26-15,242,848,-135.6260,-3.7509,20.4734,93.3900,329.2080,0.0000,0.0000,Pass
D26-15,242,849,-135.5150,-3.7506,22.1532,93.4959,385.4440,0.0000,0.0000,Pass
D26-15,242,850,-135.4680,-3.7504,22.3913,92.8420,393.7750,0.0000,0.0000,Pass
D26-15,242,851,-135.3950,-3.7502,22.7850,95.1821,407.7430,0.0000,0.0000,Pass
D26-15,242,852,-135.2360,-3.7495,20.7497,93.5665,338.1520,0.0000,0.0000,Pass
D26-15,242,853,-135.0560,-3.7486,21.5463,94.0804,364.6160,0.0000,0.0000,Pass
D26-15,242,925,-136.2800,-3.7767,20.3933,95.4487,326.6350,0.0000,0.0000,Pass
D26-15,242,935,-136.1200,-3.7820,20.2281,96.1460,321.3670,0.0000,0.0000,Pass
D26-15,242,936,-136.0420,-3.7817,21.0037,94.4067,346.4830,0.0000,0.0000,Pass
D26-15,242,977,-136.0810,-3.8208,20.8845,94.0433,342.5630,0.0000,0.0000,Pass
D26-15,242,978,-136.2070,-3.8421,21.2290,93.8889,353.9570,0.0000,0.0000,Pass
D26-15,242,979,-136.3190,-3.8476,20.8546,94.6624,341.5820,0.0000,0.0000,Pass
D26-15,242,1000,-135.6560,-3.8730,21.0408,94.3911,347.7080,0.0000,0.0000,Pass
D26-15,242,1001,-135.4560,-3.8721,22.1602,91.6685,385.6890,0.0000,0.0000,Pass
D26-15,242,1002,-135.2560,-3.8710,21.0186,92.8346,346.9730,0.0000,0.0000,Pass
D26-15,242,1003,-135.0550,-3.8704,21.3536,94.1517,358.1220,0.0000,0.0000,Pass
D26-15,242,1039,-136.2460,-3.8810,20.8210,92.9170,340.4800,0.0000,0.0000,Pass
D26-15,242,1040,-136.1680,-3.8809,20.6630,93.9250,335.3340,0.0000,0.0000,Pass
D26-15,242,1042,-135.6950,-3.9125,21.0260,97.1827,347.2180,0.0000,0.0000,Pass
D26-15,242,1043,-135.6170,-3.9116,21.5608,96.0417,365.1060,0.0000,0.0000,Pass
D26-15,242,1044,-135.4950,-3.9112,22.1883,95.3026,386.6690,0.0000,0.0000,Pass
D26-15,242,1045,-135.4160,-3.9108,22.1250,95.3160,384.4640,0.0000,0.0000,Pass
D26-15,242,1046,-135.2940,-3.9104,21.3645,94.6992,358.4900,0.0000,0.0000,Pass
D26-15,242,1047,-135.2160,-3.9100,21.0111,95.2330,346.7280,0.0000,0.0000,Pass
D26-15,242,1048,-135.0940,-3.9095,21.1923,94.8837,352.7320,0.0000,0.0000,Pass
D26-15,242,1137,-136.3190,-3.9256,20.6479,91.4187,334.8440,0.0000,0.0000,Pass
D26-15,242,1142,-135.6550,-3.9509,20.8546,92.2444,341.5820,0.0000,0.0000,Pass
D26-15,242,1143,-135.0550,-3.9483,21.0890,91.1519,349.3010,0.0000,0.0000,Pass
D26-15,242,1157,-135.4550,-3.9499,22.2375,93.3482,388.3850,0.0000,0.0000,Pass
D26-15,242,1158,-135.2550,-3.9492,20.7007,94.8543,336.5590,0.0000,0.0000,Pass
D26-15,242,1193,-136.2060,-3.9575,20.7797,94.7294,339.1320,0.0000,0.0000,Pass
D26-15,242,1196,-135.5550,-3.9725,22.1461,96.6190,385.1990,0.0000,0.0000,Pass
D26-15,242,1197,-135.3550,-3.9716,21.9373,95.5665,377.9700,0.0000,0.0000,Pass
D26-15,242,1198,-135.1550,-3.9709,21.1111,97.5569,350.0360,0.0000,0.0000,Pass
D26-15,242,1233,-135.8750,-3.9849,22.6683,95.4288,403.5770,0.0000,0.0000,Pass
D26-15,242,1240,-136.2450,-3.9965,20.7459,93.5355,338.0290,0.0000,0.0000,Pass
D26-15,242,1241,-136.1670,-3.9962,20.3051,94.6899,323.8170,0.0000,0.0000,Pass
D26-15,242,1259,-135.5940,-4.0116,21.6654,96.3437,368.6590,0.0000,0.0000,Pass
D26-15,242,1260,-135.5160,-4.0113,22.2200,94.5258,387.7720,0.0000,0.0000,Pass
D26-15,242,1261,-135.3940,-4.0108,22.1532,93.1095,385.4440,0.0000,0.0000,Pass
D26-15,242,1262,-135.3160,-4.0104,20.7346,93.9371,337.6620,0.0000,0.0000,Pass
D26-15,242,1263,-135.1940,-4.0100,21.3134,95.6814,356.7750,0.0000,0.0000,Pass
D26-15,242,1264,-135.1160,-4.0096,20.7722,94.5810,338.8870,0.0000,0.0000,Pass
D26-15,242,1334,-135.9800,-4.0431,20.8509,94.1912,341.4600,0.0000,0.0000,Pass
D26-15,242,1335,-135.7700,-4.0423,22.1215,95.4530,384.3410,0.0000,0.0000,Pass
D26-15,242,1343,-135.5550,-4.0505,22.2445,96.7136,388.6300,0.0000,0.0000,Pass
D26-15,242,1344,-135.3550,-4.0496,21.4593,92.4584,361.6750,0.0000,0.0000,Pass
D26-15,242,1345,-135.1550,-4.0487,21.1296,95.1812,350.6490,0.0000,0.0000,Pass
D26-15,242,1388,-136.2060,-4.0676,20.7158,93.0736,337.0490,0.0000,0.0000,Pass
D26-15,242,1390,-135.6550,-4.0729,21.7875,96.5298,372.8250,0.0000,0.0000,Pass
D26-15,242,1391,-135.4550,-4.0719,22.2620,94.5862,389.2420,0.0000,0.0000,Pass
D26-15,242,1392,-135.2550,-4.0714,21.1886,92.1335,352.6090,0.0000,0.0000,Pass
D26-15,242,1393,-135.0540,-4.0703,21.2401,94.2066,354.3240,0.0000,0.0000,Pass
D26-15,242,1435,-136.2450,-4.1067,21.2217,94.8346,353.7120,0.0000,0.0000,Pass
D26-15,242,1436,-136.1670,-4.1063,21.0519,95.5055,348.0760,0.0000,0.0000,Pass
D26-15,242,1441,-135.6940,-4.1124,22.5683,96.5901,400.0240,0.0000,0.0000,Pass
D26-15,242,1442,-135.6160,-4.1118,22.7644,92.7264,407.0070,0.0000,0.0000,Pass
D26-15,242,1443,-135.4940,-4.1110,22.4261,94.3124,395.0010,0.0000,0.0000,Pass
D26-15,242,1444,-135.4160,-4.1108,21.1185,92.3942,350.2810,0.0000,0.0000,Pass
D26-15,242,1445,-135.2940,-4.1102,20.9740,96.6275,345.5030,0.0000,0.0000,Pass
D26-15,242,1446,-135.2150,-4.1101,21.0853,93.8486,349.1790,0.0000,0.0000,Pass
D26-15,242,1447,-135.0930,-4.1095,21.0260,97.1691,347.2180,0.0000,0.0000,Pass
D26-15,242,1519,-135.8740,-4.1176,21.6510,93.3946,368.1690,0.0000,0.0000,Pass
D26-15,242,1522,-135.9790,-4.1211,20.7309,91.8162,337.5390,0.0000,0.0000,Pass
D26-15,242,1523,-135.7700,-4.1200,22.8670,96.5671,410.6830,0.0000,0.0000,Pass
D26-15,242,1543,-136.2050,-4.1456,21.0630,95.2917,348.4430,0.0000,0.0000,Pass
D26-15,242,1544,-135.6550,-4.1506,21.4447,94.4032,361.1850,0.0000,0.0000,Pass
D26-15,242,1545,-135.4550,-4.1500,21.1259,93.9546,350.5260,0.0000,0.0000,Pass
D26-15,242,1546,-135.2540,-4.1491,20.5609,95.6958,332.0260,0.0000,0.0000,Pass
D26-15,242,1547,-135.0540,-4.1483,20.7947,93.5539,339.6220,0.0000,0.0000,Pass
D26-15,242,1588,-135.5550,-4.1726,21.0111,96.7102,346.7280,0.0000,0.0000,Pass
D26-15,242,1626,-135.9790,-4.1931,20.3856,94.3566,326.3900,0.0000,0.0000,Pass
D26-15,242,1627,-135.7690,-4.1920,20.6706,95.9348,335.5790,0.0000,0.0000,Pass
D26-15,242,1646,-135.5930,-4.2115,20.9442,94.2958,344.5230,0.0000,0.0000,Pass
D26-15,242,1647,-135.5150,-4.2114,20.6101,93.7322,333.6190,0.0000,0.0000,Pass
D26-15,242,1648,-135.3930,-4.2108,20.6101,96.3932,333.6190,0.0000,0.0000,Pass
D26-15,242,1649,-135.3150,-4.2105,20.8284,97.6008,340.7250,0.0000,0.0000,Pass
D26-15,242,1650,-135.1930,-4.2101,21.2547,96.5712,354.8140,0.0000,0.0000,Pass
D26-15,242,1651,-135.1150,-4.2098,20.6743,91.4430,335.7020,0.0000,0.0000,Pass
D26-15,242,1717,-136.2440,-4.2169,20.5495,94.3983,331.6580,0.0000,0.0000,Pass
D26-15,242,1733,-135.8740,-4.2508,20.5381,94.8919,331.2910,0.0000,0.0000,Pass
D26-15,242,1736,-135.5540,-4.2505,20.7346,95.0610,337.6620,0.0000,0.0000,Pass
D26-15,242,1737,-135.3540,-4.2495,20.9740,96.6118,345.5030,0.0000,0.0000,Pass
D26-15,242,1738,-135.1540,-4.2487,21.0223,95.4525,347.0960,0.0000,0.0000,Pass
D26-15,242,1783,-135.9790,-4.2709,20.7684,93.4547,338.7640,0.0000,0.0000,Pass
D26-15,242,1784,-135.7690,-4.2700,20.5798,97.8932,332.6390,0.0000,0.0000,Pass
D26-15,242,1788,-135.6540,-4.2731,20.4315,95.8393,327.8600,0.0000,0.0000,Pass
D26-15,242,1789,-135.4540,-4.2723,21.0445,97.5774,347.8310,0.0000,0.0000,Pass
D26-15,242,1790,-135.2540,-4.2712,21.1738,94.8268,352.1190,0.0000,0.0000,Pass
D26-15,242,1791,-135.0530,-4.2705,21.1000,93.2452,349.6690,0.0000,0.0000,Pass
D26-15,242,1838,-135.6930,-4.3124,20.2859,93.5364,323.2050,0.0000,0.0000,Pass
D26-15,242,1839,-135.6150,-4.3118,20.9665,97.7991,345.2580,0.0000,0.0000,Pass
D26-15,242,1840,-135.4930,-4.3111,20.3281,96.6026,324.5520,0.0000,0.0000,Pass
D26-15,242,1841,-135.4150,-4.3108,20.1857,94.5514,320.0190,0.0000,0.0000,Pass
D26-15,242,1842,-135.2930,-4.3104,21.0223,98.4637,347.0960,0.0000,0.0000,Pass
D26-15,242,1843,-135.2140,-4.3101,21.1074,97.1695,349.9140,0.0000,0.0000,Pass
D26-15,242,1844,-135.0920,-4.3097,20.9219,94.6233,343.7880,0.0000,0.0000,Pass
D26-15,242,1916,-136.2440,-4.3272,20.7947,94.2039,339.6220,0.0000,0.0000,Pass
D26-15,242,1917,-135.8740,-4.3284,20.7497,94.5719,338.1520,0.0000,0.0000,Pass
D26-15,242,1933,-135.6540,-4.3509,20.4848,95.2280,329.5760,0.0000,0.0000,Pass
D26-15,242,1934,-135.2530,-4.3493,20.7421,96.2525,337.9070,0.0000,0.0000,Pass
D26-15,242,1935,-135.0530,-4.3484,20.7572,94.6797,338.3970,0.0000,0.0000,Pass
D26-15,242,1946,-135.4540,-4.3501,20.6781,97.8512,335.8240,0.0000,0.0000,Pass
D26-15,242,1979,-135.5530,-4.3726,20.8172,96.6830,340.3570,0.0000,0.0000,Pass
D26-15,242,1980,-135.1530,-4.3710,20.7309,95.7931,337.5390,0.0000,0.0000,Pass
D26-15,242,2015,-136.3170,-4.3988,20.4772,93.5300,329.3310,0.0000,0.0000,Pass
D26-15,242,2035,-135.5920,-4.4118,20.8097,95.9076,340.1120,0.0000,0.0000,Pass
D26-15,242,2036,-135.5140,-4.4114,20.6441,97.4456,334.7210,0.0000,0.0000,Pass
D26-15,242,2037,-135.3920,-4.4108,20.6177,95.4014,333.8640,0.0000,0.0000,Pass
D26-15,242,2038,-135.3140,-4.4104,20.6252,95.8068,334.1090,0.0000,0.0000,Pass
D26-15,242,2039,-135.1920,-4.4102,21.0816,95.0386,349.0560,0.0000,0.0000,Pass
D26-15,242,2040,-135.1140,-4.4098,20.3971,94.3281,326.7580,0.0000,0.0000,Pass
D26-15,242,2108,-136.2430,-4.4376,20.4734,94.9098,329.2080,0.0000,0.0000,Pass
D26-15,242,2114,-135.5530,-4.4505,20.8659,96.1901,341.9500,0.0000,0.0000,Pass
D26-15,242,2115,-135.3530,-4.4497,20.8920,96.9138,342.8080,0.0000,0.0000,Pass
D26-15,242,2116,-135.1530,-4.4490,20.7459,95.1892,338.0290,0.0000,0.0000,Pass
D26-15,242,2157,-136.3160,-4.4767,20.9926,93.7790,346.1160,0.0000,0.0000,Pass
D26-15,242,2158,-136.0530,-4.4752,20.8509,92.8565,341.4600,0.0000,0.0000,Pass
D26-15,242,2159,-135.8530,-4.4743,20.8322,93.9884,340.8470,0.0000,0.0000,Pass
D26-15,242,2160,-135.4530,-4.4722,20.6479,98.3192,334.8440,0.0000,0.0000,Pass
D26-15,242,2161,-135.0520,-4.4704,21.0408,96.2977,347.7080,0.0000,0.0000,Pass
D26-15,242,2196,-136.2040,-4.5083,20.7760,95.7847,339.0100,0.0000,0.0000,Pass
D26-15,242,2197,-136.0920,-4.5142,21.1000,94.7594,349.6690,0.0000,0.0000,Pass
D26-15,242,2198,-136.0140,-4.5138,20.9442,97.3898,344.5230,0.0000,0.0000,Pass
D26-15,242,2199,-135.8920,-4.5133,20.8546,98.4119,341.5820,0.0000,0.0000,Pass
D26-15,242,2200,-135.8140,-4.5128,20.7609,94.4343,338.5190,0.0000,0.0000,Pass
D26-15,242,2201,-135.6920,-4.5124,20.7722,96.1741,338.8870,0.0000,0.0000,Pass
D26-15,242,2202,-135.6140,-4.5119,20.9814,96.2895,345.7480,0.0000,0.0000,Pass
D26-15,242,2203,-135.4920,-4.5114,20.4200,95.6313,327.4930,0.0000,0.0000,Pass
D26-15,242,2204,-135.4140,-4.5110,20.2589,93.4742,322.3470,0.0000,0.0000,Pass
D26-15,242,2205,-135.2920,-4.5104,20.4544,92.6121,328.5950,0.0000,0.0000,Pass
D26-15,242,2206,-135.2140,-4.5101,20.9740,96.1880,345.5030,0.0000,0.0000,Pass
D26-15,242,2207,-135.0910,-4.5098,20.2705,93.7999,322.7150,0.0000,0.0000,Pass
D26-15,242,2300,-136.2430,-4.5474,20.8696,95.6403,342.0720,0.0000,0.0000,Pass
D26-15,242,2301,-136.1650,-4.5470,20.6857,96.2588,336.0690,0.0000,0.0000,Pass
D26-15,242,2304,-136.0520,-4.5530,20.5722,93.7600,332.3930,0.0000,0.0000,Pass
D26-15,242,2305,-135.6530,-4.5508,21.1074,94.9589,349.9140,0.0000,0.0000,Pass
D26-15,242,2306,-135.2520,-4.5493,20.7609,94.0098,338.5190,0.0000,0.0000,Pass
D26-15,242,2342,-135.9530,-4.5748,20.8584,99.5415,341.7050,0.0000,0.0000,Pass
D26-15,242,2343,-135.5530,-4.5725,20.9368,96.6534,344.2780,0.0000,0.0000,Pass
D26-15,242,2344,-135.3520,-4.5719,20.6706,99.0772,335.5790,0.0000,0.0000,Pass
D26-15,242,2345,-135.1520,-4.5710,20.9554,95.9266,344.8900,0.0000,0.0000,Pass
D26-15,242,2390,-136.2040,-4.5861,20.4429,94.4734,328.2280,0.0000,0.0000,Pass
D26-15,252,149,-6.6155,-3.0833,21.1886,97.9402,352.6090,0.0000,0.0000,Pass
D26-15,252,150,-6.4158,-3.0826,20.9740,96.4453,345.5030,0.0000,0.0000,Pass
D26-15,252,173,-6.3098,-3.1135,21.1959,96.2379,352.8540,0.0000,0.0000,Pass
D26-15,252,174,-6.2620,-3.1136,20.8621,93.8395,341.8270,0.0000,0.0000,Pass
D26-15,252,175,-6.1799,-3.1129,21.2804,98.2332,355.6720,0.0000,0.0000,Pass
D26-15,252,176,-6.1319,-3.1128,21.0705,94.8869,348.6880,0.0000,0.0000,Pass
D26-15,252,177,-6.0496,-3.1125,21.0149,94.3661,346.8510,0.0000,0.0000,Pass
D26-15,252,178,-6.0019,-3.1123,20.9926,93.3044,346.1160,0.0000,0.0000,Pass
D26-15,252,179,-5.9199,-3.1120,20.7572,95.7019,338.3970,0.0000,0.0000,Pass
D26-15,252,180,-5.8718,-3.1118,20.9479,93.5080,344.6450,0.0000,0.0000,Pass
D26-15,252,181,-5.7896,-3.1112,21.5391,91.6402,364.3710,0.0000,0.0000,Pass
D26-15,252,182,-5.7416,-3.1111,20.9851,92.4031,345.8710,0.0000,0.0000,Pass
D26-15,252,286,-6.8908,-3.1810,20.8284,98.6768,340.7250,0.0000,0.0000,Pass
D26-15,252,287,-6.7787,-3.1805,20.5495,97.3084,331.6580,0.0000,0.0000,Pass
D26-15,252,293,-6.2444,-3.2262,21.1959,96.3362,352.8540,0.0000,0.0000,Pass
D26-15,252,294,-6.1964,-3.2260,21.0408,95.7384,347.7080,0.0000,0.0000,Pass
D26-15,252,295,-5.9844,-3.2251,21.3937,94.8802,359.4700,0.0000,0.0000,Pass
D26-15,252,296,-5.9364,-3.2248,21.1849,96.2153,352.4870,0.0000,0.0000,Pass
D26-15,252,337,-6.6152,-3.2403,21.0260,96.9313,347.2180,0.0000,0.0000,Pass
D26-15,252,338,-6.4152,-3.2397,20.7910,96.5619,339.5000,0.0000,0.0000,Pass
D26-15,252,367,-6.6148,-3.3184,20.9591,95.3041,345.0130,0.0000,0.0000,Pass
D26-15,252,368,-6.4150,-3.3176,20.5684,95.6626,332.2710,0.0000,0.0000,Pass
D26-15,252,380,-5.7267,-3.3207,20.9889,93.5177,345.9930,0.0000,0.0000,Pass
D26-15,252,434,-6.8902,-3.3517,21.0593,91.6738,348.3210,0.0000,0.0000,Pass
D26-15,252,435,-6.7781,-3.3514,20.7309,94.6903,337.5390,0.0000,0.0000,Pass
D26-15,252,441,-6.6147,-3.3854,20.8434,94.5705,341.2150,0.0000,0.0000,Pass
D26-15,252,468,-6.6144,-3.4634,20.4734,95.7765,329.2080,0.0000,0.0000,Pass
D26-15,252,497,-6.7776,-3.5055,20.3550,95.5327,325.4100,0.0000,0.0000,Pass
D26-15,252,499,-6.8893,-3.5061,20.8696,96.8368,342.0720,0.0000,0.0000,Pass
D26-15,252,500,-5.7885,-3.5061,21.3645,93.0545,358.4900,0.0000,0.0000,Pass
D26-15,252,501,-5.7402,-3.5060,21.3024,89.9800,356.4070,0.0000,0.0000,Pass
D26-15,252,535,-6.6139,-3.5354,21.0037,98.9598,346.4830,0.0000,0.0000,Pass
D26-15,252,536,-6.4141,-3.5345,22.8431,92.4347,409.8250,0.0000,0.0000,Pass
D26-15,252,547,-6.2842,-3.5537,22.2585,94.3407,389.1200,0.0000,0.0000,Pass
D26-15,252,548,-5.8940,-3.5522,21.1665,93.0523,351.8740,0.0000,0.0000,Pass
D26-15,252,591,-6.6136,-3.6134,22.3704,96.5192,393.0400,0.0000,0.0000,Pass
D26-15,252,592,-6.4138,-3.6125,22.1179,92.8092,384.2190,0.0000,0.0000,Pass
D26-15,252,600,-6.1777,-3.6176,23.0639,96.8552,417.7890,0.0000,0.0000,Pass
D26-15,252,601,-6.1300,-3.6177,23.4163,98.4937,430.6540,0.0000,0.0000,Pass
D26-15,252,602,-6.0477,-3.6173,23.6187,97.9567,438.1270,0.0000,0.0000,Pass
D26-15,252,603,-6.0001,-3.6172,22.5233,94.2170,398.4310,0.0000,0.0000,Pass
D26-15,252,656,-6.2839,-3.6317,21.8946,96.7362,376.5000,0.0000,0.0000,Pass
D26-15,252,657,-5.8939,-3.6301,20.9665,98.8958,345.2580,0.0000,0.0000,Pass
D26-15,252,684,-6.8650,-3.6527,21.0482,93.6189,347.9530,0.0000,0.0000,Pass
D26-15,252,700,-6.6256,-3.6787,22.7781,94.2553,407.4980,0.0000,0.0000,Pass
D26-15,252,702,-6.2836,-3.6836,21.7839,94.2657,372.7020,0.0000,0.0000,Pass
D26-15,252,703,-6.1730,-3.6831,22.4296,95.8087,395.1230,0.0000,0.0000,Pass
D26-15,252,704,-6.1252,-3.6829,22.7061,93.9713,404.9250,0.0000,0.0000,Pass
D26-15,252,705,-6.0523,-3.6825,23.0301,94.5266,416.5640,0.0000,0.0000,Pass
D26-15,252,706,-6.0044,-3.6826,22.9691,92.5720,414.3590,0.0000,0.0000,Pass
D26-15,252,707,-5.8936,-3.6819,21.1628,93.7100,351.7510,0.0000,0.0000,Pass
D26-15,252,708,-5.7129,-3.6812,21.2070,93.9538,353.2220,0.0000,0.0000,Pass
D26-15,252,731,-6.9040,-3.6916,20.8284,89.6932,340.7250,0.0000,0.0000,Pass
D26-15,252,732,-6.8259,-3.6915,21.0223,93.1380,347.0960,0.0000,0.0000,Pass
D26-15,252,786,-6.5525,-3.7050,21.6906,95.3004,369.5170,0.0000,0.0000,Pass
D26-15,252,787,-6.4402,-3.7046,21.6005,94.9015,366.4540,0.0000,0.0000,Pass
D26-15,252,798,-5.7516,-3.7200,21.2987,91.0326,356.2850,0.0000,0.0000,Pass
D26-15,252,832,-6.8649,-3.7305,20.7835,95.0436,339.2550,0.0000,0.0000,Pass
D26-15,252,833,-6.9769,-3.7486,21.0223,92.5871,347.0960,0.0000,0.0000,Pass
D26-15,252,834,-6.7389,-3.7534,20.7760,94.3998,339.0100,0.0000,0.0000,Pass
D26-15,252,835,-6.0041,-3.7605,22.6269,95.2914,402.1070,0.0000,0.0000,Pass
D26-15,252,848,-6.2833,-3.7616,20.1625,95.1695,319.2840,0.0000,0.0000,Pass
D26-15,252,849,-6.1727,-3.7610,22.1109,95.2666,383.9740,0.0000,0.0000,Pass
D26-15,252,850,-6.1249,-3.7609,22.8567,96.1807,410.3150,0.0000,0.0000,Pass
D26-15,252,851,-6.0519,-3.7608,22.8089,95.5471,408.6000,0.0000,0.0000,Pass
D26-15,252,852,-5.8934,-3.7600,21.1296,95.6342,350.6490,0.0000,0.0000,Pass
D26-15,252,853,-5.7128,-3.7592,20.9330,97.2844,344.1550,0.0000,0.0000,Pass
D26-15,252,925,-6.9379,-3.7873,21.0000,95.4908,346.3610,0.0000,0.0000,Pass
D26-15,252,935,-6.7776,-3.7924,20.2243,95.8499,321.2440,0.0000,0.0000,Pass
D26-15,252,936,-6.6996,-3.7921,20.7534,92.9115,338.2740,0.0000,0.0000,Pass
D26-15,252,977,-6.7386,-3.8312,20.9293,93.4239,344.0330,0.0000,0.0000,Pass
D26-15,252,978,-6.8643,-3.8525,21.3170,92.8573,356.8970,0.0000,0.0000,Pass
D26-15,252,979,-6.9764,-3.8581,21.4847,96.7178,362.5330,0.0000,0.0000,Pass
D26-15,252,1000,-6.3128,-3.8835,21.4520,96.2393,361.4300,0.0000,0.0000,Pass
D26-15,252,1001,-6.1128,-3.8824,22.9215,96.4065,412.6430,0.0000,0.0000,Pass
D26-15,252,1002,-5.9126,-3.8819,21.4411,88.5400,361.0630,0.0000,0.0000,Pass
D26-15,252,1003,-5.7122,-3.8809,20.9069,94.6575,343.2980,0.0000,0.0000,Pass
D26-15,252,1039,-6.9031,-3.8917,20.8135,94.6745,340.2350,0.0000,0.0000,Pass
D26-15,252,1040,-6.8254,-3.8914,21.0445,92.4027,347.8310,0.0000,0.0000,Pass
D26-15,252,1042,-6.3518,-3.9232,21.9267,96.6243,377.6030,0.0000,0.0000,Pass
D26-15,252,1043,-6.2739,-3.9222,21.7481,96.9777,371.4770,0.0000,0.0000,Pass
D26-15,252,1044,-6.1515,-3.9217,22.2024,92.8261,387.1590,0.0000,0.0000,Pass
D26-15,252,1045,-6.0737,-3.9215,22.7541,94.2960,406.6400,0.0000,0.0000,Pass
D26-15,252,1046,-5.9513,-3.9207,21.7732,94.6323,372.3350,0.0000,0.0000,Pass
D26-15,252,1047,-5.8734,-3.9206,21.0556,94.3658,348.1980,0.0000,0.0000,Pass
D26-15,252,1048,-5.7513,-3.9200,21.0000,95.2045,346.3610,0.0000,0.0000,Pass
D26-15,252,1137,-6.9763,-3.9360,21.1333,95.8429,350.7710,0.0000,0.0000,Pass
D26-15,252,1142,-6.3126,-3.9614,21.1259,97.8416,350.5260,0.0000,0.0000,Pass
D26-15,252,1143,-5.7118,-3.9589,20.9479,94.7123,344.6450,0.0000,0.0000,Pass
D26-15,252,1157,-6.1124,-3.9607,22.3180,93.8568,391.2030,0.0000,0.0000,Pass
D26-15,252,1158,-5.9122,-3.9596,20.8434,90.1277,341.2150,0.0000,0.0000,Pass
D26-15,252,1193,-6.8635,-3.9680,20.8733,92.5819,342.1950,0.0000,0.0000,Pass
D26-15,252,1196,-6.2124,-3.9832,22.2585,96.0483,389.1200,0.0000,0.0000,Pass
D26-15,252,1197,-6.0125,-3.9823,21.9658,95.2347,378.9510,0.0000,0.0000,Pass
D26-15,252,1198,-5.8119,-3.9815,20.9293,94.5882,344.0330,0.0000,0.0000,Pass
D26-15,252,1233,-6.5325,-3.9953,23.0132,95.0579,415.9510,0.0000,0.0000,Pass
D26-15,252,1240,-6.9024,-4.0071,20.7233,91.7299,337.2940,0.0000,0.0000,Pass
D26-15,252,1241,-6.8247,-4.0070,20.3779,93.4695,326.1450,0.0000,0.0000,Pass
D26-15,252,1259,-6.2512,-4.0223,22.1989,94.7449,387.0370,0.0000,0.0000,Pass
D26-15,252,1260,-6.1731,-4.0219,22.1567,96.8042,385.5670,0.0000,0.0000,Pass
D26-15,252,1261,-6.0511,-4.0214,22.1109,94.1070,383.9740,0.0000,0.0000,Pass
D26-15,252,1262,-5.9732,-4.0212,21.3682,95.5231,358.6130,0.0000,0.0000,Pass
D26-15,252,1263,-5.8507,-4.0205,20.8397,94.8000,341.0920,0.0000,0.0000,Pass
D26-15,252,1264,-5.7727,-4.0203,20.6857,94.1321,336.0690,0.0000,0.0000,Pass
D26-15,252,1334,-6.6369,-4.0536,20.7835,95.9392,339.2550,0.0000,0.0000,Pass
D26-15,252,1335,-6.4272,-4.0529,22.8670,95.6660,410.6830,0.0000,0.0000,Pass
D26-15,252,1343,-6.2120,-4.0611,22.6476,94.8448,402.8420,0.0000,0.0000,Pass
D26-15,252,1344,-6.0119,-4.0602,21.3791,93.0615,358.9800,0.0000,0.0000,Pass
D26-15,252,1345,-5.8115,-4.0593,20.6215,94.4207,333.9860,0.8100,0.8100,Pass
D26-15,252,1388,-6.8633,-4.0784,20.7835,90.4942,339.2550,0.0000,0.0000,Pass
D26-15,252,1390,-6.3119,-4.0837,22.0932,96.5757,383.3610,0.0000,0.0000,Pass
D26-15,252,1391,-6.1121,-4.0826,22.4261,96.7389,395.0010,0.0000,0.0000,Pass
D26-15,252,1392,-5.9118,-4.0819,21.1074,95.6179,349.9140,0.0000,0.0000,Pass
D26-15,252,1393,-5.7111,-4.0809,20.8845,90.4548,342.5630,0.0000,0.0000,Pass
D26-15,252,1435,-6.9019,-4.1174,20.8135,91.4217,340.2350,0.0000,0.0000,Pass
D26-15,252,1436,-6.8244,-4.1172,20.9181,95.6119,343.6650,0.0000,0.0000,Pass
D26-15,252,1441,-6.3508,-4.1227,22.9044,93.3163,412.0310,0.0000,0.0000,Pass
D26-15,252,1442,-6.2730,-4.1220,23.0470,96.7155,417.1760,0.0000,0.0000,Pass
D26-15,252,1443,-6.1507,-4.1216,22.0720,94.4258,382.6260,0.0000,0.0000,Pass
D26-15,252,1444,-6.0730,-4.1215,20.8172,93.5784,340.3570,0.0000,0.0000,Pass
D26-15,252,1445,-5.9506,-4.1211,20.9442,94.4145,344.5230,0.0000,0.0000,Pass
D26-15,252,1446,-5.8725,-4.1208,20.8022,93.2439,339.8670,0.0000,0.0000,Pass
D26-15,252,1447,-5.7502,-4.1202,21.0000,92.8238,346.3610,0.0000,0.0000,Pass
D26-15,252,1519,-6.5318,-4.1282,20.8434,94.5773,341.2150,0.0000,0.0000,Pass
D26-15,252,1522,-6.6368,-4.1317,20.3626,94.3971,325.6550,0.0000,0.0000,Pass
D26-15,252,1523,-6.4270,-4.1306,22.4643,96.9157,396.3480,0.0000,0.0000,Pass
D26-15,252,1543,-6.8631,-4.1562,20.9479,96.2778,344.6450,0.0000,0.0000,Pass
D26-15,252,1544,-6.3117,-4.1613,21.5897,96.7770,366.0860,0.0000,0.0000,Pass
D26-15,252,1545,-6.1116,-4.1605,21.4919,96.3778,362.7780,0.0000,0.0000,Pass
D26-15,252,1546,-5.9113,-4.1598,20.6517,95.2717,334.9660,0.0000,0.0000,Pass
D26-15,252,1547,-5.7110,-4.1590,20.6706,93.8477,335.5790,0.0000,0.0000,Pass
D26-15,252,1588,-6.2116,-4.1831,20.7760,96.2889,339.0100,0.0000,0.0000,Pass
D26-15,252,1626,-6.6365,-4.2038,20.4200,94.0835,327.4930,0.0000,0.0000,Pass
D26-15,252,1627,-6.4265,-4.2027,20.3128,94.4886,324.0620,0.0000,0.0000,Pass
D26-15,252,1646,-6.2506,-4.2224,20.9144,97.1722,343.5430,0.0000,0.0000,Pass
D26-15,252,1647,-6.1726,-4.2220,20.3320,94.8846,324.6750,0.0000,0.0000,Pass
D26-15,252,1648,-6.0502,-4.2212,20.7609,91.5439,338.5190,0.0000,0.0000,Pass
D26-15,252,1649,-5.9723,-4.2213,20.8210,96.0263,340.4800,0.0000,0.0000,Pass
D26-15,252,1650,-5.8503,-4.2206,21.0593,91.2874,348.3210,0.0000,0.0000,Pass
D26-15,252,1651,-5.7718,-4.2203,20.9628,91.8015,345.1350,0.0000,0.0000,Pass
D26-15,252,1717,-6.9014,-4.2276,20.3703,91.9325,325.9000,0.0000,0.0000,Pass
D26-15,252,1733,-6.5313,-4.2610,20.3894,93.1386,326.5130,0.0000,0.0000,Pass
D26-15,252,1736,-6.2112,-4.2610,20.5381,97.8496,331.2910,0.0000,0.0000,Pass
D26-15,252,1737,-6.0111,-4.2602,20.6932,95.8930,336.3140,0.0000,0.0000,Pass
D26-15,252,1738,-5.8107,-4.2595,20.8546,97.9688,341.5820,0.0000,0.0000,Pass
D26-15,252,1783,-6.6360,-4.2816,20.8097,97.8092,340.1120,0.0000,0.0000,Pass
D26-15,252,1784,-6.4264,-4.2806,20.5115,95.1821,330.4330,0.0000,0.0000,Pass
D26-15,252,1788,-6.3111,-4.2836,20.7384,96.1982,337.7840,0.0000,0.0000,Pass
D26-15,252,1789,-6.1110,-4.2827,20.9814,96.5954,345.7480,0.0000,0.0000,Pass
D26-15,252,1790,-5.9108,-4.2820,20.7196,97.8752,337.1720,0.0000,0.0000,Pass
D26-15,252,1791,-5.7104,-4.2813,20.8247,96.9185,340.6020,0.0000,0.0000,Pass
D26-15,252,1838,-6.3499,-4.3229,20.9926,98.7481,346.1160,0.0000,0.0000,Pass
D26-15,252,1839,-6.2722,-4.3224,20.7497,95.8459,338.1520,0.0000,0.0000,Pass
D26-15,252,1840,-6.1500,-4.3217,20.6706,97.3375,335.5790,0.0000,0.0000,Pass
D26-15,252,1841,-6.0721,-4.3217,20.5874,96.9378,332.8840,0.0000,0.0000,Pass
D26-15,252,1842,-5.9497,-4.3213,20.9368,92.8871,344.2780,0.0000,0.0000,Pass
D26-15,252,1843,-5.8715,-4.3210,20.9442,95.8428,344.5230,0.0000,0.0000,Pass
D26-15,252,1844,-5.7493,-4.3204,21.0742,95.3390,348.8110,0.0000,0.0000,Pass
D26-15,252,1916,-6.9010,-4.3378,20.7459,94.3077,338.0290,0.0000,0.0000,Pass
D26-15,252,1917,-6.5309,-4.3393,20.6668,95.3592,335.4560,0.0000,0.0000,Pass
D26-15,252,1933,-6.3110,-4.3617,20.1973,97.1334,320.3870,0.0000,0.0000,Pass
D26-15,252,1934,-5.9103,-4.3599,21.0297,96.0003,347.3410,0.0000,0.0000,Pass
D26-15,252,1935,-5.7101,-4.3592,20.3473,98.6582,325.1650,0.0000,0.0000,Pass
D26-15,252,1946,-6.1109,-4.3608,20.8808,95.7780,342.4400,0.0000,0.0000,Pass
D26-15,252,1979,-6.2108,-4.3835,20.7007,98.7644,336.5590,0.0000,0.0000,Pass
D26-15,252,1980,-5.8104,-4.3816,20.9628,92.5471,345.1350,0.0000,0.0000,Pass
D26-15,252,2015,-6.9742,-4.4095,20.9330,92.6646,344.1550,0.0000,0.0000,Pass
D26-15,252,2035,-6.2495,-4.4225,21.2731,96.7914,355.4270,0.0000,0.0000,Pass
D26-15,252,2036,-6.1717,-4.4220,20.6177,96.7094,333.8640,0.0000,0.0000,Pass
D26-15,252,2037,-6.0493,-4.4214,20.7196,96.6079,337.1720,0.0000,0.0000,Pass
D26-15,252,2038,-5.9715,-4.4214,20.6328,95.0097,334.3540,0.0000,0.0000,Pass
D26-15,252,2039,-5.8490,-4.4207,20.9181,97.7109,343.6650,0.0000,0.0000,Pass
D26-15,252,2040,-5.7710,-4.4204,20.3894,95.7704,326.5130,0.0000,0.0000,Pass
D26-15,252,2108,-6.9005,-4.4482,20.5267,93.4072,330.9230,0.0000,0.0000,Pass
D26-15,252,2114,-6.2105,-4.4611,20.8210,98.0954,340.4800,0.0000,0.0000,Pass
D26-15,252,2115,-6.0102,-4.4603,20.6404,94.2410,334.5990,0.0000,0.0000,Pass
D26-15,252,2116,-5.8099,-4.4596,20.3511,95.0789,325.2870,0.0000,0.0000,Pass
D26-15,252,2157,-6.9738,-4.4873,20.6819,95.5762,335.9470,0.0000,0.0000,Pass
D26-15,252,2158,-6.7105,-4.4857,20.5457,96.5911,331.5360,0.0000,0.0000,Pass
D26-15,252,2159,-6.5104,-4.4850,20.4429,96.9839,328.2280,0.0000,0.0000,Pass
D26-15,252,2160,-6.1102,-4.4829,20.6139,97.0607,333.7410,0.0000,0.0000,Pass
D26-15,252,2161,-5.7095,-4.4814,20.5153,98.9747,330.5560,0.0000,0.0000,Pass
D26-15,252,2196,-6.8615,-4.5191,20.9442,95.4720,344.5230,0.0000,0.0000,Pass
D26-15,252,2197,-6.7491,-4.5249,20.9032,94.1290,343.1750,0.0000,0.0000,Pass
D26-15,252,2198,-6.6712,-4.5245,20.5609,97.5030,332.0260,0.0000,0.0000,Pass
D26-15,252,2199,-6.5490,-4.5240,20.4963,98.3334,329.9430,0.0000,0.0000,Pass
D26-15,252,2200,-6.4712,-4.5236,20.3971,94.1524,326.7580,0.0000,0.0000,Pass
D26-15,252,2201,-6.3491,-4.5233,21.0223,98.1695,347.0960,0.0000,0.0000,Pass
D26-15,252,2202,-6.2714,-4.5228,21.1185,99.2568,350.2810,0.0000,0.0000,Pass
D26-15,252,2203,-6.1489,-4.5220,20.5950,94.8642,333.1290,0.0000,0.0000,Pass
D26-15,252,2204,-6.0711,-4.5216,20.3243,96.7371,324.4300,0.0000,0.0000,Pass
D26-15,252,2205,-5.9489,-4.5213,20.6290,97.7967,334.2310,0.0000,0.0000,Pass
D26-15,252,2206,-5.8705,-4.5210,20.7271,96.4711,337.4170,0.3600,0.3600,Pass
D26-15,252,2207,-5.7484,-4.5203,20.7609,95.4330,338.5190,0.0000,0.0000,Pass
D26-15,252,2300,-6.9001,-4.5580,21.0111,95.0207,346.7280,0.0000,0.0000,Pass
D26-15,252,2301,-6.8225,-4.5577,20.9926,95.4474,346.1160,0.0000,0.0000,Pass
D26-15,252,2304,-6.7099,-4.5637,20.3588,92.1463,325.5320,0.0000,0.0000,Pass
D26-15,252,2305,-6.3099,-4.5617,21.2767,96.4025,355.5500,0.0000,0.0000,Pass
D26-15,252,2306,-5.9096,-4.5599,20.5798,98.4736,332.6390,0.5500,0.5500,Pass
D26-15,252,2342,-6.6098,-4.5854,20.7910,94.8756,339.5000,0.0000,0.0000,Pass
D26-15,252,2343,-6.2097,-4.5835,20.9107,97.9049,343.4200,0.0000,0.0000,Pass
D26-15,252,2344,-6.0096,-4.5826,20.8808,98.6777,342.4400,0.0000,0.0000,Pass
D26-15,252,2345,-5.8091,-4.5818,20.5684,97.9743,332.2710,0.0000,0.0000,Pass
D26-15,252,2390,-6.8612,-4.5970,20.8210,95.0692,340.4800,0.0000,0.0000,Pass
D26-15,263,149,135.6640,-3.0968,21.0037,95.8485,346.4830,0.0000,0.0000,Pass
D26-15,263,150,135.8640,-3.0959,20.8210,95.2057,340.4800,0.0000,0.0000,Pass
D26-15,263,173,135.9700,-3.1267,21.1000,95.0672,349.6690,0.0000,0.0000,Pass
D26-15,263,174,136.0180,-3.1263,21.0000,95.4191,346.3610,0.0000,0.0000,Pass
D26-15,263,175,136.1000,-3.1260,20.8883,94.4167,342.6850,0.0000,0.0000,Pass
D26-15,263,176,136.1480,-3.1259,21.0519,94.0476,348.0760,0.0000,0.0000,Pass
D26-15,263,177,136.2300,-3.1255,20.8957,96.9201,342.9300,0.0000,0.0000,Pass
D26-15,263,178,136.2780,-3.1252,20.6479,94.2769,334.8440,0.0000,0.0000,Pass
D26-15,263,179,136.3600,-3.1250,21.1000,94.8685,349.6690,0.0000,0.0000,Pass
D26-15,263,180,136.4080,-3.1247,21.2254,93.3170,353.8340,0.0000,0.0000,Pass
D26-15,263,181,136.4910,-3.1243,21.0186,93.7860,346.9730,0.0000,0.0000,Pass
D26-15,263,182,136.5390,-3.1242,20.8472,91.2067,341.3370,0.0000,0.0000,Pass
D26-15,263,286,135.3890,-3.1942,20.7609,97.8000,338.5190,0.0000,0.0000,Pass
D26-15,263,287,135.5010,-3.1936,20.8060,95.4881,339.9900,0.0000,0.0000,Pass
D26-15,263,293,136.0360,-3.2393,21.0260,94.6945,347.2180,0.0000,0.0000,Pass
D26-15,263,294,136.0830,-3.2392,21.0223,97.0839,347.0960,0.0000,0.0000,Pass
D26-15,263,295,136.2960,-3.2383,21.3426,94.0492,357.7550,0.0000,0.0000,Pass
D26-15,263,296,136.3440,-3.2380,21.3280,94.3392,357.2650,0.0000,0.0000,Pass
D26-15,263,337,135.6650,-3.2536,21.0371,97.7700,347.5860,0.0000,0.0000,Pass
D26-15,263,338,135.8650,-3.2529,20.7910,95.3097,339.5000,0.0000,0.0000,Pass
D26-15,263,367,135.6650,-3.3315,20.9889,96.1586,345.9930,0.0000,0.0000,Pass
D26-15,263,368,135.8650,-3.3309,20.5305,95.0362,331.0460,0.0000,0.0000,Pass
D26-15,263,380,136.5540,-3.3336,21.2547,94.2634,354.8140,0.0000,0.0000,Pass
D26-15,263,434,135.3900,-3.3651,20.9926,95.7007,346.1160,0.0000,0.0000,Pass
D26-15,263,435,135.5020,-3.3647,20.9628,95.6963,345.1350,0.0000,0.0000,Pass
D26-15,263,441,135.6650,-3.3986,20.7421,94.1764,337.9070,0.0000,0.0000,Pass
D26-15,263,468,135.6650,-3.4766,20.6668,95.4814,335.4560,0.0000,0.0000,Pass
D26-15,263,497,135.5020,-3.5187,20.5457,91.8799,331.5360,0.0000,0.0000,Pass
D26-15,263,499,135.3910,-3.5193,20.6743,93.7549,335.7020,0.0000,0.0000,Pass
D26-15,263,500,136.4920,-3.5193,20.8808,94.6488,342.4400,0.0000,0.0000,Pass
D26-15,263,501,136.5400,-3.5193,21.2143,93.1746,353.4670,0.0000,0.0000,Pass
D26-15,263,535,135.6660,-3.5485,21.1886,93.7922,352.6090,0.0000,0.0000,Pass
D26-15,263,536,135.8660,-3.5478,22.6923,97.0681,404.4350,0.0000,0.0000,Pass
D26-15,263,547,135.9960,-3.5668,22.5164,94.7645,398.1860,0.0000,0.0000,Pass
D26-15,263,548,136.3860,-3.5651,21.0668,91.7418,348.5660,0.0000,0.0000,Pass
D26-15,263,591,135.6660,-3.6266,22.3250,91.8729,391.4480,0.0000,0.0000,Pass
D26-15,263,592,135.8660,-3.6258,21.9729,95.5943,379.1960,0.0000,0.0000,Pass
D26-15,263,600,136.1020,-3.6311,22.4539,97.0659,395.9810,0.0000,0.0000,Pass
D26-15,263,601,136.1500,-3.6311,23.0166,95.1971,416.0740,0.0000,0.0000,Pass
D26-15,263,602,136.2320,-3.6305,23.5558,94.6176,435.7990,0.0000,0.0000,Pass
D26-15,263,603,136.2800,-3.6304,22.6751,94.3551,403.8220,0.0000,0.0000,Pass
D26-15,263,656,135.9960,-3.6449,21.9835,91.8089,379.5630,0.0000,0.0000,Pass
D26-15,263,657,136.3860,-3.6433,21.2290,95.1487,353.9570,0.0000,0.0000,Pass
D26-15,263,684,135.4140,-3.6659,21.0668,93.9733,348.5660,0.0000,0.0000,Pass
D26-15,263,700,135.6540,-3.6920,22.7164,95.2394,405.2920,0.0000,0.0000,Pass
D26-15,263,702,135.9960,-3.6970,21.3755,93.5204,358.8580,0.0000,0.0000,Pass
D26-15,263,703,136.1070,-3.6963,21.9373,95.3541,377.9700,0.0000,0.0000,Pass
D26-15,263,704,136.1550,-3.6962,22.2866,94.9564,390.1000,0.0000,0.0000,Pass
D26-15,263,705,136.2280,-3.6960,22.7198,94.3028,405.4150,0.0000,0.0000,Pass
D26-15,263,706,136.2750,-3.6958,22.8806,93.8388,411.1730,0.0000,0.0000,Pass
D26-15,263,707,136.3870,-3.6953,21.3390,95.7322,357.6320,0.0000,0.0000,Pass
D26-15,263,708,136.5670,-3.6944,21.2437,90.3656,354.4470,0.0000,0.0000,Pass
D26-15,263,731,135.3760,-3.7051,21.0408,96.2675,347.7080,0.0000,0.0000,Pass
D26-15,263,732,135.4540,-3.7048,20.9926,94.2739,346.1160,0.0000,0.0000,Pass
D26-15,263,786,135.7280,-3.7183,22.0296,91.5922,381.1560,0.0000,0.0000,Pass
D26-15,263,787,135.8400,-3.7181,21.3864,96.6757,359.2250,0.0000,0.0000,Pass
D26-15,263,798,136.5280,-3.7335,20.8957,94.7540,342.9300,0.0000,0.0000,Pass
D26-15,263,832,135.4150,-3.7438,20.7346,94.7677,337.6620,0.0000,0.0000,Pass
D26-15,263,833,135.3030,-3.7617,20.9851,97.3987,345.8710,0.0000,0.0000,Pass
D26-15,263,834,135.5410,-3.7667,20.8845,94.6586,342.5630,0.0000,0.0000,Pass
D26-15,263,835,136.2760,-3.7737,22.9044,95.6472,412.0310,0.0000,0.0000,Pass
D26-15,263,848,135.9970,-3.7749,19.9759,96.4354,313.4030,0.0000,0.0000,Pass
D26-15,263,849,136.1070,-3.7745,21.6546,94.8438,368.2920,0.0000,0.0000,Pass
D26-15,263,850,136.1550,-3.7744,22.3390,94.7895,391.9380,0.0000,0.0000,Pass
D26-15,263,851,136.2280,-3.7738,22.3634,94.0501,392.7950,0.0000,0.0000,Pass
D26-15,263,852,136.3870,-3.7733,20.8322,97.8104,340.8470,0.0000,0.0000,Pass
D26-15,263,853,136.5680,-3.7723,20.9851,92.2456,345.8710,0.0000,0.0000,Pass
D26-15,263,925,135.3420,-3.8007,20.7271,96.4228,337.4170,0.0000,0.0000,Pass
D26-15,263,935,135.5020,-3.8058,19.9564,93.6744,312.7900,0.0000,0.0000,Pass
D26-15,263,936,135.5800,-3.8057,20.6328,93.7918,334.3540,0.0000,0.0000,Pass
D26-15,263,977,135.5410,-3.8445,20.7497,95.6463,338.1520,0.0000,0.0000,Pass
D26-15,263,978,135.4160,-3.8661,21.0000,95.9337,346.3610,0.0000,0.0000,Pass
D26-15,263,979,135.3030,-3.8714,21.3317,91.3692,357.3870,0.0000,0.0000,Pass
D26-15,263,1000,135.9670,-3.8969,21.5210,98.2925,363.7580,0.0000,0.0000,Pass
D26-15,263,1001,136.1670,-3.8961,22.3913,94.8745,393.7750,0.0000,0.0000,Pass
D26-15,263,1002,136.3680,-3.8950,20.7835,96.5902,339.2550,0.0000,0.0000,Pass
D26-15,263,1003,136.5680,-3.8944,21.0111,92.6768,346.7280,0.0000,0.0000,Pass
D26-15,263,1039,135.3770,-3.9051,20.5077,94.3182,330.3110,0.0000,0.0000,Pass
D26-15,263,1040,135.4550,-3.9046,20.7158,94.8708,337.0490,0.0000,0.0000,Pass
D26-15,263,1042,135.9280,-3.9362,22.0614,93.6802,382.2590,0.0000,0.0000,Pass
D26-15,263,1043,136.0060,-3.9355,22.0048,96.9155,380.2980,0.0000,0.0000,Pass
D26-15,263,1044,136.1280,-3.9352,21.9409,96.6492,378.0930,0.0000,0.0000,Pass
D26-15,263,1045,136.2060,-3.9348,22.7644,95.8437,407.0070,0.0000,0.0000,Pass
D26-15,263,1046,136.3290,-3.9344,21.3572,96.3960,358.2450,0.0000,0.0000,Pass
D26-15,263,1047,136.4070,-3.9340,20.7797,95.4537,339.1320,0.0000,0.0000,Pass
D26-15,263,1048,136.5290,-3.9334,20.9144,95.9537,343.5430,0.0000,0.0000,Pass
D26-15,263,1137,135.3040,-3.9495,20.9628,92.9871,345.1350,0.0000,0.0000,Pass
D26-15,263,1142,135.9670,-3.9747,20.8546,96.3331,341.5820,0.0000,0.0000,Pass
D26-15,263,1143,136.5680,-3.9723,20.8434,95.1545,341.2150,0.0000,0.0000,Pass
D26-15,263,1157,136.1680,-3.9740,22.5441,95.4056,399.1660,0.0000,0.0000,Pass
D26-15,263,1158,136.3680,-3.9731,20.5229,94.3734,330.8010,0.0000,0.0000,Pass
D26-15,263,1193,135.4160,-3.9813,20.7158,95.1592,337.0490,0.0000,0.0000,Pass
D26-15,263,1196,136.0670,-3.9966,22.3948,96.6163,393.8980,0.0000,0.0000,Pass
D26-15,263,1197,136.2680,-3.9957,21.9480,94.1750,378.3380,0.0000,0.0000,Pass
D26-15,263,1198,136.4680,-3.9951,20.6894,94.1123,336.1920,0.0000,0.0000,Pass
D26-15,263,1233,135.7470,-4.0085,22.9010,92.8468,411.9080,0.0000,0.0000,Pass
D26-15,263,1240,135.3780,-4.0204,20.5229,92.6069,330.8010,0.0000,0.0000,Pass
D26-15,263,1241,135.4550,-4.0201,20.5646,92.9854,332.1480,0.0000,0.0000,Pass
D26-15,263,1259,136.0290,-4.0357,22.5337,96.7750,398.7990,0.0000,0.0000,Pass
D26-15,263,1260,136.1070,-4.0352,22.4886,95.5710,397.2060,0.0000,0.0000,Pass
D26-15,263,1261,136.2290,-4.0348,22.0012,96.1847,380.1760,0.0000,0.0000,Pass
D26-15,263,1262,136.3070,-4.0346,21.0037,92.4579,346.4830,0.0000,0.0000,Pass
D26-15,263,1263,136.4290,-4.0341,20.7572,93.6291,338.3970,0.0000,0.0000,Pass
D26-15,263,1264,136.5070,-4.0338,20.5646,91.5950,332.1480,0.0000,0.0000,Pass
D26-15,263,1334,135.6430,-4.0669,20.6404,94.1313,334.5990,0.0000,0.0000,Pass
D26-15,263,1335,135.8530,-4.0662,23.1045,95.9884,419.2590,0.0000,0.0000,Pass
D26-15,263,1343,136.0680,-4.0745,22.8670,94.6887,410.6830,0.0000,0.0000,Pass
D26-15,263,1344,136.2680,-4.0737,21.1444,94.4233,351.1390,0.0000,0.0000,Pass
D26-15,263,1345,136.4690,-4.0729,20.7271,94.6272,337.4170,0.0000,0.0000,Pass
D26-15,263,1388,135.4170,-4.0916,20.5912,93.0332,333.0060,0.0000,0.0000,Pass
D26-15,263,1390,135.9680,-4.0971,22.1496,98.1840,385.3220,0.0000,0.0000,Pass
D26-15,263,1391,136.1680,-4.0961,22.1003,94.0942,383.6060,0.0000,0.0000,Pass
D26-15,263,1392,136.3680,-4.0953,20.9219,94.5003,343.7880,0.0000,0.0000,Pass
D26-15,263,1393,136.5690,-4.0946,20.8397,94.8361,341.0920,0.0000,0.0000,Pass
D26-15,263,1435,135.3780,-4.1307,20.7760,92.6216,339.0100,0.0000,0.0000,Pass
D26-15,263,1436,135.4560,-4.1305,21.0779,94.4523,348.9340,0.0000,0.0000,Pass
D26-15,263,1441,135.9290,-4.1363,22.4643,95.8666,396.3480,0.0000,0.0000,Pass
D26-15,263,1442,136.0070,-4.1358,22.8499,97.0086,410.0700,0.0000,0.0000,Pass
D26-15,263,1443,136.1290,-4.1352,21.3901,96.4092,359.3480,0.0000,0.0000,Pass
D26-15,263,1444,136.2070,-4.1350,20.8135,95.4079,340.2350,0.0000,0.0000,Pass
D26-15,263,1445,136.3300,-4.1345,20.7309,98.3734,337.5390,0.0000,0.0000,Pass
D26-15,263,1446,136.4080,-4.1341,20.6555,94.1017,335.0890,0.0000,0.0000,Pass
D26-15,263,1447,136.5300,-4.1338,20.6819,96.5312,335.9470,0.0000,0.0000,Pass
D26-15,263,1519,135.7480,-4.1416,20.7985,94.8065,339.7450,0.0000,0.0000,Pass
D26-15,263,1522,135.6430,-4.1450,20.6441,93.4745,334.7210,0.0000,0.0000,Pass
D26-15,263,1523,135.8530,-4.1440,21.7050,96.9298,370.0070,0.0000,0.0000,Pass
D26-15,263,1543,135.4170,-4.1695,20.7872,95.6567,339.3770,0.0000,0.0000,Pass
D26-15,263,1544,135.9680,-4.1749,21.0853,96.8022,349.1790,0.0000,0.0000,Pass
D26-15,263,1545,136.1680,-4.1741,20.8434,97.6343,341.2150,0.0000,0.0000,Pass
D26-15,263,1546,136.3690,-4.1732,20.6139,92.3795,333.7410,0.0000,0.0000,Pass
D26-15,263,1547,136.5690,-4.1729,20.7609,95.3914,338.5190,0.0000,0.0000,Pass
D26-15,263,1588,136.0680,-4.1966,20.7421,97.4930,337.9070,0.0000,0.0000,Pass
D26-15,263,1626,135.6430,-4.2170,20.4848,92.7079,329.5760,0.0000,0.0000,Pass
D26-15,263,1627,135.8530,-4.2163,20.7233,97.1251,337.2940,0.0000,0.0000,Pass
D26-15,263,1646,136.0290,-4.2359,20.8097,96.6576,340.1120,0.0000,0.0000,Pass
D26-15,263,1647,136.1080,-4.2355,20.5760,94.2262,332.5160,0.0000,0.0000,Pass
D26-15,263,1648,136.2300,-4.2350,20.6743,97.3260,335.7020,0.0000,0.0000,Pass
D26-15,263,1649,136.3080,-4.2347,20.6857,96.1322,336.0690,0.0000,0.0000,Pass
D26-15,263,1650,136.4300,-4.2343,20.8097,93.1973,340.1120,0.0000,0.0000,Pass
D26-15,263,1651,136.5080,-4.2341,21.0927,96.0296,349.4240,0.0000,0.0000,Pass
D26-15,263,1717,135.3780,-4.2408,20.6781,93.6098,335.8240,0.0000,0.0000,Pass
D26-15,263,1733,135.7490,-4.2747,20.6101,97.6825,333.6190,0.0000,0.0000,Pass
D26-15,263,1736,136.0690,-4.2747,20.7233,97.3232,337.2940,0.0000,0.0000,Pass
D26-15,263,1737,136.2690,-4.2740,20.8509,94.9473,341.4600,0.0000,0.0000,Pass
D26-15,263,1738,136.4700,-4.2730,20.6177,97.7092,333.8640,0.0000,0.0000,Pass
D26-15,263,1783,135.6440,-4.2950,20.3741,94.0523,326.0220,0.0000,0.0000,Pass
D26-15,263,1784,135.8540,-4.2942,20.4162,96.8639,327.3700,0.0000,0.0000,Pass
D26-15,263,1788,135.9690,-4.2971,20.1663,95.9163,319.4060,0.0000,0.0000,Pass
D26-15,263,1789,136.1690,-4.2964,20.7647,98.7065,338.6420,0.0000,0.0000,Pass
D26-15,263,1790,136.3690,-4.2956,20.7797,95.0453,339.1320,0.0000,0.0000,Pass
D26-15,263,1791,136.5700,-4.2950,20.9926,97.3063,346.1160,0.0000,0.0000,Pass
D26-15,263,1838,135.9300,-4.3366,20.7421,99.0209,337.9070,0.0000,0.0000,Pass
D26-15,263,1839,136.0080,-4.3359,21.1000,96.6120,349.6690,0.0000,0.0000,Pass
D26-15,263,1840,136.1300,-4.3353,20.5191,97.2800,330.6780,0.0000,0.0000,Pass
D26-15,263,1841,136.2080,-4.3352,20.7459,98.3749,338.0290,0.0000,0.0000,Pass
D26-15,263,1842,136.3300,-4.3347,20.9963,99.3171,346.2380,0.0000,0.0000,Pass
D26-15,263,1843,136.4090,-4.3345,20.9517,94.4834,344.7680,0.0000,0.0000,Pass
D26-15,263,1844,136.5310,-4.3341,20.6404,95.7604,334.5990,0.0000,0.0000,Pass
D26-15,263,1916,135.3790,-4.3513,20.8546,92.3705,341.5820,0.0000,0.0000,Pass
D26-15,263,1917,135.7490,-4.3527,20.5419,93.4931,331.4130,0.0000,0.0000,Pass
D26-15,263,1933,135.9690,-4.3751,20.4315,94.9849,327.8600,0.0000,0.0000,Pass
D26-15,263,1934,136.3700,-4.3737,20.6932,93.9537,336.3140,0.0000,0.0000,Pass
D26-15,263,1935,136.5700,-4.3730,20.7534,95.9468,338.2740,0.0000,0.0000,Pass
D26-15,263,1946,136.1690,-4.3743,20.7421,98.8369,337.9070,0.0000,0.0000,Pass
D26-15,263,1979,136.0690,-4.3969,20.6101,99.1189,333.6190,0.0000,0.0000,Pass
D26-15,263,1980,136.4700,-4.3955,20.7271,96.5627,337.4170,0.0000,0.0000,Pass
D26-15,263,2015,135.3060,-4.4228,21.2254,94.6367,353.8340,0.0000,0.0000,Pass
D26-15,263,2035,136.0300,-4.4360,21.1185,96.9331,350.2810,0.0000,0.0000,Pass
D26-15,263,2036,136.1080,-4.4358,20.5495,98.1484,331.6580,0.0000,0.0000,Pass
D26-15,263,2037,136.2310,-4.4352,20.6517,97.8353,334.9660,0.0000,0.0000,Pass
D26-15,263,2038,136.3090,-4.4350,20.6139,96.9204,333.7410,0.0000,0.0000,Pass
D26-15,263,2039,136.4310,-4.4346,20.7158,97.5064,337.0490,0.0000,0.0000,Pass
D26-15,263,2040,136.5090,-4.4341,20.4009,93.4609,326.8800,0.0000,0.0000,Pass
D26-15,263,2108,135.3790,-4.4614,20.6441,92.5081,334.7210,0.0000,0.0000,Pass
D26-15,263,2114,136.0700,-4.4749,20.8284,97.2310,340.7250,0.0000,0.0000,Pass
D26-15,263,2115,136.2700,-4.4742,20.4276,99.3889,327.7380,0.0000,0.0000,Pass
D26-15,263,2116,136.4700,-4.4734,20.5305,94.1284,331.0460,0.0000,0.0000,Pass
D26-15,263,2157,135.3060,-4.5007,20.9144,92.8501,343.5430,0.0000,0.0000,Pass
D26-15,263,2158,135.5700,-4.4993,20.7760,93.6652,339.0100,0.0000,0.0000,Pass
D26-15,263,2159,135.7700,-4.4985,20.8247,94.2630,340.6020,0.0000,0.0000,Pass
D26-15,263,2160,136.1700,-4.4966,20.4963,98.0579,329.9430,0.0000,0.0000,Pass
D26-15,263,2161,136.5710,-4.4952,20.8845,95.6178,342.5630,0.0000,0.0000,Pass
D26-15,263,2196,135.4180,-4.5325,20.9293,93.6661,344.0330,0.0000,0.0000,Pass
D26-15,263,2197,135.5310,-4.5384,20.8696,95.9346,342.0720,0.0000,0.0000,Pass
D26-15,263,2198,135.6090,-4.5380,20.9069,92.8608,343.2980,0.0000,0.0000,Pass
D26-15,263,2199,135.7310,-4.5375,20.8247,96.8712,340.6020,0.0000,0.0000,Pass
D26-15,263,2200,135.8090,-4.5371,20.8434,93.6773,341.2150,0.0000,0.0000,Pass
D26-15,263,2201,135.9310,-4.5367,20.9740,96.8551,345.5030,0.0000,0.0000,Pass
D26-15,263,2202,136.0090,-4.5363,21.1185,99.3718,350.2810,0.0000,0.0000,Pass
D26-15,263,2203,136.1310,-4.5357,20.4315,97.6725,327.8600,0.0000,0.0000,Pass
D26-15,263,2204,136.2090,-4.5357,20.7947,94.4775,339.6220,0.0000,0.0000,Pass
D26-15,263,2205,136.3310,-4.5351,20.7421,97.8121,337.9070,0.0000,0.0000,Pass
D26-15,263,2206,136.4100,-4.5348,20.9554,95.8840,344.8900,0.0000,0.0000,Pass
D26-15,263,2207,136.5320,-4.5344,20.6366,94.6082,334.4760,0.0000,0.0000,Pass
D26-15,263,2300,135.3800,-4.5714,20.6781,93.9594,335.8240,0.0000,0.0000,Pass
D26-15,263,2301,135.4580,-4.5711,20.8808,91.5051,342.4400,0.0000,0.0000,Pass
D26-15,263,2304,135.5700,-4.5771,20.7158,95.0278,337.0490,0.0000,0.0000,Pass
D26-15,263,2305,135.9700,-4.5754,21.1148,97.6965,350.1590,0.0000,0.0000,Pass
D26-15,263,2306,136.3710,-4.5739,20.3205,95.4658,324.3070,0.0000,0.0000,Pass
D26-15,263,2342,135.6700,-4.5990,20.7684,96.5244,338.7640,0.0000,0.0000,Pass
D26-15,263,2343,136.0700,-4.5972,20.7572,97.8013,338.3970,0.0000,0.0000,Pass
D26-15,263,2344,136.2710,-4.5966,20.5229,98.1345,330.8010,0.0000,0.0000,Pass
D26-15,263,2345,136.4710,-4.5954,20.6252,97.3006,334.1090,0.0000,0.0000,Pass
D26-15,263,2390,135.4190,-4.6103,20.9628,94.1745,345.1350,0.0000,0.0000,Pass
D26-15,445,149,6.3082,-132.1900,20.6366,94.4616,334.4760,0.0000,0.0000,Pass
D26-15,445,150,6.5079,-132.1900,20.7309,92.8433,337.5390,0.0000,0.0000,Pass
D26-15,445,173,6.6140,-132.2200,20.9851,95.9084,345.8710,0.0000,0.0000,Pass
D26-15,445,174,6.6617,-132.2200,21.0260,94.9639,347.2180,0.0000,0.0000,Pass
D26-15,445,175,6.7438,-132.2200,21.2474,96.0138,354.5690,0.0000,0.0000,Pass
D26-15,445,176,6.7918,-132.2190,20.7233,93.9544,337.2940,0.0000,0.0000,Pass
D26-15,445,177,6.8740,-132.2200,20.9442,93.9230,344.5230,0.0000,0.0000,Pass
D26-15,445,178,6.9218,-132.2190,20.9293,94.6241,344.0330,0.0000,0.0000,Pass
D26-15,445,179,7.0039,-132.2190,20.7760,92.3228,339.0100,0.0000,0.0000,Pass
D26-15,445,180,7.0519,-132.2190,20.8696,94.2878,342.0720,0.0000,0.0000,Pass
D26-15,445,181,7.1340,-132.2180,20.9442,94.9012,344.5230,0.0000,0.0000,Pass
D26-15,445,182,7.1818,-132.2180,21.1886,91.2427,352.6090,0.0000,0.0000,Pass
D26-15,445,286,6.0332,-132.2880,20.8397,94.6040,341.0920,0.0000,0.0000,Pass
D26-15,445,287,6.1452,-132.2870,20.5495,91.5280,331.6580,0.0000,0.0000,Pass
D26-15,445,293,6.6792,-132.3330,20.8210,93.9823,340.4800,0.0000,0.0000,Pass
D26-15,445,294,6.7274,-132.3330,21.0260,96.0272,347.2180,0.0000,0.0000,Pass
D26-15,445,295,6.9392,-132.3320,20.7534,93.1131,338.2740,0.0000,0.0000,Pass
D26-15,445,296,6.9874,-132.3320,21.0556,94.1687,348.1980,0.0000,0.0000,Pass
D26-15,445,337,6.3089,-132.3470,21.1074,96.8494,349.9140,0.0000,0.0000,Pass
D26-15,445,338,6.5084,-132.3470,20.3856,95.1839,326.3900,0.0000,0.0000,Pass
D26-15,445,367,6.3090,-132.4250,21.2070,94.4497,353.2220,0.0000,0.0000,Pass
D26-15,445,368,6.5087,-132.4240,20.5988,93.5012,333.2510,0.0000,0.0000,Pass
D26-15,445,380,7.1970,-132.4270,21.3280,94.5841,357.2650,0.0000,0.0000,Pass
D26-15,445,434,6.0337,-132.4590,20.8808,98.3940,342.4400,0.0000,0.0000,Pass
D26-15,445,435,6.1456,-132.4580,20.9219,95.8053,343.7880,0.0000,0.0000,Pass
D26-15,445,441,6.3092,-132.4920,20.9479,96.4214,344.6450,0.0000,0.0000,Pass
D26-15,445,468,6.3096,-132.5700,20.7120,95.5113,336.9270,0.0000,0.0000,Pass
D26-15,445,497,6.1465,-132.6120,20.3779,98.7464,326.1450,0.0000,0.0000,Pass
D26-15,445,499,6.0346,-132.6130,20.8920,92.4950,342.8080,0.0000,0.0000,Pass
D26-15,445,500,7.1355,-132.6130,21.0816,97.2450,349.0560,0.0000,0.0000,Pass
D26-15,445,501,7.1836,-132.6130,21.0111,94.3300,346.7280,0.0000,0.0000,Pass
D26-15,445,535,6.3098,-132.6420,21.0408,92.4104,347.7080,0.0000,0.0000,Pass
D26-15,445,536,6.5096,-132.6410,22.3843,95.5689,393.5300,0.0000,0.0000,Pass
D26-15,445,547,6.6394,-132.6600,22.2059,92.9023,387.2820,0.0000,0.0000,Pass
D26-15,445,548,7.0297,-132.6590,21.1296,96.1550,350.6490,0.0000,0.0000,Pass
D26-15,445,591,6.3103,-132.7200,22.3878,93.4285,393.6530,0.0000,0.0000,Pass
D26-15,445,592,6.5099,-132.7190,22.0791,93.4450,382.8710,0.0000,0.0000,Pass
D26-15,445,600,6.7459,-132.7250,22.4052,96.3990,394.2650,0.0000,0.0000,Pass
D26-15,445,601,6.7938,-132.7240,23.0741,97.0926,418.1570,0.0000,0.0000,Pass
D26-15,445,602,6.8758,-132.7240,23.5426,95.2671,435.3090,0.0000,0.0000,Pass
D26-15,445,603,6.9237,-132.7240,23.0470,91.6270,417.1760,0.0000,0.0000,Pass
D26-15,445,656,6.6399,-132.7390,21.9551,94.4647,378.5830,0.0000,0.0000,Pass
D26-15,445,657,7.0298,-132.7370,21.0149,91.6969,346.8510,0.0000,0.0000,Pass
D26-15,445,684,6.0586,-132.7590,21.1111,92.1384,350.0360,0.0000,0.0000,Pass
D26-15,445,700,6.2983,-132.7850,22.4122,92.4301,394.5100,0.0000,0.0000,Pass
D26-15,445,702,6.6400,-132.7900,21.7301,95.8478,370.8640,0.0000,0.0000,Pass
D26-15,445,703,6.7508,-132.7900,22.1743,93.5606,386.1790,0.0000,0.0000,Pass
D26-15,445,704,6.7987,-132.7900,22.6992,93.6263,404.6800,0.0000,0.0000,Pass
D26-15,445,705,6.8716,-132.7890,22.7267,93.2475,405.6600,0.0000,0.0000,Pass
D26-15,445,706,6.9195,-132.7890,23.3329,94.5352,427.5910,0.0000,0.0000,Pass
D26-15,445,707,7.0302,-132.7890,21.1148,94.9924,350.1590,0.0000,0.0000,Pass
D26-15,445,708,7.2108,-132.7880,21.0482,95.8037,347.9530,0.0000,0.0000,Pass
D26-15,445,731,6.0201,-132.7980,20.8733,97.0212,342.1950,0.0000,0.0000,Pass
D26-15,445,732,6.0977,-132.7980,21.0000,94.4947,346.3610,0.0000,0.0000,Pass
D26-15,445,786,6.3714,-132.8120,22.0579,95.9536,382.1360,0.0000,0.0000,Pass
D26-15,445,787,6.4837,-132.8110,21.3572,96.7254,358.2450,0.0000,0.0000,Pass
D26-15,445,798,7.1719,-132.8270,21.2437,95.1987,354.4470,0.0000,0.0000,Pass
D26-15,445,832,6.0590,-132.8370,20.8135,93.3042,340.2350,0.0000,0.0000,Pass
D26-15,445,833,5.9468,-132.8550,20.8434,94.0004,341.2150,0.0000,0.0000,Pass
D26-15,445,834,6.1851,-132.8600,20.9777,97.1248,345.6260,0.0000,0.0000,Pass
D26-15,445,835,6.9197,-132.8670,23.0470,94.6092,417.1760,0.0000,0.0000,Pass
D26-15,445,848,6.6404,-132.8680,19.6293,96.2234,302.6210,0.0000,0.0000,Pass
D26-15,445,849,6.7511,-132.8680,22.0862,97.4496,383.1160,0.0000,0.0000,Pass
D26-15,445,850,6.7993,-132.8680,22.6786,94.9813,403.9440,0.0000,0.0000,Pass
D26-15,445,851,6.8719,-132.8670,22.6820,92.7747,404.0670,0.0000,0.0000,Pass
D26-15,445,852,7.0303,-132.8670,21.2511,93.5872,354.6920,0.0000,0.0000,Pass
D26-15,445,853,7.2112,-132.8660,21.4483,96.5984,361.3080,0.0000,0.0000,Pass
D26-15,445,925,5.9859,-132.8940,20.6630,94.7437,335.3340,0.0000,0.0000,Pass
D26-15,445,935,6.1460,-132.8990,20.2512,96.1780,322.1020,0.0000,0.0000,Pass
D26-15,445,936,6.2241,-132.8990,20.1934,92.3173,320.2640,0.0000,0.0000,Pass
D26-15,445,977,6.1853,-132.9380,20.8135,95.8261,340.2350,0.0000,0.0000,Pass
D26-15,445,978,6.0594,-132.9590,21.2547,93.2253,354.8140,0.0000,0.0000,Pass
D26-15,445,979,5.9474,-132.9650,20.9405,94.0208,344.4000,0.0000,0.0000,Pass
D26-15,445,1000,6.6109,-132.9900,20.8733,93.9809,342.1950,0.0000,0.0000,Pass
D26-15,445,1001,6.8110,-132.9890,22.6786,95.6501,403.9440,0.0000,0.0000,Pass
D26-15,445,1002,7.0111,-132.9890,20.8995,94.0783,343.0530,0.0000,0.0000,Pass
D26-15,445,1003,7.2116,-132.9880,20.9703,93.5819,345.3800,0.0000,0.0000,Pass
D26-15,445,1039,6.0207,-132.9980,20.8322,92.8173,340.8470,0.0000,0.0000,Pass
D26-15,445,1040,6.0986,-132.9980,20.9069,94.0219,343.2980,0.0000,0.0000,Pass
D26-15,445,1042,6.5721,-133.0300,22.1637,95.2546,385.8120,0.0000,0.0000,Pass
D26-15,445,1043,6.6500,-133.0290,21.9409,98.1151,378.0930,0.0000,0.0000,Pass
D26-15,445,1044,6.7722,-133.0290,22.1813,94.0608,386.4240,0.0000,0.0000,Pass
D26-15,445,1045,6.8501,-133.0280,22.8294,93.7411,409.3350,0.0000,0.0000,Pass
D26-15,445,1046,6.9724,-133.0280,21.3390,94.5080,357.6320,0.0000,0.0000,Pass
D26-15,445,1047,7.0504,-133.0270,20.6668,90.7203,335.4560,0.0000,0.0000,Pass
D26-15,445,1048,7.1728,-133.0270,21.0334,93.4584,347.4630,0.0000,0.0000,Pass
D26-15,445,1137,5.9477,-133.0430,20.8771,91.9228,342.3180,0.0000,0.0000,Pass
D26-15,445,1142,6.6112,-133.0680,21.1333,97.6054,350.7710,0.0000,0.0000,Pass
D26-15,445,1143,7.2120,-133.0660,21.2987,96.2413,356.2850,0.1700,0.1700,Pass
D26-15,445,1157,6.8116,-133.0670,22.8055,95.3063,408.4780,0.0000,0.0000,Pass
D26-15,445,1158,7.0117,-133.0660,20.6932,94.2288,336.3140,0.0000,0.0000,Pass
D26-15,445,1193,6.0600,-133.0750,20.7421,95.2934,337.9070,0.0000,0.0000,Pass
D26-15,445,1196,6.7116,-133.0900,21.9160,94.9898,377.2350,0.0000,0.0000,Pass
D26-15,445,1197,6.9115,-133.0890,21.8518,95.7682,375.0300,0.0000,0.0000,Pass
D26-15,445,1198,7.1119,-133.0880,20.9442,95.3605,344.5230,0.0000,0.0000,Pass
D26-15,445,1233,6.3913,-133.1020,22.9996,95.0179,415.4610,0.0000,0.0000,Pass
D26-15,445,1240,6.0213,-133.1140,20.6328,94.7217,334.3540,0.0000,0.0000,Pass
D26-15,445,1241,6.0991,-133.1140,20.8883,94.6014,342.6850,0.0000,0.0000,Pass
D26-15,445,1259,6.6724,-133.1290,22.4087,96.4294,394.3880,0.0000,0.0000,Pass
D26-15,445,1260,6.7506,-133.1290,22.6062,94.5385,401.3720,0.0000,0.0000,Pass
D26-15,445,1261,6.8726,-133.1280,22.5198,97.3023,398.3090,0.0000,0.0000,Pass
D26-15,445,1262,6.9508,-133.1280,20.8060,91.9844,339.9900,0.0000,0.0000,Pass
D26-15,445,1263,7.0731,-133.1270,20.9777,94.7158,345.6260,0.0000,0.0000,Pass
D26-15,445,1264,7.1509,-133.1270,21.0111,93.9755,346.7280,0.0000,0.0000,Pass
D26-15,445,1334,6.2868,-133.1610,20.5912,93.8762,333.0060,0.0000,0.0000,Pass
D26-15,445,1335,6.4964,-133.1600,22.8294,96.4743,409.3350,0.0000,0.0000,Pass
D26-15,445,1343,6.7118,-133.1680,22.9317,97.5804,413.0110,0.0000,0.0000,Pass
D26-15,445,1344,6.9118,-133.1670,21.2033,94.5085,353.0990,0.0000,0.0000,Pass
D26-15,445,1345,7.1122,-133.1660,20.9517,93.9719,344.7680,0.0000,0.0000,Pass
D26-15,445,1388,6.0603,-133.1850,21.1665,94.8267,351.8740,0.0000,0.0000,Pass
D26-15,445,1390,6.6119,-133.1900,22.5198,99.4941,398.3090,0.0000,0.0000,Pass
D26-15,445,1391,6.8117,-133.1890,22.4331,97.5403,395.2460,0.0000,0.0000,Pass
D26-15,445,1392,7.0122,-133.1890,20.6668,94.6260,335.4560,0.0000,0.0000,Pass
D26-15,445,1393,7.2124,-133.1880,20.9368,96.5284,344.2780,0.0000,0.0000,Pass
D26-15,445,1435,6.0216,-133.2240,20.8546,92.4491,341.5820,0.0000,0.0000,Pass
D26-15,445,1436,6.0994,-133.2240,21.4083,94.4678,359.9600,0.0000,0.0000,Pass
D26-15,445,1441,6.5729,-133.2300,22.5164,96.1215,398.1860,0.0000,0.0000,Pass
D26-15,445,1442,6.6509,-133.2290,22.7713,97.6415,407.2530,0.0000,0.0000,Pass
D26-15,445,1443,6.7732,-133.2280,21.3280,93.9909,357.2650,0.0000,0.0000,Pass
D26-15,445,1444,6.8509,-133.2280,20.9293,96.5805,344.0330,0.0000,0.0000,Pass
D26-15,445,1445,6.9732,-133.2280,20.9293,94.7899,344.0330,0.0000,0.0000,Pass
D26-15,445,1446,7.0514,-133.2270,20.9032,92.3232,343.1750,0.0000,0.0000,Pass
D26-15,445,1447,7.1735,-133.2270,20.7872,92.6584,339.3770,0.0000,0.0000,Pass
D26-15,445,1519,6.3919,-133.2350,20.5798,94.8349,332.6390,0.0000,0.0000,Pass
D26-15,445,1522,6.2870,-133.2390,20.4315,95.2544,327.8600,0.0000,0.0000,Pass
D26-15,445,1523,6.4969,-133.2370,21.4483,93.9716,361.3080,0.0000,0.0000,Pass
D26-15,445,1543,6.0606,-133.2630,21.2584,92.3599,354.9370,0.0000,0.0000,Pass
D26-15,445,1544,6.6121,-133.2680,21.0519,95.4219,348.0760,0.3500,0.3500,Pass
D26-15,445,1545,6.8123,-133.2680,21.2290,96.0694,353.9570,0.0000,0.0000,Pass
D26-15,445,1546,7.0126,-133.2670,20.7196,94.9161,337.1720,0.0000,0.0000,Pass
D26-15,445,1547,7.2127,-133.2660,21.2584,95.8757,354.9370,0.0000,0.0000,Pass
D26-15,445,1588,6.7122,-133.2900,20.7534,92.7355,338.2740,0.0000,0.0000,Pass
D26-15,445,1626,6.2874,-133.3100,20.2820,94.2021,323.0820,0.0000,0.0000,Pass
D26-15,445,1627,6.4971,-133.3100,20.6706,95.0047,335.5790,0.0000,0.0000,Pass
D26-15,445,1646,6.6735,-133.3290,20.7872,96.8415,339.3770,0.0000,0.0000,Pass
D26-15,445,1647,6.7514,-133.3290,20.5874,96.1390,332.8840,0.0000,0.0000,Pass
D26-15,445,1648,6.8736,-133.3280,20.9219,94.5264,343.7880,0.0000,0.0000,Pass
D26-15,445,1649,6.9515,-133.3280,20.6366,94.7841,334.4760,0.0000,0.0000,Pass
D26-15,445,1650,7.0741,-133.3280,20.9479,95.9440,344.6450,0.0000,0.0000,Pass
D26-15,445,1651,7.1518,-133.3270,21.1959,94.7785,352.8540,0.0000,0.0000,Pass
D26-15,445,1717,6.0221,-133.3340,20.5874,96.1828,332.8840,0.0000,0.0000,Pass
D26-15,445,1733,6.3925,-133.3680,20.4047,94.0508,327.0030,0.0000,0.0000,Pass
D26-15,445,1736,6.7126,-133.3680,20.3665,96.0439,325.7770,0.0000,0.0000,Pass
D26-15,445,1737,6.9129,-133.3670,20.5760,96.5918,332.5160,0.0000,0.0000,Pass
D26-15,445,1738,7.1130,-133.3660,20.7233,95.8977,337.2940,0.0000,0.0000,Pass
D26-15,445,1783,6.2877,-133.3890,20.1702,93.4517,319.5290,0.0000,0.0000,Pass
D26-15,445,1784,6.4975,-133.3880,20.3013,94.8018,323.6950,0.0000,0.0000,Pass
D26-15,445,1788,6.6127,-133.3900,20.2628,96.7700,322.4690,0.0000,0.0000,Pass
D26-15,445,1789,6.8128,-133.3900,20.7534,95.9010,338.2740,0.0000,0.0000,Pass
D26-15,445,1790,7.0132,-133.3890,20.8247,94.7006,340.6020,0.0000,0.0000,Pass
D26-15,445,1791,7.2134,-133.3880,20.7271,95.0857,337.4170,0.0000,0.0000,Pass
D26-15,445,1838,6.5739,-133.4300,20.6592,97.9375,335.2110,0.0000,0.0000,Pass
D26-15,445,1839,6.6517,-133.4290,20.9256,96.7229,343.9100,0.0000,0.0000,Pass
D26-15,445,1840,6.7739,-133.4290,20.4544,97.8196,328.5950,0.0000,0.0000,Pass
D26-15,445,1841,6.8518,-133.4280,20.9368,95.1847,344.2780,0.0000,0.0000,Pass
D26-15,445,1842,6.9743,-133.4280,20.9963,93.4295,346.2380,0.0000,0.0000,Pass
D26-15,445,1843,7.0522,-133.4280,21.0334,95.0958,347.4630,0.0000,0.0000,Pass
D26-15,445,1844,7.1749,-133.4270,20.7609,93.7798,338.5190,0.0000,0.0000,Pass
D26-15,445,1916,6.0227,-133.4450,20.9032,94.5353,343.1750,0.0000,0.0000,Pass
D26-15,445,1917,6.3927,-133.4460,20.4124,95.4855,327.2480,0.0000,0.0000,Pass
D26-15,445,1933,6.6128,-133.4680,20.6932,94.0027,336.3140,0.0000,0.0000,Pass
D26-15,445,1934,7.0135,-133.4670,21.0334,93.7393,347.4630,0.0000,0.0000,Pass
D26-15,445,1935,7.2137,-133.4660,20.7120,95.5284,336.9270,0.0000,0.0000,Pass
D26-15,445,1946,6.8131,-133.4680,20.6328,95.5087,334.3540,0.0000,0.0000,Pass
D26-15,445,1979,6.7132,-133.4900,20.5950,97.1730,333.1290,0.0000,0.0000,Pass
D26-15,445,1980,7.1135,-133.4890,20.8097,95.3535,340.1120,0.0000,0.0000,Pass
D26-15,445,2015,5.9494,-133.5170,20.9032,91.4000,343.1750,0.0000,0.0000,Pass
D26-15,445,2035,6.6743,-133.5290,21.2180,98.1228,353.5890,0.0000,0.0000,Pass
D26-15,445,2036,6.7522,-133.5290,20.7647,97.2763,338.6420,0.0000,0.0000,Pass
D26-15,445,2037,6.8746,-133.5280,20.4353,95.6412,327.9830,0.0000,0.0000,Pass
D26-15,445,2038,6.9525,-133.5280,20.7346,98.4777,337.6620,0.0000,0.0000,Pass
D26-15,445,2039,7.0749,-133.5280,20.8584,96.6230,341.7050,0.0000,0.0000,Pass
D26-15,445,2040,7.1528,-133.5270,20.6668,95.9710,335.4560,0.0000,0.0000,Pass
D26-15,445,2108,6.0230,-133.5550,20.5191,91.2377,330.6780,0.0000,0.0000,Pass
D26-15,445,2114,6.7135,-133.5680,20.8359,92.6391,340.9700,0.0000,0.0000,Pass
D26-15,445,2115,6.9138,-133.5670,20.5077,96.6956,330.3110,0.0000,0.0000,Pass
D26-15,445,2116,7.1140,-133.5660,20.7384,96.0574,337.7840,0.0000,0.0000,Pass
D26-15,445,2157,5.9499,-133.5940,21.2401,94.2662,354.3240,0.0000,0.0000,Pass
D26-15,445,2158,6.2134,-133.5930,20.1973,93.2917,320.3870,0.0000,0.0000,Pass
D26-15,445,2159,6.4133,-133.5920,20.6668,95.0864,335.4560,0.0000,0.0000,Pass
D26-15,445,2160,6.8137,-133.5900,20.4658,99.1730,328.9630,0.0000,0.0000,Pass
D26-15,445,2161,7.2143,-133.5880,20.5722,97.3255,332.3930,0.0000,0.0000,Pass
D26-15,445,2196,6.0620,-133.6260,21.0260,92.3596,347.2180,0.0000,0.0000,Pass
D26-15,445,2197,6.1747,-133.6320,20.8247,94.9315,340.6020,0.0000,0.0000,Pass
D26-15,445,2198,6.2526,-133.6320,20.8472,94.2751,341.3370,0.0000,0.0000,Pass
D26-15,445,2199,6.3749,-133.6310,20.5039,96.5587,330.1880,0.0000,0.0000,Pass
D26-15,445,2200,6.4527,-133.6310,20.8472,96.4683,341.3370,0.0000,0.0000,Pass
D26-15,445,2201,6.5748,-133.6300,20.8808,98.6488,342.4400,0.0000,0.0000,Pass
D26-15,445,2202,6.6525,-133.6300,21.0000,97.7021,346.3610,0.0000,0.0000,Pass
D26-15,445,2203,6.7749,-133.6290,20.7007,98.9957,336.5590,0.0000,0.0000,Pass
D26-15,445,2204,6.8529,-133.6290,20.7534,95.8966,338.2740,0.0000,0.0000,Pass
D26-15,445,2205,6.9752,-133.6280,20.3703,95.5352,325.9000,0.0000,0.0000,Pass
D26-15,445,2206,7.0530,-133.6280,20.4810,98.6552,329.4530,0.0000,0.0000,Pass
D26-15,445,2207,7.1754,-133.6270,20.5684,94.0692,332.2710,0.0000,0.0000,Pass
D26-15,445,2300,6.0236,-133.6650,20.8322,93.3803,340.8470,0.0000,0.0000,Pass
D26-15,445,2301,6.1014,-133.6650,21.0482,95.1934,347.9530,0.0000,0.0000,Pass
D26-15,445,2304,6.2139,-133.6710,20.5305,96.4436,331.0460,0.0000,0.0000,Pass
D26-15,445,2305,6.6138,-133.6690,21.3755,97.7099,358.8580,0.0000,0.0000,Pass
D26-15,445,2306,7.0144,-133.6670,20.6025,97.8509,333.3740,0.0000,0.0000,Pass
D26-15,445,2342,6.3140,-133.6920,20.7309,96.7892,337.5390,0.0000,0.0000,Pass
D26-15,445,2343,6.7140,-133.6900,20.8210,97.9544,340.4800,0.0000,0.0000,Pass
D26-15,445,2344,6.9144,-133.6890,20.5001,95.9181,330.0660,0.0000,0.0000,Pass
D26-15,445,2345,7.1146,-133.6890,20.7233,92.7881,337.2940,0.0000,0.0000,Pass
D26-15,445,2390,6.0624,-133.7040,20.9851,95.1274,345.8710,0.0000,0.0000,Pass
